# Captured with Scaniverse (https://scaniverse.com)
#
# Version: 5.2.0 (673)
# Mode: Detail (673)
# Unit: meter
# Latitude: 39.5429315
# Longitude: -119.8178266
# Elevation: 1398.8309
# Rotation: 331.40753 deg

mtllib Scaniverse_2026_03_01_221729.mtl

v 0.05153 0.00884 0.21090
v 0.05165 0.00818 0.21056
v 0.05141 0.00818 0.21059
v 0.04033 0.00240 0.17298
v 0.04203 0.00346 0.17352
v 0.04173 0.00167 0.17206
v 0.03978 0.00467 0.17465
v 0.04314 0.00203 0.17235
v 0.04061 0.00147 0.17200
v 0.04228 0.00754 0.17605
v 0.03812 0.00254 0.17360
v 0.04487 0.00352 0.17345
v 0.04266 0.00136 0.17163
v 0.03943 0.00148 0.17222
v 0.04123 0.00121 0.17141
v 0.03913 0.00701 0.17611
v 0.03657 0.00589 0.17616
v 0.04413 0.00174 0.17203
v 0.04340 0.00137 0.17160
v 0.04198 0.00117 0.17119
v 0.04167 0.00126 0.17155
v 0.03793 0.01021 0.17799
v 0.04985 0.00800 0.17645
v 0.03834 0.00134 0.17232
v 0.03585 0.00246 0.17440
v 0.04484 0.00185 0.17220
v 0.04299 0.00112 0.17101
v 0.03887 0.00110 0.17179
v 0.04072 0.01332 0.17934
v 0.04736 0.00295 0.17308
v 0.04446 0.01079 0.17769
v 0.03744 0.00139 0.17273
v 0.03687 0.00167 0.17339
v 0.03382 0.00345 0.17616
v 0.04572 0.00196 0.17227
v 0.04457 0.00135 0.17162
v 0.04404 0.00114 0.17103
v 0.03428 0.01016 0.17905
v 0.03820 0.01255 0.17908
v 0.04903 0.00292 0.17293
v 0.04550 0.01429 0.17932
v 0.03594 0.00132 0.17317
v 0.03360 0.00698 0.17784
v 0.03440 0.00191 0.17468
v 0.04510 0.00141 0.17171
v 0.03606 0.01183 0.17930
v 0.03783 0.01345 0.17979
v 0.03704 0.01257 0.17935
v 0.04670 0.00157 0.17185
v 0.04808 0.00203 0.17249
v 0.05063 0.00326 0.17301
v 0.04892 0.01588 0.17983
v 0.03676 0.00126 0.17290
v 0.03489 0.00134 0.17362
v 0.03199 0.00553 0.17841
v 0.03363 0.00183 0.17507
v 0.04565 0.00131 0.17134
v 0.04485 0.00116 0.17110
v 0.03530 0.01226 0.18018
v 0.03307 0.00869 0.17869
v 0.04328 0.01608 0.18050
v 0.03822 0.01431 0.18056
v 0.04749 0.00175 0.17224
v 0.04854 0.00177 0.17220
v 0.04975 0.00179 0.17141
v 0.05175 0.00380 0.17387
v 0.04693 0.01771 0.18095
v 0.05222 0.01550 0.18020
v 0.03531 0.00114 0.17309
v 0.03229 0.00788 0.17887
v 0.03223 0.00330 0.17728
v 0.03367 0.00127 0.17412
v 0.03315 0.00195 0.17558
v 0.04430 0.00103 0.17066
v 0.03622 0.01302 0.18014
v 0.03438 0.01183 0.18066
v 0.03262 0.00923 0.17921
v 0.04179 0.01721 0.18172
v 0.04500 0.01728 0.18093
v 0.03911 0.01580 0.18141
v 0.03691 0.01383 0.18066
v 0.03688 0.01335 0.17997
v 0.04638 0.00117 0.17087
v 0.04739 0.00136 0.17175
v 0.04798 0.00147 0.17195
v 0.04900 0.00173 0.17194
v 0.05135 0.00185 0.17125
v 0.05345 0.00399 0.17468
v 0.05211 0.00229 0.17237
v 0.04850 0.01826 0.18091
v 0.05057 0.01797 0.18075
v 0.05663 0.01369 0.18106
v 0.03140 0.00748 0.17955
v 0.03082 0.00372 0.17892
v 0.03271 0.00230 0.17627
v 0.03335 0.00108 0.17368
v 0.03293 0.00138 0.17484
v 0.03573 0.01299 0.18069
v 0.03366 0.01134 0.18005
v 0.03531 0.01287 0.18153
v 0.03237 0.00999 0.17998
v 0.04374 0.01751 0.18147
v 0.03713 0.01493 0.18191
v 0.04707 0.00123 0.17133
v 0.04852 0.00138 0.17162
v 0.04902 0.00144 0.17146
v 0.05288 0.00262 0.17320
v 0.05768 0.00566 0.17768
v 0.04790 0.01856 0.18133
v 0.04941 0.01821 0.18063
v 0.04583 0.01815 0.18143
v 0.05291 0.01860 0.18167
v 0.05505 0.01780 0.18192
v 0.03177 0.00881 0.17968
v 0.03092 0.00608 0.17976
v 0.03120 0.00517 0.17903
v 0.03161 0.00200 0.17678
v 0.03241 0.00159 0.17570
v 0.03642 0.01382 0.18137
v 0.03351 0.01105 0.17962
v 0.03363 0.01162 0.18103
v 0.03416 0.01206 0.18243
v 0.03307 0.01084 0.17975
v 0.04350 0.01790 0.18228
v 0.03942 0.01818 0.18283
v 0.04471 0.01795 0.18164
v 0.03777 0.01675 0.18269
v 0.04714 0.00113 0.17082
v 0.04778 0.00122 0.17125
v 0.04866 0.00129 0.17082
v 0.05264 0.00160 0.17104
v 0.05381 0.00242 0.17328
v 0.05518 0.00289 0.17403
v 0.05339 0.00182 0.17212
v 0.04751 0.01855 0.18162
v 0.04837 0.01873 0.18136
v 0.04922 0.01872 0.18100
v 0.04522 0.01804 0.18144
v 0.04647 0.01836 0.18165
v 0.05098 0.01897 0.18167
v 0.04989 0.01859 0.18075
v 0.05827 0.02044 0.18425
v 0.06265 0.01231 0.18408
v 0.03120 0.00846 0.18018
v 0.03083 0.00769 0.18043
v 0.03058 0.00180 0.17755
v 0.03200 0.00123 0.17499
v 0.03321 0.01125 0.17993
v 0.03315 0.01133 0.18045
v 0.03546 0.01340 0.18291
v 0.03151 0.00921 0.18037
v 0.03256 0.01074 0.18019
v 0.04421 0.01794 0.18200
v 0.04286 0.01833 0.18280
v 0.04186 0.02000 0.18385
v 0.03624 0.01619 0.18381
v 0.03620 0.01398 0.18235
v 0.05669 0.00282 0.17399
v 0.04700 0.01845 0.18176
v 0.04820 0.01877 0.18183
v 0.04891 0.01883 0.18144
v 0.04965 0.01878 0.18088
v 0.04540 0.01824 0.18190
v 0.04602 0.01840 0.18189
v 0.05250 0.01936 0.18231
v 0.05012 0.01878 0.18102
v 0.05547 0.01983 0.18290
v 0.06333 0.01982 0.18599
v 0.03042 0.00700 0.18095
v 0.03021 0.00551 0.18104
v 0.03001 0.00190 0.17842
v 0.03088 0.00143 0.17672
v 0.03124 0.00133 0.17605
v 0.03102 0.00114 0.17457
v 0.03315 0.01129 0.18135
v 0.03496 0.01372 0.18508
v 0.03173 0.00968 0.18118
v 0.03226 0.01044 0.18067
v 0.03288 0.01110 0.18013
v 0.04425 0.01797 0.18248
v 0.04396 0.01799 0.18296
v 0.03894 0.02053 0.18402
v 0.03720 0.01874 0.18401
v 0.04479 0.01807 0.18225
v 0.03615 0.01454 0.18310
v 0.05369 0.00145 0.17092
v 0.05440 0.00193 0.17262
v 0.05812 0.00271 0.17433
v 0.05546 0.00183 0.17223
v 0.04750 0.01860 0.18230
v 0.04972 0.01893 0.18137
v 0.04653 0.01844 0.18236
v 0.05151 0.01924 0.18239
v 0.05395 0.01966 0.18252
v 0.05689 0.02057 0.18382
v 0.06133 0.02367 0.18670
v 0.03104 0.00870 0.18088
v 0.03058 0.00799 0.18128
v 0.02995 0.00385 0.18088
v 0.02957 0.00217 0.18006
v 0.03013 0.00150 0.17777
v 0.03034 0.00126 0.17691
v 0.03074 0.00116 0.17573
v 0.03246 0.01056 0.18149
v 0.03266 0.01095 0.18065
v 0.03401 0.01157 0.18398
v 0.04349 0.01834 0.18364
v 0.04040 0.02256 0.18455
v 0.03548 0.01830 0.18542
v 0.05468 0.00149 0.17149
v 0.05945 0.00274 0.17580
v 0.05738 0.00185 0.17188
v 0.04775 0.01850 0.18316
v 0.04919 0.01886 0.18191
v 0.04952 0.01893 0.18157
v 0.04583 0.01834 0.18231
v 0.05067 0.01906 0.18239
v 0.05185 0.01928 0.18270
v 0.05336 0.01961 0.18283
v 0.05487 0.01999 0.18285
v 0.05618 0.02042 0.18358
v 0.05748 0.02097 0.18450
v 0.05946 0.02284 0.18574
v 0.03014 0.00684 0.18170
v 0.03027 0.00751 0.18158
v 0.02988 0.00478 0.18186
v 0.02910 0.00131 0.17850
v 0.02975 0.00131 0.17775
v 0.03013 0.00132 0.17740
v 0.03056 0.00118 0.17632
v 0.03021 0.00111 0.17620
v 0.03336 0.01097 0.18313
v 0.03403 0.01062 0.18526
v 0.03104 0.00877 0.18188
v 0.04472 0.01793 0.18304
v 0.04422 0.01784 0.18365
v 0.04148 0.02179 0.18429
v 0.03796 0.02267 0.18504
v 0.03721 0.02081 0.18464
v 0.04538 0.01816 0.18257
v 0.03534 0.01627 0.18497
v 0.03609 0.02028 0.18533
v 0.05465 0.00140 0.17076
v 0.05937 0.00202 0.17389
v 0.06059 0.00288 0.17753
v 0.05859 0.00196 0.17297
v 0.05594 0.00155 0.17124
v 0.04811 0.01844 0.18391
v 0.04962 0.01873 0.18328
v 0.04690 0.01814 0.18388
v 0.05453 0.01994 0.18302
v 0.05544 0.02019 0.18328
v 0.05678 0.02072 0.18423
v 0.05810 0.02158 0.18523
v 0.06004 0.02379 0.18652
v 0.05870 0.02215 0.18532
v 0.03005 0.00617 0.18234
v 0.03020 0.00773 0.18230
v 0.02966 0.00293 0.18170
v 0.02892 0.00135 0.17963
v 0.02973 0.00114 0.17712
v 0.03218 0.00960 0.18304
v 0.03335 0.01043 0.18408
v 0.03447 0.00985 0.18730
v 0.04203 0.02252 0.18486
v 0.03920 0.02397 0.18504
v 0.03497 0.01671 0.18579
v 0.03517 0.02047 0.18692
v 0.06067 0.00189 0.17500
v 0.06257 0.00298 0.17971
v 0.06094 0.00209 0.17648
v 0.05922 0.00173 0.17204
v 0.04579 0.01785 0.18394
v 0.05343 0.01950 0.18336
v 0.05521 0.02008 0.18347
v 0.05597 0.02036 0.18392
v 0.05743 0.02110 0.18503
v 0.05941 0.02337 0.18622
v 0.06050 0.02428 0.18695
v 0.05903 0.02288 0.18586
v 0.03013 0.00754 0.18227
v 0.02978 0.00382 0.18233
v 0.03003 0.00531 0.18287
v 0.02934 0.00187 0.18146
v 0.02838 0.00115 0.17959
v 0.02912 0.00149 0.18050
v 0.02876 0.00103 0.17690
v 0.03315 0.00929 0.18497
v 0.03424 0.01151 0.18977
v 0.03394 0.00896 0.18629
v 0.03083 0.00833 0.18286
v 0.04491 0.01763 0.18414
v 0.04134 0.02390 0.18512
v 0.04037 0.02443 0.18533
v 0.03835 0.02441 0.18542
v 0.03657 0.02167 0.18536
v 0.03460 0.01680 0.18715
v 0.03586 0.02154 0.18610
v 0.03493 0.01912 0.18645
v 0.03478 0.01819 0.18656
v 0.05928 0.00180 0.17283
v 0.06044 0.00175 0.17353
v 0.06278 0.00178 0.17783
v 0.04693 0.01744 0.18598
v 0.05046 0.01857 0.18457
v 0.04600 0.01750 0.18514
v 0.05441 0.01922 0.18520
v 0.05673 0.02065 0.18474
v 0.05781 0.02144 0.18600
v 0.05861 0.02242 0.18588
v 0.05959 0.02374 0.18681
v 0.06083 0.02470 0.18742
v 0.06003 0.02417 0.18699
v 0.03019 0.00740 0.18284
v 0.02983 0.00303 0.18275
v 0.03019 0.00601 0.18333
v 0.02957 0.00205 0.18256
v 0.02846 0.00107 0.17782
v 0.02872 0.00119 0.18026
v 0.03429 0.01580 0.18954
v 0.03440 0.00837 0.18945
v 0.03434 0.00828 0.18723
v 0.03130 0.00829 0.18374
v 0.04199 0.02382 0.18531
v 0.03933 0.02480 0.18541
v 0.03890 0.02454 0.18521
v 0.03732 0.02414 0.18617
v 0.03647 0.02284 0.18617
v 0.03572 0.02232 0.18708
v 0.03471 0.01928 0.18711
v 0.06179 0.00173 0.17616
v 0.06159 0.00169 0.17451
v 0.06463 0.00138 0.17976
v 0.06177 0.00162 0.17289
v 0.04858 0.01805 0.18523
v 0.05316 0.01885 0.18547
v 0.05524 0.01976 0.18426
v 0.05638 0.02035 0.18500
v 0.05708 0.02077 0.18560
v 0.05906 0.02310 0.18645
v 0.06030 0.02450 0.18737
v 0.06157 0.02511 0.18762
v 0.03045 0.00779 0.18311
v 0.03007 0.00435 0.18318
v 0.03033 0.00590 0.18378
v 0.02917 0.00154 0.18213
v 0.02889 0.00137 0.18148
v 0.02839 0.00113 0.18046
v 0.02769 0.00111 0.17952
v 0.03213 0.00814 0.18484
v 0.03328 0.00791 0.18628
v 0.03357 0.01336 0.19253
v 0.03350 0.00879 0.19188
v 0.03457 0.00816 0.18809
v 0.03397 0.00812 0.18675
v 0.03073 0.00785 0.18352
v 0.04110 0.02460 0.18553
v 0.03988 0.02519 0.18591
v 0.03869 0.02488 0.18544
v 0.03799 0.02494 0.18613
v 0.03437 0.01758 0.18845
v 0.03451 0.01847 0.18767
v 0.03518 0.02175 0.18850
v 0.03458 0.02034 0.18889
v 0.06454 0.00124 0.17886
v 0.06308 0.00151 0.17629
v 0.05019 0.01785 0.18646
v 0.05187 0.01855 0.18565
v 0.05563 0.01977 0.18528
v 0.05455 0.01910 0.18577
v 0.05721 0.02065 0.18662
v 0.05860 0.02246 0.18694
v 0.05954 0.02382 0.18808
v 0.05985 0.02416 0.18751
v 0.06040 0.02480 0.18810
v 0.06098 0.02523 0.18796
v 0.03053 0.00662 0.18387
v 0.03046 0.00734 0.18347
v 0.02998 0.00240 0.18335
v 0.03021 0.00337 0.18362
v 0.02926 0.00148 0.18278
v 0.02805 0.00115 0.18135
v 0.03396 0.01603 0.19262
v 0.03408 0.00675 0.19067
v 0.03447 0.00736 0.18860
v 0.03405 0.00759 0.18726
v 0.03445 0.00759 0.18784
v 0.03107 0.00735 0.18428
v 0.04143 0.02436 0.18533
v 0.04057 0.02513 0.18609
v 0.03921 0.02531 0.18597
v 0.03651 0.02394 0.18701
v 0.03752 0.02517 0.18697
v 0.03428 0.01843 0.18929
v 0.03610 0.02322 0.18708
v 0.03602 0.02361 0.18833
v 0.06287 0.00158 0.17412
v 0.06490 0.00112 0.17768
v 0.06669 0.00069 0.18085
v 0.04747 0.01711 0.18715
v 0.05384 0.01853 0.18688
v 0.05652 0.02014 0.18614
v 0.05790 0.02135 0.18742
v 0.06138 0.02553 0.18809
v 0.03065 0.00427 0.18441
v 0.02976 0.00179 0.18333
v 0.03140 0.00504 0.18559
v 0.02871 0.00124 0.18237
v 0.02426 0.00120 0.18053
v 0.03248 0.00746 0.18587
v 0.03207 0.01117 0.19434
v 0.03422 0.01762 0.19112
v 0.03324 0.01488 0.19425
v 0.03431 0.00691 0.18943
v 0.03352 0.00644 0.19201
v 0.03188 0.00684 0.18557
v 0.04009 0.02559 0.18660
v 0.03828 0.02533 0.18641
v 0.03688 0.02458 0.18705
v 0.03465 0.02091 0.19007
v 0.03539 0.02261 0.19013
v 0.06395 0.00146 0.17540
v 0.06571 0.00147 0.17255
v 0.06648 0.00065 0.17902
v 0.04930 0.01722 0.18751
v 0.05567 0.01912 0.18745
v 0.05491 0.01884 0.18708
v 0.05628 0.01960 0.18723
v 0.05749 0.02080 0.18734
v 0.05819 0.02162 0.19000
v 0.06003 0.02454 0.19061
v 0.06086 0.02536 0.18834
v 0.03037 0.00243 0.18413
v 0.03027 0.00186 0.18414
v 0.03075 0.00335 0.18469
v 0.03181 0.00562 0.18606
v 0.02938 0.00139 0.18355
v 0.02896 0.00123 0.18309
v 0.02701 0.00115 0.18124
v 0.02775 0.00106 0.18290
v 0.02142 0.00116 0.18168
v 0.03278 0.00682 0.18665
v 0.03364 0.00695 0.18748
v 0.03148 0.00651 0.19404
v 0.03272 0.01339 0.19440
v 0.03418 0.01760 0.19269
v 0.03373 0.01604 0.19406
v 0.03383 0.00576 0.18951
v 0.03398 0.00597 0.19128
v 0.03404 0.00661 0.18855
v 0.03423 0.00714 0.18798
v 0.03959 0.02591 0.18714
v 0.03661 0.02437 0.18715
v 0.03700 0.02508 0.18777
v 0.03792 0.02570 0.18737
v 0.03427 0.01862 0.19014
v 0.03443 0.01979 0.18966
v 0.03625 0.02434 0.18943
v 0.06623 0.00142 0.17409
v 0.06698 0.00062 0.17798
v 0.06716 0.00050 0.18023
v 0.06562 0.00111 0.17652
v 0.05083 0.01756 0.18738
v 0.05422 0.01811 0.18823
v 0.05630 0.01936 0.18828
v 0.05716 0.02019 0.18914
v 0.05956 0.02379 0.19150
v 0.06029 0.02484 0.18937
v 0.03129 0.00381 0.18566
v 0.03004 0.00161 0.18403
v 0.03206 0.00448 0.18691
v 0.02851 0.00112 0.18310
v 0.02537 0.00121 0.18233
v 0.02729 0.01115 0.19858
v 0.03138 0.01446 0.19617
v 0.03399 0.01702 0.19386
v 0.03443 0.01971 0.19133
v 0.03335 0.01635 0.19524
v 0.03388 0.00537 0.19070
v 0.03378 0.00547 0.19157
v 0.03320 0.00550 0.19236
v 0.03873 0.02573 0.18692
v 0.03655 0.02442 0.18756
v 0.03763 0.02566 0.18766
v 0.03499 0.02175 0.19184
v 0.03546 0.02288 0.19176
v 0.03655 0.02463 0.18828
v 0.06642 0.00126 0.17537
v 0.06734 0.00055 0.17868
v 0.06739 0.00053 0.18088
v 0.05117 0.01707 0.18832
v 0.05299 0.01792 0.18774
v 0.05508 0.01820 0.18903
v 0.05767 0.02060 0.19092
v 0.05869 0.02233 0.19136
v 0.06060 0.02511 0.19079
v 0.06020 0.02459 0.19203
v 0.06091 0.02541 0.18958
v 0.03044 0.00198 0.18461
v 0.03077 0.00255 0.18507
v 0.03023 0.00165 0.18450
v 0.03106 0.00292 0.18542
v 0.03225 0.00587 0.18656
v 0.02975 0.00143 0.18442
v 0.02877 0.00114 0.18406
v 0.02810 0.00103 0.18431
v 0.02314 0.00115 0.18421
v 0.03313 0.00580 0.18786
v 0.02765 0.00498 0.19738
v 0.03420 0.01790 0.19387
v 0.03446 0.01952 0.19261
v 0.03359 0.00485 0.18994
v 0.03286 0.00449 0.19230
v 0.03911 0.02604 0.18740
v 0.03716 0.02558 0.18886
v 0.03876 0.02611 0.18769
v 0.03834 0.02618 0.18822
v 0.03467 0.02044 0.19317
v 0.03644 0.02463 0.19106
v 0.06754 0.00138 0.17442
v 0.06747 0.00059 0.17785
v 0.06665 0.00099 0.17652
v 0.06800 0.00051 0.17939
v 0.06830 0.00052 0.18044
v 0.05307 0.01746 0.18861
v 0.05577 0.01861 0.18915
v 0.05428 0.01758 0.18931
v 0.05634 0.01913 0.18928
v 0.05677 0.01929 0.19049
v 0.05880 0.02232 0.19229
v 0.05976 0.02367 0.19302
v 0.03142 0.00292 0.18661
v 0.02548 0.00109 0.18471
v 0.02660 0.00106 0.18543
v 0.02043 0.00110 0.18665
v 0.02832 0.01589 0.19780
v 0.02609 0.00644 0.20112
v 0.03016 0.00342 0.19426
v 0.03398 0.01753 0.19471
v 0.03256 0.01659 0.19677
v 0.03296 0.00417 0.18892
v 0.03329 0.00406 0.19047
v 0.03368 0.00481 0.19121
v 0.03352 0.00489 0.19178
v 0.03190 0.00361 0.19292
v 0.03936 0.02622 0.18784
v 0.03790 0.02607 0.18860
v 0.03507 0.02195 0.19354
v 0.03538 0.02266 0.19350
v 0.03693 0.02538 0.18990
v 0.06820 0.00129 0.17525
v 0.06791 0.00066 0.17776
v 0.06860 0.00059 0.18129
v 0.06773 0.00106 0.17622
v 0.05285 0.01704 0.18913
v 0.05566 0.01808 0.19011
v 0.05495 0.01763 0.18989
v 0.05768 0.02026 0.19189
v 0.06130 0.02569 0.19000
v 0.06089 0.02523 0.19165
v 0.06036 0.02456 0.19258
v 0.03198 0.00284 0.18803
v 0.03027 0.00170 0.18534
v 0.03089 0.00217 0.18605
v 0.02916 0.00126 0.18548
v 0.02792 0.00111 0.18586
v 0.02446 0.00090 0.18903
v 0.02172 0.00106 0.18792
v 0.02500 0.01574 0.19871
v 0.03093 0.01674 0.19760
v 0.02548 0.00360 0.20033
v 0.02769 0.00208 0.19488
v 0.03420 0.01840 0.19490
v 0.03382 0.01745 0.19549
v 0.03348 0.01717 0.19619
v 0.03335 0.00427 0.19145
v 0.03260 0.00316 0.19180
v 0.03739 0.02581 0.18929
v 0.03898 0.02647 0.18842
v 0.03852 0.02634 0.18883
v 0.03497 0.02150 0.19392
v 0.03732 0.02577 0.19081
v 0.03691 0.02493 0.19379
v 0.07105 0.00107 0.17930
v 0.06969 0.00073 0.18062
v 0.05158 0.01654 0.18913
v 0.05374 0.01722 0.18945
v 0.05617 0.01856 0.19026
v 0.05465 0.01720 0.19013
v 0.05649 0.01831 0.19144
v 0.05885 0.02179 0.19336
v 0.05984 0.02332 0.19380
v 0.06132 0.02558 0.19108
v 0.06079 0.02471 0.19307
v 0.06029 0.02413 0.19347
v 0.03085 0.00182 0.18738
v 0.02642 0.00104 0.18707
v 0.02410 0.00090 0.18941
v 0.01796 0.00112 0.18993
v 0.02450 0.01396 0.19954
v 0.02640 0.01762 0.19795
v 0.02950 0.01753 0.19803
v 0.02549 0.00438 0.20209
v 0.02550 0.00238 0.19801
v 0.03135 0.00231 0.19287
v 0.03018 0.00190 0.19337
v 0.03355 0.01767 0.19723
v 0.03240 0.01736 0.19795
v 0.03267 0.00297 0.18960
v 0.03305 0.00384 0.19170
v 0.03207 0.00247 0.19224
v 0.03804 0.02620 0.18939
v 0.03536 0.02216 0.19507
v 0.03494 0.02131 0.19457
v 0.03734 0.02589 0.19026
v 0.03678 0.02389 0.19739
v 0.07005 0.00140 0.17526
v 0.06910 0.00113 0.17646
v 0.06964 0.00104 0.17737
v 0.05295 0.01647 0.18983
v 0.05377 0.01681 0.18995
v 0.05581 0.01756 0.19105
v 0.05524 0.01737 0.19054
v 0.05720 0.01885 0.19253
v 0.06134 0.02543 0.19182
v 0.03250 0.00296 0.18888
v 0.03154 0.00195 0.18858
v 0.03055 0.00169 0.18629
v 0.02996 0.00144 0.18648
v 0.02890 0.00121 0.18716
v 0.02737 0.00097 0.19038
v 0.02306 0.00096 0.19051
v 0.02032 0.00105 0.19239
v 0.02441 0.01818 0.19836
v 0.02791 0.01811 0.19796
v 0.03064 0.01782 0.19833
v 0.02512 0.00314 0.20198
v 0.02572 0.00538 0.20337
v 0.02449 0.00205 0.19991
v 0.02464 0.00148 0.19638
v 0.03001 0.00124 0.19268
v 0.03393 0.01797 0.19607
v 0.03460 0.01988 0.19503
v 0.03151 0.01757 0.19824
v 0.03248 0.00262 0.19063
v 0.03303 0.00356 0.19122
v 0.03215 0.00211 0.19156
v 0.03767 0.02613 0.19002
v 0.03918 0.02644 0.18880
v 0.03872 0.02638 0.18971
v 0.03788 0.02619 0.19077
v 0.03746 0.02566 0.19266
v 0.03770 0.02527 0.19690
v 0.07116 0.00129 0.17705
v 0.05185 0.01604 0.18977
v 0.05484 0.01679 0.19066
v 0.05650 0.01756 0.19225
v 0.05828 0.02019 0.19359
v 0.05922 0.02165 0.19418
v 0.06058 0.02397 0.19440
v 0.06172 0.02519 0.19271
v 0.06188 0.02574 0.19137
v 0.06092 0.02442 0.19399
v 0.03216 0.00233 0.18906
v 0.03084 0.00152 0.18883
v 0.02782 0.00097 0.19117
v 0.01612 0.00091 0.19294
v 0.02170 0.00098 0.19154
v 0.02434 0.00103 0.19145
v 0.01910 0.00105 0.19251
v 0.02566 0.01843 0.19799
v 0.02250 0.01772 0.19910
v 0.02918 0.01833 0.19845
v 0.02549 0.00351 0.20342
v 0.02462 0.00228 0.20131
v 0.02433 0.00164 0.19869
v 0.03114 0.00156 0.19244
v 0.03177 0.00180 0.19208
v 0.02581 0.00139 0.19457
v 0.03043 0.00134 0.19259
v 0.02838 0.00129 0.19304
v 0.03431 0.01883 0.19572
v 0.03416 0.01845 0.19661
v 0.03329 0.01762 0.19835
v 0.03210 0.01772 0.19869
v 0.03229 0.00230 0.18972
v 0.03808 0.02629 0.19003
v 0.03508 0.02105 0.19614
v 0.03632 0.02289 0.19807
v 0.03787 0.02618 0.19141
v 0.03791 0.02582 0.19486
v 0.03755 0.02432 0.19874
v 0.05279 0.01553 0.19047
v 0.05353 0.01612 0.19040
v 0.05544 0.01683 0.19120
v 0.05702 0.01773 0.19315
v 0.05752 0.01863 0.19339
v 0.05991 0.02253 0.19462
v 0.06046 0.02339 0.19487
v 0.03168 0.00185 0.18970
v 0.02991 0.00136 0.18759
v 0.02929 0.00119 0.18948
v 0.02989 0.00118 0.19093
v 0.02257 0.00100 0.19224
v 0.02005 0.00107 0.19495
v 0.02530 0.01908 0.19823
v 0.02665 0.01866 0.19793
v 0.02269 0.01899 0.19873
v 0.02832 0.01878 0.19839
v 0.03022 0.01830 0.19883
v 0.03141 0.01799 0.19875
v 0.02484 0.00209 0.20266
v 0.02588 0.00518 0.20456
v 0.02346 0.00133 0.19981
v 0.02687 0.00133 0.19353
v 0.02462 0.00128 0.19487
v 0.02356 0.00130 0.19826
v 0.03006 0.00118 0.19194
v 0.02797 0.00104 0.19190
v 0.03461 0.01935 0.19661
v 0.03431 0.01848 0.19743
v 0.03404 0.01792 0.19830
v 0.03274 0.01760 0.19868
v 0.03163 0.00166 0.19096
v 0.03183 0.00164 0.19160
v 0.03936 0.02639 0.18959
v 0.03839 0.02634 0.19074
v 0.03819 0.02632 0.19154
v 0.03809 0.02605 0.19344
v 0.03806 0.02613 0.19239
v 0.03819 0.02581 0.19669
v 0.03836 0.02542 0.19860
v 0.05221 0.01531 0.19040
v 0.05436 0.01620 0.19079
v 0.05584 0.01665 0.19183
v 0.05519 0.01619 0.19142
v 0.05661 0.01685 0.19277
v 0.05932 0.02124 0.19456
v 0.05784 0.01870 0.19388
v 0.06099 0.02421 0.19457
v 0.06098 0.02391 0.19499
v 0.06154 0.02431 0.19459
v 0.06255 0.02565 0.19185
v 0.03007 0.00129 0.18899
v 0.03054 0.00135 0.19013
v 0.01716 0.00087 0.19634
v 0.02386 0.00117 0.19306
v 0.02184 0.00119 0.19454
v 0.02166 0.00113 0.19347
v 0.02394 0.01931 0.19864
v 0.02700 0.01817 0.19782
v 0.02938 0.01858 0.19917
v 0.03088 0.01817 0.19878
v 0.03144 0.00144 0.19175
v 0.03089 0.00128 0.19202
v 0.02635 0.00122 0.19311
v 0.02505 0.00122 0.19383
v 0.02327 0.00124 0.19503
v 0.02205 0.00112 0.19720
v 0.03367 0.01766 0.19874
v 0.03330 0.01759 0.19900
v 0.03192 0.01793 0.19924
v 0.03263 0.01769 0.19936
v 0.03900 0.02635 0.19071
v 0.03588 0.02153 0.19871
v 0.03505 0.02000 0.19744
v 0.03701 0.02264 0.20027
v 0.03878 0.02643 0.19535
v 0.03842 0.02582 0.19771
v 0.03897 0.02439 0.20187
v 0.05240 0.01477 0.19077
v 0.05367 0.01543 0.19089
v 0.05726 0.01669 0.19359
v 0.05772 0.01803 0.19386
v 0.05870 0.01982 0.19433
v 0.05824 0.01918 0.19416
v 0.06063 0.02280 0.19535
v 0.06029 0.02193 0.19520
v 0.06085 0.02344 0.19534
v 0.06232 0.02466 0.19393
v 0.06231 0.02510 0.19304
v 0.03085 0.00129 0.19133
v 0.01577 0.00086 0.19502
v 0.01891 0.00100 0.19703
v 0.02483 0.01957 0.19862
v 0.02627 0.01936 0.19823
v 0.02294 0.01947 0.19887
v 0.02837 0.01891 0.19899
v 0.03077 0.01829 0.19900
v 0.03053 0.01835 0.19943
v 0.03124 0.01817 0.19916
v 0.02238 0.00106 0.19925
v 0.03400 0.01761 0.19919
v 0.03152 0.01810 0.19901
v 0.03976 0.02622 0.19022
v 0.03863 0.02637 0.19136
v 0.03641 0.02197 0.19977
v 0.03864 0.02634 0.19214
v 0.03910 0.02655 0.19448
v 0.03861 0.02631 0.19343
v 0.03873 0.02626 0.19642
v 0.03867 0.02612 0.19709
v 0.03894 0.02483 0.20099
v 0.03846 0.02578 0.19810
v 0.05305 0.01457 0.19105
v 0.05458 0.01556 0.19132
v 0.05532 0.01488 0.19223
v 0.05653 0.01612 0.19294
v 0.05924 0.02059 0.19465
v 0.05851 0.01883 0.19447
v 0.05991 0.02118 0.19502
v 0.06125 0.02370 0.19546
v 0.06279 0.02521 0.19271
v 0.02254 0.00125 0.19444
v 0.01683 0.00060 0.20006
v 0.02432 0.01970 0.19903
v 0.02558 0.01957 0.19851
v 0.02703 0.01920 0.19813
v 0.02755 0.01889 0.19801
v 0.02203 0.01919 0.19881
v 0.02350 0.01959 0.19913
v 0.02788 0.01910 0.19933
v 0.02796 0.01907 0.19836
v 0.02975 0.01859 0.20030
v 0.03341 0.01751 0.19953
v 0.03311 0.01752 0.20005
v 0.03996 0.02612 0.19111
v 0.03936 0.02630 0.19166
v 0.03607 0.02110 0.19982
v 0.03822 0.02301 0.20233
v 0.03701 0.02143 0.20171
v 0.03912 0.02657 0.19562
v 0.03893 0.02615 0.19758
v 0.03899 0.02548 0.19966
v 0.03916 0.02497 0.20156
v 0.03899 0.02585 0.19871
v 0.05256 0.01438 0.19113
v 0.05356 0.01430 0.19141
v 0.05460 0.01493 0.19165
v 0.05591 0.01541 0.19251
v 0.05704 0.01605 0.19355
v 0.05820 0.01695 0.19427
v 0.05917 0.01932 0.19472
v 0.06115 0.02324 0.19568
v 0.06076 0.02227 0.19553
v 0.06101 0.02173 0.19560
v 0.06139 0.02399 0.19519
v 0.06308 0.02480 0.19335
v 0.06344 0.02523 0.19229
v 0.02517 0.01974 0.19900
v 0.02631 0.01956 0.19844
v 0.02797 0.01876 0.19807
v 0.02197 0.01883 0.19888
v 0.02260 0.01952 0.19897
v 0.02284 0.01953 0.19918
v 0.02733 0.01931 0.19839
v 0.02793 0.01900 0.19817
v 0.03118 0.01818 0.20125
v 0.03231 0.01783 0.20055
v 0.03911 0.02304 0.20371
v 0.03917 0.02644 0.19304
v 0.03934 0.02651 0.19373
v 0.03954 0.02653 0.19499
v 0.03920 0.02652 0.19636
v 0.03917 0.02636 0.19680
v 0.03957 0.02535 0.20063
v 0.03929 0.02494 0.20179
v 0.03946 0.02511 0.20154
v 0.03915 0.02610 0.19821
v 0.05308 0.01414 0.19134
v 0.05593 0.01498 0.19288
v 0.05658 0.01557 0.19333
v 0.05763 0.01632 0.19400
v 0.05965 0.02038 0.19490
v 0.05922 0.01747 0.19478
v 0.06123 0.02258 0.19576
v 0.02467 0.01977 0.19955
v 0.02397 0.01970 0.19952
v 0.02585 0.01969 0.19894
v 0.02760 0.01917 0.19822
v 0.02185 0.01914 0.19890
v 0.02219 0.01936 0.19908
v 0.02319 0.01942 0.19986
v 0.02688 0.01938 0.19981
v 0.02848 0.01902 0.20073
v 0.03293 0.01769 0.20093
v 0.04036 0.02596 0.19222
v 0.03954 0.02636 0.19248
v 0.03936 0.02412 0.20276
v 0.03941 0.02659 0.19438
v 0.03943 0.02657 0.19559
v 0.03960 0.02650 0.19615
v 0.03947 0.02617 0.19801
v 0.03936 0.02564 0.19972
v 0.03928 0.02510 0.20163
v 0.03958 0.02467 0.20239
v 0.03954 0.02583 0.19917
v 0.05275 0.01416 0.19142
v 0.05343 0.01405 0.19155
v 0.05450 0.01439 0.19206
v 0.05556 0.01453 0.19301
v 0.05703 0.01568 0.19387
v 0.05747 0.01588 0.19415
v 0.05818 0.01628 0.19443
v 0.05972 0.01899 0.19494
v 0.05876 0.01701 0.19457
v 0.02498 0.01976 0.20022
v 0.02172 0.01895 0.19897
v 0.02891 0.01884 0.20184
v 0.03329 0.01761 0.20156
v 0.04005 0.02392 0.20387
v 0.03962 0.02645 0.19293
v 0.03972 0.02643 0.19333
v 0.03976 0.02647 0.19416
v 0.03990 0.02638 0.19611
v 0.03968 0.02630 0.19695
v 0.04013 0.02532 0.20133
v 0.04015 0.02495 0.20252
v 0.05228 0.01456 0.19165
v 0.05326 0.01408 0.19182
v 0.05384 0.01414 0.19181
v 0.05499 0.01440 0.19259
v 0.05616 0.01487 0.19339
v 0.05598 0.01462 0.19332
v 0.05655 0.01521 0.19382
v 0.05784 0.01588 0.19442
v 0.05857 0.01658 0.19457
v 0.05910 0.01667 0.19491
v 0.02445 0.01958 0.20085
v 0.02634 0.01947 0.20053
v 0.03098 0.01815 0.20271
v 0.03256 0.01777 0.20226
v 0.03994 0.02632 0.19289
v 0.03997 0.02447 0.20301
v 0.04005 0.02632 0.19433
v 0.04029 0.02604 0.19782
v 0.04026 0.02550 0.20058
v 0.04032 0.02508 0.20232
v 0.04064 0.02560 0.19997
v 0.05418 0.01413 0.19253
v 0.05503 0.01423 0.19333
v 0.05568 0.01444 0.19340
v 0.05704 0.01540 0.19460
v 0.05848 0.01612 0.19491
v 0.02332 0.01907 0.20156
v 0.02551 0.01959 0.20080
v 0.02646 0.01923 0.20319
v 0.03003 0.01831 0.20323
v 0.04038 0.02608 0.19386
v 0.04086 0.02440 0.20406
v 0.04015 0.02620 0.19637
v 0.04066 0.02534 0.20145
v 0.04059 0.02477 0.20301
v 0.05334 0.01433 0.19271
v 0.05608 0.01474 0.19388
v 0.05631 0.01495 0.19441
v 0.05783 0.01568 0.19502
v 0.02513 0.01951 0.20134
v 0.02435 0.01935 0.20164
v 0.02622 0.01937 0.20215
v 0.02761 0.01901 0.20274
v 0.03109 0.01787 0.20417
v 0.02923 0.01851 0.20339
v 0.04102 0.02408 0.20471
v 0.04130 0.02535 0.20027
v 0.04118 0.02497 0.20263
v 0.05423 0.01419 0.19342
v 0.05523 0.01428 0.19408
v 0.05572 0.01457 0.19441
v 0.05609 0.01500 0.19526
v 0.05724 0.01540 0.19578
v 0.05842 0.01577 0.19584
v 0.02421 0.01890 0.20365
v 0.02607 0.01930 0.20308
v 0.02814 0.01870 0.20357
v 0.02928 0.01817 0.20432
v 0.04114 0.02455 0.20403
v 0.04150 0.02441 0.20448
v 0.04120 0.02527 0.20122
v 0.04135 0.02465 0.20382
v 0.05476 0.01417 0.19391
v 0.02525 0.01922 0.20346
v 0.04210 0.02483 0.20180
v 0.04152 0.02498 0.20234
v 0.05440 0.01429 0.19410
v 0.05490 0.01432 0.19446
v 0.05530 0.01436 0.19449
v 0.05534 0.01454 0.19485
v 0.04190 0.02457 0.20414
v 0.04218 0.02479 0.20254
v 0.05489 0.01453 0.19491
v 0.05517 0.01482 0.19530
v 0.05459 0.01474 0.19509
v 0.05468 0.01508 0.19542
v 0.05540 0.01538 0.19605
v 0.05403 0.01523 0.19495
v 0.05645 0.01539 0.19645
v 0.05370 0.01469 0.19389
v 0.05446 0.01582 0.19588
v 0.05588 0.01574 0.19693
v 0.05511 0.01623 0.19686
v 0.05266 0.01713 0.19533
v 0.05301 0.01568 0.19429
v 0.05703 0.01551 0.19707
v 0.05711 0.01540 0.19653
v 0.05157 0.01536 0.19223
v 0.05782 0.01587 0.19838
v 0.05585 0.01624 0.19754
v 0.05771 0.01553 0.19675
v 0.05521 0.01735 0.19802
v 0.05160 0.01640 0.19359
v 0.05667 0.01647 0.19839
v 0.05794 0.01571 0.19802
v 0.05335 0.01925 0.19785
v 0.05080 0.01924 0.19553
v 0.05082 0.01599 0.19234
v 0.05754 0.01676 0.19931
v 0.05917 0.01607 0.19864
v 0.05896 0.01576 0.19702
v 0.05127 0.01508 0.19120
v 0.05521 0.01859 0.19918
v 0.04894 0.01884 0.19349
v 0.05066 0.01554 0.19143
v 0.05822 0.01566 0.19756
v 0.05853 0.01631 0.19918
v 0.05723 0.01771 0.20019
v 0.05972 0.01601 0.19812
v 0.05620 0.01767 0.19924
v 0.05939 0.01586 0.19644
v 0.05169 0.01481 0.19095
v 0.05463 0.01957 0.19947
v 0.05156 0.02002 0.19709
v 0.04906 0.02009 0.19487
v 0.04811 0.01859 0.19252
v 0.05008 0.01606 0.19157
v 0.05827 0.01695 0.20004
v 0.05991 0.01613 0.19892
v 0.05952 0.01627 0.19947
v 0.05931 0.01602 0.19584
v 0.06011 0.01604 0.19681
v 0.06010 0.01602 0.19752
v 0.05129 0.01515 0.19060
v 0.05210 0.01462 0.19096
v 0.05062 0.01541 0.19065
v 0.05594 0.01895 0.20033
v 0.05391 0.01958 0.19870
v 0.05029 0.02024 0.19607
v 0.05248 0.01992 0.19776
v 0.04815 0.01967 0.19374
v 0.04827 0.01761 0.19144
v 0.05010 0.01567 0.19088
v 0.05906 0.01657 0.20000
v 0.05857 0.01752 0.20116
v 0.06044 0.01612 0.19873
v 0.06002 0.01616 0.19608
v 0.05904 0.01617 0.19533
v 0.05183 0.01496 0.19062
v 0.05508 0.02003 0.20050
v 0.05297 0.02030 0.19855
v 0.05392 0.02077 0.19969
v 0.05062 0.02050 0.19680
v 0.05188 0.02064 0.19820
v 0.04791 0.02036 0.19443
v 0.04911 0.02073 0.19555
v 0.04655 0.01897 0.19154
v 0.04717 0.01949 0.19274
v 0.04856 0.01674 0.19039
v 0.04953 0.01611 0.19082
v 0.06096 0.01615 0.19780
v 0.05922 0.01701 0.20099
v 0.05767 0.01826 0.20131
v 0.06039 0.01617 0.19948
v 0.05992 0.01644 0.20049
v 0.05973 0.01647 0.19541
v 0.06074 0.01629 0.19615
v 0.05101 0.01559 0.19012
v 0.05160 0.01538 0.19028
v 0.05014 0.01557 0.19049
v 0.05671 0.01934 0.20184
v 0.05362 0.02038 0.19910
v 0.04994 0.02071 0.19639
v 0.05094 0.02082 0.19767
v 0.04830 0.02072 0.19513
v 0.04699 0.02001 0.19327
v 0.04867 0.02081 0.19532
v 0.04613 0.01846 0.19043
v 0.04745 0.01737 0.19021
v 0.04984 0.01575 0.19045
v 0.05974 0.01729 0.20219
v 0.06126 0.01614 0.19891
v 0.06052 0.01655 0.19563
v 0.06144 0.01632 0.19655
v 0.05018 0.01573 0.19007
v 0.05491 0.02060 0.20121
v 0.05426 0.02093 0.20036
v 0.05320 0.02093 0.19933
v 0.05015 0.02099 0.19728
v 0.05240 0.02098 0.19899
v 0.05115 0.02108 0.19840
v 0.04747 0.02076 0.19488
v 0.04721 0.02055 0.19429
v 0.04925 0.02097 0.19620
v 0.04877 0.02097 0.19562
v 0.04661 0.01967 0.19239
v 0.04581 0.01942 0.19106
v 0.04945 0.01606 0.19008
v 0.04761 0.01691 0.18946
v 0.06011 0.01669 0.20155
v 0.06062 0.01611 0.20013
v 0.06303 0.01651 0.19679
v 0.06106 0.01605 0.19971
v 0.06019 0.01694 0.19528
v 0.05973 0.01705 0.19507
v 0.06123 0.01648 0.19584
v 0.05072 0.01606 0.18952
v 0.05496 0.02084 0.20200
v 0.05400 0.02128 0.20018
v 0.05362 0.02122 0.19987
v 0.04929 0.02110 0.19665
v 0.05057 0.02116 0.19804
v 0.05154 0.02122 0.19905
v 0.04771 0.02100 0.19567
v 0.04663 0.02054 0.19386
v 0.04884 0.02101 0.19587
v 0.04608 0.01997 0.19205
v 0.04539 0.01904 0.19028
v 0.04639 0.01758 0.18940
v 0.04626 0.02037 0.19302
v 0.04898 0.01627 0.18950
v 0.04834 0.01649 0.18915
v 0.06041 0.01626 0.20107
v 0.05900 0.01846 0.20342
v 0.06072 0.01663 0.20235
v 0.06061 0.01607 0.20066
v 0.06249 0.01629 0.19836
v 0.06165 0.01608 0.19931
v 0.06061 0.01701 0.19534
v 0.06190 0.01651 0.19600
v 0.06102 0.01676 0.19549
v 0.06314 0.01671 0.19593
v 0.04974 0.01617 0.18935
v 0.05430 0.02107 0.20102
v 0.05598 0.02019 0.20238
v 0.05460 0.02096 0.20168
v 0.05394 0.02133 0.20033
v 0.05268 0.02124 0.19950
v 0.05302 0.02137 0.19991
v 0.04924 0.02121 0.19755
v 0.05025 0.02134 0.19832
v 0.05212 0.02134 0.19954
v 0.05073 0.02137 0.19888
v 0.04669 0.02089 0.19479
v 0.04855 0.02111 0.19646
v 0.04519 0.01984 0.19050
v 0.04557 0.01839 0.18978
v 0.04539 0.02064 0.19127
v 0.04725 0.01691 0.18874
v 0.06072 0.01621 0.20154
v 0.05722 0.01963 0.20340
v 0.06013 0.01798 0.20384
v 0.06086 0.01716 0.20328
v 0.06112 0.01591 0.20038
v 0.06454 0.01652 0.19821
v 0.06151 0.01593 0.19991
v 0.06027 0.01777 0.19510
v 0.06164 0.01660 0.19567
v 0.06135 0.01672 0.19550
v 0.06400 0.01663 0.19650
v 0.05043 0.01651 0.18887
v 0.05391 0.02129 0.20077
v 0.05580 0.02054 0.20325
v 0.05469 0.02102 0.20250
v 0.05385 0.02137 0.20015
v 0.05361 0.02140 0.20030
v 0.05159 0.02144 0.19971
v 0.05094 0.02146 0.19968
v 0.04664 0.02115 0.19591
v 0.04617 0.02096 0.19455
v 0.04576 0.02095 0.19378
v 0.04560 0.02089 0.19261
v 0.04497 0.01941 0.19005
v 0.04503 0.01888 0.18969
v 0.04519 0.01821 0.18901
v 0.04883 0.01634 0.18887
v 0.04867 0.01632 0.18897
v 0.04653 0.01706 0.18831
v 0.04801 0.01671 0.18839
v 0.06093 0.01589 0.20095
v 0.05886 0.01892 0.20442
v 0.05987 0.01843 0.20450
v 0.06124 0.01596 0.20190
v 0.06158 0.01605 0.20262
v 0.06273 0.01617 0.19916
v 0.06499 0.01665 0.19676
v 0.06440 0.01638 0.19911
v 0.06233 0.01594 0.19977
v 0.06118 0.01717 0.19530
v 0.06247 0.01671 0.19573
v 0.06198 0.01672 0.19562
v 0.06481 0.01677 0.19591
v 0.04943 0.01664 0.18848
v 0.05400 0.02125 0.20138
v 0.05661 0.02011 0.20357
v 0.05389 0.02124 0.20221
v 0.05382 0.02143 0.20025
v 0.05263 0.02151 0.20050
v 0.04799 0.02114 0.19776
v 0.05017 0.02147 0.19904
v 0.05151 0.02151 0.20007
v 0.04753 0.02111 0.19656
v 0.04496 0.02061 0.19012
v 0.04486 0.01992 0.18998
v 0.04521 0.02140 0.19181
v 0.04565 0.01761 0.18877
v 0.04592 0.01732 0.18847
v 0.04677 0.01699 0.18768
v 0.06129 0.01576 0.20117
v 0.05740 0.01978 0.20445
v 0.06121 0.01784 0.20456
v 0.06215 0.01658 0.20383
v 0.06189 0.01570 0.20034
v 0.06583 0.01664 0.19832
v 0.06612 0.01656 0.19940
v 0.06130 0.01786 0.19517
v 0.06061 0.01885 0.19514
v 0.06321 0.01717 0.19541
v 0.06230 0.01716 0.19538
v 0.06365 0.01697 0.19551
v 0.05352 0.02141 0.20116
v 0.05674 0.02015 0.20441
v 0.04903 0.02128 0.19865
v 0.04988 0.02141 0.19977
v 0.04687 0.02112 0.19691
v 0.04576 0.02136 0.19562
v 0.04560 0.02125 0.19475
v 0.04526 0.02132 0.19334
v 0.04504 0.02124 0.19048
v 0.04474 0.01948 0.18959
v 0.04475 0.01897 0.18920
v 0.04504 0.02165 0.19262
v 0.04526 0.01764 0.18811
v 0.04856 0.01689 0.18794
v 0.04592 0.01719 0.18767
v 0.05883 0.01908 0.20511
v 0.05972 0.01870 0.20520
v 0.06124 0.01825 0.20544
v 0.06164 0.01730 0.20415
v 0.06217 0.01511 0.20211
v 0.06199 0.01514 0.20164
v 0.06243 0.01510 0.20248
v 0.06332 0.01603 0.19981
v 0.06599 0.01667 0.19737
v 0.06502 0.01633 0.19975
v 0.06250 0.01573 0.20015
v 0.06197 0.01757 0.19522
v 0.06139 0.01852 0.19516
v 0.06046 0.01987 0.19518
v 0.06592 0.01667 0.19623
v 0.06444 0.01700 0.19547
v 0.05246 0.02152 0.20115
v 0.04726 0.02106 0.19759
v 0.04815 0.02107 0.19907
v 0.04980 0.02143 0.19917
v 0.05087 0.02145 0.20058
v 0.04630 0.02122 0.19690
v 0.04581 0.02142 0.19634
v 0.04531 0.02124 0.19417
v 0.04463 0.01979 0.18927
v 0.04477 0.02141 0.18955
v 0.04460 0.01883 0.18861
v 0.04478 0.02192 0.19027
v 0.04496 0.02182 0.19184
v 0.04476 0.01825 0.18824
v 0.04631 0.01721 0.18668
v 0.05815 0.01944 0.20512
v 0.06207 0.01787 0.20517
v 0.06287 0.01755 0.20527
v 0.06203 0.01521 0.20104
v 0.06299 0.01521 0.20310
v 0.06429 0.01607 0.19994
v 0.06735 0.01673 0.19870
v 0.06676 0.01667 0.19766
v 0.06621 0.01639 0.20019
v 0.06255 0.01528 0.20058
v 0.06237 0.01797 0.19519
v 0.06119 0.01932 0.19526
v 0.06279 0.01753 0.19525
v 0.06407 0.01746 0.19525
v 0.06559 0.01679 0.19568
v 0.06508 0.01696 0.19541
v 0.05352 0.02121 0.20285
v 0.05769 0.01968 0.20518
v 0.04744 0.02092 0.19930
v 0.04986 0.02128 0.20055
v 0.04641 0.02099 0.19814
v 0.04516 0.02168 0.19545
v 0.04525 0.02174 0.19633
v 0.04475 0.02192 0.19482
v 0.04503 0.02149 0.19374
v 0.04478 0.02077 0.18948
v 0.04465 0.02220 0.19135
v 0.04471 0.01802 0.18757
v 0.04511 0.01748 0.18681
v 0.05905 0.01897 0.20569
v 0.06252 0.01793 0.20572
v 0.06250 0.01478 0.20189
v 0.06248 0.01474 0.20130
v 0.06298 0.01464 0.20233
v 0.06348 0.01600 0.20427
v 0.06372 0.01585 0.20021
v 0.06309 0.01554 0.20042
v 0.06736 0.01665 0.19933
v 0.06676 0.01660 0.19658
v 0.06507 0.01614 0.20019
v 0.06724 0.01638 0.20045
v 0.06635 0.01624 0.20057
v 0.06277 0.01867 0.19527
v 0.06187 0.02103 0.19574
v 0.06328 0.01794 0.19523
v 0.06664 0.01660 0.19548
v 0.06484 0.01729 0.19516
v 0.05660 0.02003 0.20544
v 0.05197 0.02138 0.20175
v 0.04709 0.02092 0.19897
v 0.04833 0.02092 0.20025
v 0.05024 0.02122 0.20112
v 0.04569 0.02147 0.19716
v 0.04597 0.02119 0.19790
v 0.04374 0.02302 0.19303
v 0.04463 0.02066 0.18875
v 0.04457 0.02213 0.18981
v 0.04443 0.01926 0.18837
v 0.04441 0.01886 0.18777
v 0.04435 0.02245 0.18981
v 0.04549 0.01727 0.18589
v 0.04618 0.01734 0.18584
v 0.05771 0.01954 0.20556
v 0.06245 0.01489 0.20090
v 0.06326 0.01465 0.20271
v 0.06414 0.01489 0.20360
v 0.06414 0.01656 0.20521
v 0.06409 0.01561 0.20056
v 0.06781 0.01663 0.19777
v 0.06858 0.01662 0.19884
v 0.06805 0.01650 0.19697
v 0.06485 0.01568 0.20066
v 0.06289 0.01471 0.20087
v 0.06242 0.01998 0.19559
v 0.06419 0.01824 0.19511
v 0.06567 0.01716 0.19491
v 0.06471 0.01778 0.19501
v 0.05239 0.02121 0.20251
v 0.04685 0.02095 0.19941
v 0.04731 0.02084 0.20025
v 0.05024 0.02102 0.20159
v 0.04884 0.02055 0.20158
v 0.04637 0.02105 0.19884
v 0.04619 0.02102 0.19821
v 0.04450 0.02236 0.19601
v 0.04484 0.02214 0.19730
v 0.04309 0.02382 0.19571
v 0.04320 0.02358 0.19398
v 0.04443 0.01974 0.18809
v 0.04435 0.02218 0.18835
v 0.04459 0.02159 0.18850
v 0.04222 0.02444 0.18780
v 0.04440 0.01826 0.18677
v 0.04485 0.01731 0.18589
v 0.06371 0.01747 0.20578
v 0.06296 0.01450 0.20169
v 0.06267 0.01466 0.20097
v 0.06370 0.01430 0.20252
v 0.06369 0.01455 0.20287
v 0.06502 0.01528 0.20474
v 0.06269 0.01484 0.20077
v 0.06850 0.01657 0.19992
v 0.06777 0.01637 0.19620
v 0.06528 0.01594 0.20059
v 0.06713 0.01595 0.20121
v 0.06373 0.01523 0.20076
v 0.06348 0.01880 0.19531
v 0.06185 0.02204 0.19593
v 0.06298 0.02085 0.19588
v 0.06341 0.01969 0.19557
v 0.06656 0.01673 0.19448
v 0.05148 0.02103 0.20238
v 0.04785 0.02057 0.20107
v 0.04525 0.02177 0.19817
v 0.04231 0.02440 0.19296
v 0.04459 0.02103 0.18802
v 0.04382 0.02291 0.18868
v 0.04191 0.02472 0.19114
v 0.04419 0.01933 0.18682
v 0.04436 0.01772 0.18572
v 0.04492 0.01725 0.18542
v 0.06299 0.01455 0.20120
v 0.06367 0.01425 0.20221
v 0.06518 0.01433 0.20369
v 0.06451 0.01421 0.20271
v 0.06521 0.01641 0.20573
v 0.06468 0.01723 0.20598
v 0.06894 0.01650 0.19780
v 0.06957 0.01656 0.19998
v 0.06873 0.01629 0.20114
v 0.06763 0.01624 0.19528
v 0.06942 0.01601 0.19612
v 0.06614 0.01573 0.20107
v 0.06783 0.01615 0.20122
v 0.06342 0.01479 0.20098
v 0.06270 0.02171 0.19604
v 0.06312 0.02024 0.19576
v 0.06431 0.01926 0.19522
v 0.06520 0.01831 0.19454
v 0.06632 0.01721 0.19345
v 0.06729 0.01627 0.19450
v 0.04650 0.02108 0.20005
v 0.04624 0.02117 0.19952
v 0.04713 0.02067 0.20110
v 0.04968 0.01998 0.20311
v 0.04802 0.02038 0.20158
v 0.04577 0.02142 0.19905
v 0.04400 0.02315 0.19918
v 0.04231 0.02456 0.19542
v 0.04441 0.02165 0.18762
v 0.04390 0.02282 0.18768
v 0.04063 0.02590 0.18793
v 0.04398 0.01866 0.18584
v 0.04462 0.01733 0.18551
v 0.04532 0.01731 0.18525
v 0.06367 0.01439 0.20157
v 0.06600 0.01415 0.20447
v 0.06623 0.01473 0.20532
v 0.06411 0.01476 0.20117
v 0.07014 0.01652 0.19872
v 0.06967 0.01624 0.19696
v 0.06979 0.01649 0.20097
v 0.06847 0.01601 0.19555
v 0.06497 0.01461 0.20145
v 0.06709 0.01544 0.20168
v 0.06802 0.01594 0.20158
v 0.06248 0.02259 0.19612
v 0.06196 0.02281 0.19598
v 0.06326 0.02143 0.19602
v 0.06363 0.02041 0.19577
v 0.06685 0.01657 0.19399
v 0.05049 0.02050 0.20267
v 0.04643 0.02109 0.20088
v 0.04747 0.02042 0.20161
v 0.04893 0.01991 0.20301
v 0.04799 0.02020 0.20216
v 0.04576 0.02155 0.20021
v 0.04315 0.02390 0.19756
v 0.04554 0.02187 0.20134
v 0.04238 0.02468 0.19649
v 0.04134 0.02527 0.19290
v 0.04419 0.02033 0.18674
v 0.04410 0.02232 0.18728
v 0.04442 0.02088 0.18735
v 0.04316 0.02349 0.18712
v 0.04079 0.02566 0.19057
v 0.04146 0.02503 0.18707
v 0.04375 0.01996 0.18577
v 0.04390 0.01822 0.18523
v 0.04454 0.01746 0.18495
v 0.04503 0.01735 0.18490
v 0.06438 0.01417 0.20198
v 0.06547 0.01397 0.20296
v 0.06604 0.01377 0.20362
v 0.06669 0.01643 0.20677
v 0.06536 0.01710 0.20618
v 0.07078 0.01642 0.19839
v 0.07066 0.01623 0.19734
v 0.07091 0.01641 0.19974
v 0.06943 0.01635 0.20131
v 0.06805 0.01593 0.19476
v 0.06932 0.01564 0.19524
v 0.07080 0.01593 0.19634
v 0.06596 0.01441 0.20202
v 0.06645 0.01468 0.20200
v 0.06406 0.02000 0.19557
v 0.06317 0.02205 0.19605
v 0.06147 0.02309 0.19587
v 0.06319 0.02173 0.19608
v 0.06378 0.02113 0.19582
v 0.06502 0.01966 0.19477
v 0.06586 0.01863 0.19324
v 0.06720 0.01620 0.19349
v 0.04669 0.02077 0.20185
v 0.05044 0.01987 0.20366
v 0.04943 0.01970 0.20375
v 0.04257 0.02446 0.19815
v 0.04399 0.02341 0.20122
v 0.04158 0.02520 0.19538
v 0.04393 0.02148 0.18651
v 0.04253 0.02409 0.18678
v 0.04390 0.02277 0.18724
v 0.04040 0.02602 0.18868
v 0.04072 0.02580 0.18766
v 0.04241 0.02414 0.18612
v 0.04345 0.01897 0.18478
v 0.04397 0.01794 0.18463
v 0.06447 0.01442 0.20154
v 0.06477 0.01408 0.20220
v 0.06518 0.01405 0.20236
v 0.06646 0.01363 0.20420
v 0.06652 0.01408 0.20498
v 0.06602 0.01675 0.20647
v 0.06730 0.01596 0.20688
v 0.07064 0.01629 0.20111
v 0.06878 0.01586 0.20184
v 0.07021 0.01616 0.20172
v 0.06940 0.01600 0.20183
v 0.06873 0.01543 0.19449
v 0.06798 0.01566 0.19392
v 0.07013 0.01568 0.19550
v 0.06498 0.01422 0.20189
v 0.06830 0.01560 0.20199
v 0.06729 0.01453 0.20237
v 0.06457 0.02009 0.19533
v 0.06305 0.02259 0.19598
v 0.06223 0.02334 0.19580
v 0.06143 0.02337 0.19582
v 0.06355 0.02174 0.19596
v 0.06424 0.02055 0.19561
v 0.06552 0.01941 0.19393
v 0.06620 0.01804 0.19241
v 0.06691 0.01626 0.19230
v 0.04616 0.02124 0.20149
v 0.04731 0.02023 0.20239
v 0.04986 0.01975 0.20361
v 0.04861 0.01983 0.20381
v 0.04827 0.01995 0.20292
v 0.04304 0.02411 0.19997
v 0.04479 0.02281 0.20230
v 0.04177 0.02517 0.19677
v 0.04053 0.02586 0.19136
v 0.04361 0.02278 0.18673
v 0.04295 0.02348 0.18630
v 0.04016 0.02602 0.18775
v 0.04019 0.02612 0.18950
v 0.04073 0.02555 0.18706
v 0.04181 0.02461 0.18617
v 0.04310 0.02002 0.18482
v 0.04430 0.01766 0.18426
v 0.06612 0.01382 0.20300
v 0.06582 0.01403 0.20249
v 0.06684 0.01349 0.20449
v 0.06670 0.01346 0.20401
v 0.06716 0.01404 0.20538
v 0.06648 0.01703 0.20715
v 0.06787 0.01477 0.20634
v 0.06707 0.01663 0.20731
v 0.06562 0.01732 0.20649
v 0.07093 0.01645 0.19808
v 0.07169 0.01628 0.19932
v 0.07145 0.01603 0.19719
v 0.07196 0.01624 0.20074
v 0.06985 0.01524 0.19475
v 0.06934 0.01515 0.19448
v 0.07083 0.01561 0.19545
v 0.06659 0.01413 0.20256
v 0.06551 0.01419 0.20209
v 0.06366 0.02231 0.19582
v 0.06286 0.02332 0.19576
v 0.06411 0.02182 0.19565
v 0.06452 0.02110 0.19537
v 0.06533 0.02035 0.19429
v 0.06490 0.02050 0.19502
v 0.06603 0.01896 0.19248
v 0.06648 0.01721 0.19166
v 0.06783 0.01525 0.19267
v 0.04625 0.02126 0.20276
v 0.04719 0.02022 0.20270
v 0.05000 0.01958 0.20409
v 0.04926 0.01955 0.20468
v 0.04208 0.02489 0.20018
v 0.04541 0.02224 0.20264
v 0.04375 0.02376 0.20232
v 0.04089 0.02574 0.19595
v 0.04306 0.02114 0.18518
v 0.04310 0.02257 0.18579
v 0.03971 0.02631 0.18840
v 0.04011 0.02623 0.18906
v 0.04128 0.02489 0.18617
v 0.04217 0.02419 0.18578
v 0.04397 0.01786 0.18401
v 0.06635 0.01361 0.20337
v 0.06594 0.01737 0.20691
v 0.07146 0.01623 0.19809
v 0.07178 0.01563 0.19600
v 0.07151 0.01615 0.20133
v 0.07069 0.01596 0.20196
v 0.06923 0.01559 0.20220
v 0.06869 0.01532 0.20224
v 0.07000 0.01602 0.20198
v 0.06863 0.01483 0.19351
v 0.07037 0.01534 0.19493
v 0.06922 0.01461 0.19383
v 0.06736 0.01383 0.20300
v 0.06461 0.02056 0.19540
v 0.06347 0.02289 0.19568
v 0.06183 0.02380 0.19541
v 0.06269 0.02364 0.19545
v 0.06145 0.02353 0.19570
v 0.06562 0.02129 0.19335
v 0.06623 0.01865 0.19146
v 0.06685 0.01530 0.19018
v 0.04669 0.02067 0.20262
v 0.05089 0.01917 0.20491
v 0.04834 0.01996 0.20493
v 0.04781 0.02007 0.20346
v 0.04256 0.02456 0.20141
v 0.04492 0.02292 0.20323
v 0.04074 0.02587 0.19695
v 0.04252 0.02353 0.18562
v 0.04017 0.02583 0.18712
v 0.04165 0.02440 0.18557
v 0.06662 0.01369 0.20315
v 0.06754 0.01328 0.20454
v 0.06706 0.01345 0.20363
v 0.06764 0.01346 0.20511
v 0.06864 0.01339 0.20571
v 0.07267 0.01608 0.19980
v 0.07224 0.01602 0.19870
v 0.07229 0.01561 0.19668
v 0.07122 0.01597 0.20184
v 0.07214 0.01602 0.20134
v 0.07034 0.01593 0.20211
v 0.07005 0.01578 0.20226
v 0.07027 0.01468 0.19427
v 0.07192 0.01518 0.19532
v 0.07085 0.01511 0.19484
v 0.06841 0.01417 0.20281
v 0.06399 0.02267 0.19547
v 0.06323 0.02337 0.19548
v 0.06461 0.02195 0.19506
v 0.06411 0.02229 0.19561
v 0.06506 0.02120 0.19460
v 0.06616 0.02152 0.19097
v 0.06614 0.02023 0.19139
v 0.06643 0.01803 0.19022
v 0.06946 0.01292 0.19245
v 0.04553 0.02238 0.20365
v 0.04744 0.02046 0.20438
v 0.05008 0.01926 0.20482
v 0.04880 0.01967 0.20591
v 0.04793 0.02010 0.20422
v 0.04170 0.02518 0.20001
v 0.04470 0.02319 0.20388
v 0.04338 0.02411 0.20305
v 0.03924 0.02643 0.18833
v 0.06808 0.01312 0.20427
v 0.06758 0.01328 0.20388
v 0.06888 0.01378 0.20612
v 0.07271 0.01589 0.20097
v 0.07266 0.01530 0.19615
v 0.07181 0.01588 0.20185
v 0.07109 0.01563 0.20234
v 0.07050 0.01558 0.20238
v 0.06924 0.01484 0.20260
v 0.06982 0.01529 0.20252
v 0.07128 0.01523 0.19515
v 0.07243 0.01525 0.19557
v 0.06834 0.01368 0.20313
v 0.06381 0.02319 0.19519
v 0.06248 0.02416 0.19478
v 0.06342 0.02383 0.19476
v 0.06433 0.02213 0.19548
v 0.06521 0.02212 0.19373
v 0.06578 0.02220 0.19213
v 0.06647 0.01730 0.18925
v 0.06674 0.00917 0.18706
v 0.04685 0.02127 0.20537
v 0.05028 0.01895 0.20533
v 0.04966 0.01913 0.20566
v 0.04788 0.02042 0.20613
v 0.04358 0.02410 0.20433
v 0.04291 0.02439 0.20327
v 0.06795 0.01321 0.20489
v 0.06795 0.01339 0.20352
v 0.06839 0.01315 0.20522
v 0.06953 0.01471 0.20704
v 0.06933 0.01298 0.20562
v 0.07348 0.01544 0.20010
v 0.07298 0.01552 0.19830
v 0.07310 0.01521 0.19705
v 0.07156 0.01557 0.20243
v 0.07222 0.01561 0.20213
v 0.07275 0.01564 0.20164
v 0.07154 0.01413 0.19459
v 0.07240 0.01512 0.19533
v 0.06988 0.01402 0.20295
v 0.06930 0.01365 0.20312
v 0.06433 0.02239 0.19535
v 0.06442 0.02275 0.19481
v 0.06608 0.02283 0.19092
v 0.06639 0.02093 0.19000
v 0.06637 0.01909 0.19008
v 0.06612 0.01652 0.18844
v 0.06654 0.01852 0.18908
v 0.07164 0.00500 0.18986
v 0.06552 0.01428 0.18738
v 0.04526 0.02276 0.20422
v 0.04928 0.01922 0.20673
v 0.04848 0.01994 0.20741
v 0.04491 0.02316 0.20515
v 0.06907 0.01267 0.20470
v 0.06990 0.01331 0.20623
v 0.07435 0.01467 0.19928
v 0.07389 0.01513 0.20067
v 0.07394 0.01479 0.19811
v 0.07332 0.01492 0.19616
v 0.07297 0.01497 0.19567
v 0.07363 0.01511 0.20144
v 0.07129 0.01536 0.20258
v 0.07097 0.01508 0.20265
v 0.07252 0.01469 0.19520
v 0.07269 0.01501 0.19539
v 0.06905 0.01299 0.20371
v 0.06410 0.02351 0.19450
v 0.06303 0.02439 0.19421
v 0.06529 0.02321 0.19260
v 0.06643 0.02238 0.18959
v 0.06591 0.02323 0.19113
v 0.06644 0.01876 0.18950
v 0.06634 0.01789 0.18833
v 0.06845 0.00365 0.18580
v 0.07265 0.01061 0.19413
v 0.04633 0.02207 0.20656
v 0.04724 0.02114 0.20680
v 0.07141 0.01359 0.20728
v 0.07018 0.01237 0.20561
v 0.07455 0.01431 0.19656
v 0.07241 0.01493 0.20264
v 0.07270 0.01517 0.20230
v 0.07346 0.01483 0.20206
v 0.06988 0.01302 0.20336
v 0.06475 0.02368 0.19321
v 0.06349 0.02424 0.19420
v 0.06613 0.02324 0.19020
v 0.06662 0.01960 0.18910
v 0.06682 0.02211 0.18813
v 0.06530 0.01719 0.18706
v 0.06667 0.01870 0.18838
v 0.06636 0.00406 0.18415
v 0.07004 0.00247 0.18640
v 0.07529 0.00646 0.19574
v 0.06361 0.00557 0.18239
v 0.06982 0.01220 0.20405
v 0.06965 0.01234 0.20513
v 0.07123 0.01202 0.20584
v 0.07013 0.01573 0.20796
v 0.07504 0.01403 0.19817
v 0.07448 0.01458 0.20040
v 0.07412 0.01484 0.20103
v 0.07417 0.01457 0.19713
v 0.07402 0.01447 0.19604
v 0.07362 0.01446 0.19576
v 0.07307 0.01460 0.19543
v 0.07415 0.01448 0.20167
v 0.07222 0.01458 0.20283
v 0.07085 0.01317 0.20315
v 0.07018 0.01235 0.20359
v 0.06454 0.02424 0.19289
v 0.06523 0.02397 0.19194
v 0.06640 0.02332 0.18915
v 0.06571 0.02417 0.19037
v 0.06672 0.02061 0.18873
v 0.06668 0.02239 0.18853
v 0.06689 0.01946 0.18836
v 0.06745 0.00237 0.18412
v 0.07117 0.00214 0.18682
v 0.06917 0.00181 0.18501
v 0.07465 0.01118 0.19647
v 0.07501 0.00338 0.19289
v 0.06979 0.01201 0.20467
v 0.07202 0.01235 0.20665
v 0.07120 0.01529 0.20845
v 0.07050 0.01178 0.20524
v 0.07005 0.01190 0.20504
v 0.07494 0.01413 0.19913
v 0.07459 0.01435 0.19771
v 0.07489 0.01426 0.19703
v 0.07462 0.01412 0.19630
v 0.07360 0.01403 0.20261
v 0.07388 0.01418 0.20229
v 0.07077 0.01234 0.20338
v 0.06383 0.02442 0.19341
v 0.06617 0.02420 0.18915
v 0.06682 0.01986 0.18843
v 0.06681 0.02119 0.18817
v 0.06652 0.02241 0.18786
v 0.06682 0.01913 0.18820
v 0.06826 0.00167 0.18412
v 0.06682 0.00186 0.18306
v 0.06536 0.00275 0.18239
v 0.07214 0.00237 0.18793
v 0.07039 0.00162 0.18577
v 0.06987 0.00153 0.18530
v 0.07569 0.00977 0.19816
v 0.07401 0.00250 0.19044
v 0.07598 0.00363 0.19488
v 0.07029 0.01161 0.20442
v 0.07059 0.01170 0.20382
v 0.07288 0.01223 0.20719
v 0.07243 0.01137 0.20597
v 0.07217 0.01475 0.20896
v 0.07089 0.01134 0.20480
v 0.07526 0.01362 0.19816
v 0.07501 0.01407 0.19786
v 0.07502 0.01386 0.20027
v 0.07459 0.01428 0.20107
v 0.07490 0.01425 0.19739
v 0.07499 0.01387 0.19692
v 0.07427 0.01397 0.19596
v 0.07448 0.01377 0.20194
v 0.07371 0.01327 0.20286
v 0.07222 0.01388 0.20298
v 0.07151 0.01190 0.20337
v 0.07092 0.01187 0.20351
v 0.06463 0.02450 0.19225
v 0.06505 0.02451 0.19151
v 0.06657 0.02301 0.18841
v 0.06637 0.02369 0.18866
v 0.06577 0.02464 0.18953
v 0.06674 0.02034 0.18804
v 0.06672 0.02167 0.18779
v 0.06675 0.01957 0.18801
v 0.06757 0.00158 0.18355
v 0.06415 0.00305 0.18146
v 0.07254 0.00255 0.18879
v 0.07214 0.00158 0.18660
v 0.07086 0.00141 0.18561
v 0.06908 0.00117 0.18400
v 0.06970 0.00120 0.18453
v 0.07679 0.00727 0.19894
v 0.07544 0.01144 0.19790
v 0.07291 0.00271 0.18950
v 0.07569 0.00201 0.19149
v 0.07658 0.00381 0.19592
v 0.07636 0.00249 0.19406
v 0.07006 0.01170 0.20474
v 0.07271 0.01357 0.20825
v 0.07190 0.01083 0.20490
v 0.07032 0.01159 0.20485
v 0.07517 0.01383 0.19927
v 0.07459 0.01407 0.20152
v 0.07510 0.01422 0.19728
v 0.07511 0.01417 0.19712
v 0.07471 0.01385 0.19630
v 0.07411 0.01352 0.20252
v 0.07193 0.01277 0.20315
v 0.06403 0.02492 0.19228
v 0.06520 0.02485 0.19042
v 0.06620 0.02429 0.18870
v 0.06594 0.02463 0.18886
v 0.06662 0.02086 0.18770
v 0.06646 0.02180 0.18749
v 0.06634 0.02323 0.18810
v 0.06784 0.00108 0.18294
v 0.06616 0.00142 0.18197
v 0.06492 0.00180 0.18102
v 0.07265 0.00200 0.18813
v 0.07302 0.00162 0.18750
v 0.07146 0.00141 0.18585
v 0.07011 0.00110 0.18457
v 0.06855 0.00104 0.18343
v 0.07654 0.00596 0.19749
v 0.07601 0.00970 0.19995
v 0.07518 0.01265 0.19742
v 0.07571 0.01133 0.19869
v 0.07385 0.00198 0.18970
v 0.07491 0.00192 0.19056
v 0.07622 0.00221 0.19295
v 0.07680 0.00262 0.19514
v 0.07770 0.00419 0.19735
v 0.07084 0.01127 0.20417
v 0.07128 0.01123 0.20373
v 0.07352 0.01088 0.20628
v 0.07365 0.01298 0.20859
v 0.07310 0.01021 0.20504
v 0.07373 0.01371 0.20938
v 0.07139 0.01089 0.20424
v 0.07542 0.01317 0.19952
v 0.07515 0.01407 0.19759
v 0.07492 0.01359 0.20123
v 0.07519 0.01405 0.19739
v 0.07462 0.01324 0.19636
v 0.07471 0.01314 0.20210
v 0.07440 0.01300 0.20254
v 0.07229 0.01182 0.20324
v 0.06442 0.02528 0.19108
v 0.06617 0.02444 0.18888
v 0.06594 0.02394 0.18821
v 0.06702 0.00103 0.18222
v 0.07308 0.00208 0.18898
v 0.07309 0.00184 0.18841
v 0.07270 0.00120 0.18576
v 0.07123 0.00112 0.18485
v 0.07002 0.00094 0.18385
v 0.06864 0.00076 0.18276
v 0.07654 0.00845 0.20057
v 0.07560 0.01212 0.19884
v 0.07461 0.00176 0.18982
v 0.07566 0.00160 0.19031
v 0.07695 0.00172 0.19238
v 0.07732 0.00280 0.19594
v 0.07719 0.00191 0.19444
v 0.07705 0.00183 0.19352
v 0.07432 0.01145 0.20781
v 0.07248 0.01009 0.20440
v 0.07278 0.01493 0.21006
v 0.07204 0.01041 0.20406
v 0.07534 0.01301 0.20051
v 0.07429 0.01253 0.20269
v 0.07186 0.01121 0.20347
v 0.06606 0.02443 0.18853
v 0.06765 0.00072 0.18183
v 0.06656 0.00091 0.18161
v 0.07420 0.00126 0.18712
v 0.07852 0.00593 0.19978
v 0.07730 0.00771 0.20062
v 0.07603 0.00919 0.20090
v 0.07573 0.01136 0.20003
v 0.07367 0.00172 0.18893
v 0.07689 0.00157 0.19122
v 0.07754 0.00198 0.19520
v 0.07815 0.00211 0.19587
v 0.07413 0.00999 0.20555
v 0.07498 0.01052 0.20738
v 0.07416 0.01324 0.20950
v 0.07292 0.00981 0.20432
v 0.07352 0.01445 0.21039
v 0.07163 0.01075 0.20384
v 0.07560 0.01239 0.19994
v 0.07518 0.01277 0.20127
v 0.07484 0.01256 0.20219
v 0.07317 0.01164 0.20304
v 0.07458 0.01238 0.20252
v 0.07378 0.01263 0.20290
v 0.07251 0.01101 0.20332
v 0.07166 0.01091 0.20364
v 0.06836 0.00072 0.18228
v 0.06702 0.00076 0.18165
v 0.07392 0.00154 0.18831
v 0.07547 0.00105 0.18668
v 0.07219 0.00102 0.18429
v 0.07091 0.00088 0.18327
v 0.06976 0.00074 0.18268
v 0.07972 0.00355 0.19904
v 0.07766 0.00708 0.20002
v 0.07687 0.00821 0.20128
v 0.07623 0.00865 0.20160
v 0.07570 0.00986 0.20093
v 0.07562 0.01069 0.20074
v 0.07540 0.00147 0.18931
v 0.07644 0.00143 0.18999
v 0.07796 0.00147 0.19304
v 0.07787 0.00145 0.19178
v 0.07912 0.00198 0.19647
v 0.07787 0.00156 0.19456
v 0.07766 0.00158 0.19392
v 0.07407 0.00962 0.20480
v 0.07458 0.01021 0.20634
v 0.07490 0.01099 0.20802
v 0.07380 0.01390 0.20977
v 0.07355 0.00958 0.20420
v 0.07268 0.00981 0.20412
v 0.07252 0.00997 0.20398
v 0.07202 0.01069 0.20362
v 0.07551 0.01192 0.20079
v 0.07467 0.01202 0.20239
v 0.06894 0.00063 0.18222
v 0.07501 0.00136 0.18815
v 0.07334 0.00101 0.18492
v 0.08010 0.00480 0.20061
v 0.07941 0.00257 0.19762
v 0.07809 0.00716 0.20061
v 0.07744 0.00792 0.20160
v 0.07558 0.00939 0.20148
v 0.07792 0.00137 0.19024
v 0.07811 0.00159 0.19511
v 0.07886 0.00154 0.19570
v 0.07485 0.00947 0.20511
v 0.07552 0.00967 0.20612
v 0.07528 0.01006 0.20688
v 0.07596 0.01067 0.20882
v 0.07513 0.01263 0.21020
v 0.07418 0.01382 0.21039
v 0.07297 0.00974 0.20385
v 0.07267 0.01023 0.20353
v 0.07526 0.01196 0.20137
v 0.07477 0.01231 0.20243
v 0.07321 0.01068 0.20306
v 0.07440 0.01149 0.20245
v 0.07386 0.01113 0.20273
v 0.07671 0.00130 0.18817
v 0.07583 0.00099 0.18598
v 0.07209 0.00093 0.18258
v 0.07354 0.00097 0.18388
v 0.07043 0.00075 0.18187
v 0.06923 0.00057 0.18168
v 0.07953 0.00618 0.20091
v 0.08127 0.00295 0.20065
v 0.08032 0.00223 0.19820
v 0.07873 0.00686 0.20075
v 0.07788 0.00761 0.20134
v 0.07694 0.00827 0.20212
v 0.07542 0.00891 0.20204
v 0.07514 0.01038 0.20158
v 0.07887 0.00123 0.19441
v 0.07918 0.00126 0.19310
v 0.07905 0.00132 0.19138
v 0.07861 0.00143 0.19525
v 0.07993 0.00186 0.19727
v 0.07939 0.00135 0.19563
v 0.07891 0.00124 0.19483
v 0.07460 0.00917 0.20416
v 0.07570 0.01007 0.20738
v 0.07614 0.01116 0.20975
v 0.07620 0.01018 0.20815
v 0.07358 0.00949 0.20350
v 0.07494 0.01216 0.20205
v 0.07491 0.01146 0.20193
v 0.07821 0.00120 0.18707
v 0.07727 0.00105 0.18574
v 0.08052 0.00572 0.20178
v 0.08107 0.00436 0.20171
v 0.08092 0.00233 0.19901
v 0.07841 0.00720 0.20085
v 0.07607 0.00858 0.20228
v 0.07877 0.00723 0.20159
v 0.07743 0.00827 0.20301
v 0.07490 0.00951 0.20199
v 0.08018 0.00124 0.18717
v 0.08039 0.00125 0.19136
v 0.08022 0.00161 0.19700
v 0.07908 0.00127 0.19528
v 0.07979 0.00138 0.19596
v 0.07413 0.00924 0.20370
v 0.07520 0.00906 0.20421
v 0.07590 0.00977 0.20681
v 0.07563 0.00991 0.20703
v 0.07686 0.01044 0.20976
v 0.07673 0.01011 0.20880
v 0.07654 0.01180 0.21107
v 0.07319 0.00978 0.20337
v 0.07391 0.01019 0.20266
v 0.07329 0.01006 0.20311
v 0.07446 0.01079 0.20226
v 0.07894 0.00106 0.18437
v 0.07422 0.00102 0.18153
v 0.07238 0.00105 0.18027
v 0.07991 0.00658 0.20157
v 0.07931 0.00687 0.20128
v 0.08192 0.00345 0.20280
v 0.08187 0.00197 0.19966
v 0.08089 0.00188 0.19821
v 0.08065 0.00173 0.19765
v 0.07646 0.00848 0.20270
v 0.07835 0.00786 0.20293
v 0.07478 0.00907 0.20227
v 0.07541 0.00869 0.20255
v 0.07454 0.01009 0.20215
v 0.08002 0.00115 0.19403
v 0.07993 0.00120 0.19543
v 0.07956 0.00117 0.19494
v 0.07470 0.00896 0.20335
v 0.07658 0.00932 0.20593
v 0.07651 0.00973 0.20728
v 0.07732 0.00962 0.20810
v 0.07420 0.00923 0.20299
v 0.07367 0.00968 0.20302
v 0.07088 0.00090 0.18052
v 0.08144 0.00503 0.20288
v 0.08035 0.00665 0.20230
v 0.08222 0.00235 0.20182
v 0.08163 0.00166 0.19809
v 0.08187 0.00213 0.20048
v 0.07576 0.00865 0.20303
v 0.07954 0.00711 0.20242
v 0.07985 0.00785 0.20470
v 0.07658 0.00864 0.20362
v 0.07505 0.00881 0.20239
v 0.07435 0.00971 0.20234
v 0.08155 0.00127 0.18986
v 0.08090 0.00142 0.19678
v 0.08048 0.00124 0.19579
v 0.07517 0.00870 0.20285
v 0.07719 0.00987 0.20902
v 0.07724 0.01054 0.21078
v 0.08075 0.00122 0.18357
v 0.07894 0.00118 0.18182
v 0.08105 0.00626 0.20289
v 0.07970 0.00689 0.20164
v 0.08276 0.00224 0.20302
v 0.08188 0.00464 0.20383
v 0.08293 0.00163 0.19983
v 0.08227 0.00187 0.20047
v 0.07893 0.00863 0.20599
v 0.07466 0.00896 0.20258
v 0.07409 0.00958 0.20265
v 0.08072 0.00115 0.19494
v 0.08248 0.00138 0.18742
v 0.07460 0.00893 0.20290
v 0.07784 0.00905 0.20618
v 0.07761 0.00964 0.20969
v 0.07734 0.01096 0.21158
v 0.07748 0.00990 0.21022
v 0.07776 0.00949 0.20923
v 0.08153 0.00595 0.20360
v 0.08075 0.00688 0.20315
v 0.08003 0.00700 0.20261
v 0.08255 0.00284 0.20430
v 0.08277 0.00191 0.20210
v 0.08281 0.00181 0.20138
v 0.08215 0.00386 0.20440
v 0.08295 0.00144 0.19783
v 0.08080 0.00714 0.20384
v 0.07994 0.00822 0.20627
v 0.08248 0.00124 0.19213
v 0.08450 0.00139 0.18954
v 0.08207 0.00133 0.19641
v 0.08124 0.00124 0.19586
v 0.07843 0.00906 0.20716
v 0.07766 0.01000 0.21111
v 0.07718 0.01175 0.21208
v 0.07847 0.00910 0.20799
v 0.08132 0.00664 0.20359
v 0.08110 0.00673 0.20325
v 0.08326 0.00200 0.20437
v 0.08375 0.00170 0.20318
v 0.08181 0.00570 0.20454
v 0.08469 0.00145 0.20041
v 0.08048 0.00744 0.20438
v 0.07985 0.00853 0.20730
v 0.08050 0.00766 0.20529
v 0.08273 0.00127 0.19496
v 0.07835 0.00905 0.21017
v 0.07794 0.00943 0.21056
v 0.07778 0.01024 0.21194
v 0.07774 0.01109 0.21269
v 0.07861 0.00900 0.20921
v 0.08149 0.00650 0.20415
v 0.08109 0.00691 0.20352
v 0.08240 0.00347 0.20582
v 0.08288 0.00235 0.20533
v 0.08363 0.00163 0.20214
v 0.08208 0.00453 0.20525
v 0.08381 0.00156 0.20110
v 0.08382 0.00132 0.19625
v 0.08481 0.00132 0.19813
v 0.08115 0.00704 0.20466
v 0.08060 0.00794 0.20727
v 0.08068 0.00770 0.20624
v 0.07791 0.00968 0.21152
v 0.07811 0.00927 0.21139
v 0.08129 0.00691 0.20403
v 0.08324 0.00180 0.20563
v 0.08416 0.00162 0.20435
v 0.08471 0.00150 0.20325
v 0.08157 0.00639 0.20481
v 0.08208 0.00456 0.20708
v 0.08668 0.00142 0.20044
v 0.08030 0.00831 0.20796
v 0.08126 0.00707 0.20545
v 0.07842 0.00886 0.21098
v 0.07893 0.00863 0.21026
v 0.07806 0.00945 0.21203
v 0.07801 0.00994 0.21265
v 0.08292 0.00228 0.20645
v 0.08309 0.00197 0.20573
v 0.08358 0.00166 0.20548
v 0.08157 0.00640 0.20593
v 0.08169 0.00594 0.20657
v 0.08685 0.00141 0.20211
v 0.08522 0.00148 0.20406
v 0.08081 0.00787 0.20791
v 0.08119 0.00710 0.20663
v 0.07999 0.00800 0.21030
v 0.07796 0.01061 0.21327
v 0.07831 0.00877 0.21183
v 0.08018 0.00825 0.20879
v 0.08249 0.00310 0.20717
v 0.08378 0.00162 0.20608
v 0.08429 0.00156 0.20512
v 0.08154 0.00637 0.20813
v 0.08084 0.00783 0.20834
v 0.08109 0.00740 0.20792
v 0.07896 0.00836 0.21089
v 0.07946 0.00817 0.21063
v 0.07816 0.00898 0.21273
v 0.07811 0.00973 0.21335
v 0.07876 0.00815 0.21148
v 0.08225 0.00333 0.20844
v 0.08273 0.00232 0.20780
v 0.08339 0.00179 0.20650
v 0.08472 0.00147 0.20675
v 0.08197 0.00447 0.20888
v 0.08080 0.00774 0.20884
v 0.07992 0.00792 0.21063
v 0.07807 0.01022 0.21377
v 0.07836 0.00801 0.21231
v 0.08329 0.00178 0.20726
v 0.08377 0.00157 0.20695
v 0.08551 0.00149 0.20502
v 0.08159 0.00589 0.20918
v 0.08101 0.00764 0.20851
v 0.08110 0.00735 0.20869
v 0.07926 0.00798 0.21111
v 0.08090 0.00726 0.20971
v 0.07985 0.00761 0.21102
v 0.08038 0.00745 0.21054
v 0.07804 0.00890 0.21388
v 0.07783 0.01098 0.21406
v 0.07812 0.00972 0.21384
v 0.07877 0.00758 0.21185
v 0.08195 0.00356 0.20955
v 0.08245 0.00231 0.20871
v 0.08306 0.00177 0.20804
v 0.08410 0.00148 0.20732
v 0.08140 0.00633 0.20962
v 0.08161 0.00466 0.21007
v 0.07926 0.00751 0.21151
v 0.07809 0.00816 0.21312
v 0.07800 0.00999 0.21436
v 0.07853 0.00708 0.21224
v 0.08216 0.00251 0.20942
v 0.08274 0.00191 0.20850
v 0.08333 0.00159 0.20805
v 0.08395 0.00145 0.20901
v 0.08370 0.00149 0.20820
v 0.08084 0.00690 0.21033
v 0.08041 0.00680 0.21112
v 0.07795 0.00741 0.21316
v 0.07891 0.00685 0.21201
v 0.08181 0.00299 0.21011
v 0.08163 0.00399 0.21039
v 0.08241 0.00196 0.20919
v 0.08303 0.00162 0.20858
v 0.08089 0.00579 0.21110
v 0.07999 0.00716 0.21138
v 0.07947 0.00670 0.21178
v 0.07797 0.00605 0.21266
v 0.08189 0.00232 0.21018
v 0.08131 0.00424 0.21086
v 0.08276 0.00170 0.20886
v 0.08222 0.00187 0.20993
v 0.08333 0.00147 0.20877
v 0.08014 0.00642 0.21162
v 0.07903 0.00588 0.21206
v 0.08149 0.00262 0.21077
v 0.08252 0.00166 0.20955
v 0.08292 0.00152 0.20923
v 0.08091 0.00444 0.21133
v 0.07992 0.00573 0.21180
v 0.07859 0.00512 0.21205
v 0.08186 0.00190 0.21073
v 0.08249 0.00156 0.21014
v 0.08059 0.00549 0.21149
v 0.07997 0.00633 0.21173
v 0.07941 0.00501 0.21191
v 0.07770 0.00420 0.21191
v 0.08148 0.00207 0.21113
v 0.08080 0.00368 0.21140
v 0.08024 0.00480 0.21179
v 0.07995 0.00485 0.21186
v 0.07881 0.00430 0.21180
v 0.08217 0.00153 0.21110
v 0.08107 0.00225 0.21139
v 0.08157 0.00169 0.21168
v 0.08088 0.00299 0.21130
v 0.08043 0.00426 0.21165
v 0.07982 0.00352 0.21173
v 0.07843 0.00346 0.21154
v 0.08040 0.00352 0.21159
v 0.08228 0.00143 0.21151
v 0.08017 0.00384 0.21172
v 0.07920 0.00337 0.21166
v 0.08061 0.00191 0.21194
v 0.08039 0.00242 0.21165
v 0.08022 0.00292 0.21161
v 0.07964 0.00266 0.21172
v 0.07840 0.00258 0.21140
v 0.08079 0.00153 0.21272
v 0.07903 0.00260 0.21161
v 0.07997 0.00166 0.21245
v 0.07988 0.00210 0.21191
v 0.07904 0.00201 0.21186
v 0.07856 0.00211 0.21148
v 0.08020 0.00142 0.21326
v 0.07910 0.00135 0.21383
v 0.07763 0.00206 0.21134
v 0.07940 0.00174 0.21226
v 0.07921 0.00149 0.21285
v 0.07578 0.00122 0.21548
v 0.07864 0.00201 0.21158
v 0.07787 0.00171 0.21162
v 0.07631 0.00134 0.21312
v 0.07842 0.00179 0.21174
v 0.07871 0.00161 0.21230
v 0.07690 0.00161 0.21165
v 0.07793 0.00142 0.21251
v 0.07761 0.00151 0.21193
v 0.07681 0.00139 0.21239
v 0.03972 0.00083 0.22344
v 0.02674 0.01075 0.20516
v 0.02643 0.00916 0.20442
v 0.02728 0.00962 0.20514
v 0.02511 0.01143 0.20395
v 0.02734 0.00871 0.20518
v 0.02803 0.01031 0.20562
v 0.02577 0.01218 0.20535
v 0.02782 0.00938 0.20537
v 0.02710 0.01176 0.20573
v 0.02416 0.01305 0.20486
v 0.02813 0.00898 0.20558
v 0.02836 0.00941 0.20564
v 0.02875 0.01111 0.20607
v 0.02669 0.01262 0.20589
v 0.02494 0.01300 0.20559
v 0.02794 0.00860 0.20568
v 0.02878 0.00980 0.20581
v 0.02924 0.01027 0.20611
v 0.02765 0.01276 0.20613
v 0.02582 0.01289 0.20579
v 0.02863 0.00904 0.20596
v 0.02746 0.00799 0.20562
v 0.02886 0.00942 0.20591
v 0.02972 0.01086 0.20637
v 0.02998 0.01177 0.20665
v 0.02614 0.01326 0.20593
v 0.02531 0.01324 0.20582
v 0.02808 0.00733 0.20691
v 0.02959 0.00923 0.20670
v 0.02919 0.00967 0.20607
v 0.03005 0.01035 0.20658
v 0.02935 0.01344 0.20672
v 0.02659 0.01449 0.20615
v 0.02473 0.01334 0.20576
v 0.02750 0.00691 0.20645
v 0.02901 0.00784 0.20752
v 0.02968 0.00968 0.20650
v 0.03077 0.01124 0.20693
v 0.02824 0.01402 0.20650
v 0.03120 0.01236 0.20722
v 0.02513 0.01451 0.20590
v 0.02401 0.01357 0.20558
v 0.02452 0.01364 0.20580
v 0.02843 0.00670 0.20771
v 0.02879 0.00718 0.20784
v 0.03118 0.00810 0.20939
v 0.03068 0.00982 0.20731
v 0.03080 0.01049 0.20706
v 0.02899 0.01474 0.20673
v 0.03105 0.01311 0.20722
v 0.02757 0.01459 0.20641
v 0.02626 0.01563 0.20611
v 0.02739 0.00615 0.20665
v 0.03025 0.00685 0.20960
v 0.03149 0.00958 0.20820
v 0.03125 0.01123 0.20714
v 0.02782 0.01497 0.20653
v 0.03012 0.01446 0.20698
v 0.03169 0.01192 0.20733
v 0.02404 0.01382 0.20577
v 0.02724 0.01527 0.20634
v 0.02557 0.01586 0.20601
v 0.02830 0.00533 0.20801
v 0.02854 0.00622 0.20802
v 0.03013 0.00641 0.20975
v 0.03079 0.00713 0.20986
v 0.03232 0.00857 0.20990
v 0.03187 0.01041 0.20782
v 0.03209 0.01120 0.20759
v 0.02822 0.01527 0.20661
v 0.02994 0.01511 0.20689
v 0.03219 0.01335 0.20745
v 0.02421 0.01496 0.20572
v 0.02731 0.01634 0.20609
v 0.02592 0.01644 0.20593
v 0.02333 0.01404 0.20557
v 0.02663 0.00510 0.20589
v 0.03080 0.00643 0.21026
v 0.03222 0.00749 0.21084
v 0.03220 0.00943 0.20890
v 0.02854 0.01560 0.20656
v 0.03308 0.01392 0.20757
v 0.02950 0.01546 0.20673
v 0.03247 0.01207 0.20755
v 0.02327 0.01424 0.20563
v 0.02502 0.01665 0.20574
v 0.02959 0.00600 0.20930
v 0.02726 0.00416 0.20689
v 0.03021 0.00554 0.21008
v 0.03141 0.00681 0.21065
v 0.03230 0.01008 0.20833
v 0.03353 0.00833 0.21115
v 0.03319 0.00937 0.20968
v 0.03263 0.01064 0.20806
v 0.03294 0.01468 0.20738
v 0.03066 0.01573 0.20680
v 0.03402 0.01261 0.20777
v 0.02518 0.01735 0.20547
v 0.02349 0.01585 0.20535
v 0.02829 0.00443 0.20816
v 0.02663 0.00376 0.20597
v 0.03077 0.00560 0.21045
v 0.03127 0.00618 0.21077
v 0.03201 0.00647 0.21135
v 0.03347 0.00741 0.21207
v 0.03309 0.01012 0.20870
v 0.03302 0.01132 0.20781
v 0.02902 0.01637 0.20630
v 0.03187 0.01540 0.20702
v 0.03315 0.01438 0.20754
v 0.03329 0.01199 0.20771
v 0.03480 0.01356 0.20772
v 0.02688 0.01734 0.20558
v 0.02393 0.01675 0.20534
v 0.02384 0.01764 0.20503
v 0.02961 0.00516 0.20946
v 0.02832 0.00292 0.20823
v 0.02724 0.00279 0.20683
v 0.03064 0.00476 0.21037
v 0.03280 0.00668 0.21202
v 0.03407 0.00942 0.21017
v 0.03474 0.00806 0.21254
v 0.03373 0.00983 0.20938
v 0.03332 0.01072 0.20819
v 0.02803 0.01753 0.20542
v 0.03273 0.01542 0.20702
v 0.03357 0.01506 0.20723
v 0.03052 0.01632 0.20649
v 0.03400 0.01179 0.20785
v 0.03530 0.01204 0.20782
v 0.02623 0.01807 0.20505
v 0.02341 0.01728 0.20500
v 0.02428 0.01795 0.20496
v 0.02916 0.00339 0.20906
v 0.02600 0.00282 0.20472
v 0.02665 0.00305 0.20593
v 0.02973 0.00442 0.20956
v 0.03108 0.00494 0.21076
v 0.03169 0.00558 0.21133
v 0.03234 0.00579 0.21203
v 0.03364 0.00959 0.20971
v 0.03489 0.00891 0.21150
v 0.03359 0.00671 0.21275
v 0.03463 0.00712 0.21328
v 0.03387 0.01027 0.20878
v 0.03372 0.01117 0.20799
v 0.03351 0.01154 0.20781
v 0.03027 0.01682 0.20613
v 0.03473 0.01414 0.20757
v 0.03480 0.01184 0.20789
v 0.03561 0.01269 0.20770
v 0.02524 0.01795 0.20511
v 0.02283 0.01665 0.20486
v 0.02376 0.01817 0.20453
v 0.02903 0.00242 0.20915
v 0.02757 0.00221 0.20735
v 0.02653 0.00233 0.20578
v 0.03030 0.00344 0.21004
v 0.03269 0.00579 0.21249
v 0.03385 0.01066 0.20834
v 0.03509 0.00954 0.21056
v 0.03599 0.00825 0.21323
v 0.03466 0.01000 0.20940
v 0.02949 0.01758 0.20532
v 0.03350 0.01574 0.20674
v 0.03483 0.01464 0.20727
v 0.03558 0.01403 0.20744
v 0.03455 0.01105 0.20817
v 0.03614 0.01179 0.20775
v 0.03619 0.01339 0.20750
v 0.03538 0.01133 0.20798
v 0.02702 0.01842 0.20462
v 0.02536 0.01864 0.20459
v 0.02335 0.01778 0.20471
v 0.02301 0.01756 0.20466
v 0.02255 0.01602 0.20494
v 0.02463 0.01842 0.20461
v 0.02980 0.00241 0.20978
v 0.02854 0.00245 0.20859
v 0.02699 0.00176 0.20677
v 0.02544 0.00203 0.20389
v 0.03100 0.00283 0.21072
v 0.03154 0.00441 0.21133
v 0.03210 0.00443 0.21208
v 0.03259 0.00490 0.21256
v 0.03618 0.00935 0.21169
v 0.03389 0.00621 0.21331
v 0.03588 0.00709 0.21434
v 0.03440 0.01047 0.20863
v 0.03086 0.01734 0.20544
v 0.02808 0.01829 0.20455
v 0.03284 0.01608 0.20644
v 0.03474 0.01536 0.20671
v 0.03657 0.01191 0.20772
v 0.02557 0.01880 0.20437
v 0.02236 0.01687 0.20448
v 0.02411 0.01865 0.20407
v 0.02312 0.01804 0.20422
v 0.02911 0.00176 0.20964
v 0.02848 0.00178 0.20899
v 0.02816 0.00201 0.20831
v 0.02760 0.00173 0.20765
v 0.02592 0.00176 0.20500
v 0.02629 0.00152 0.20594
v 0.03037 0.00266 0.21012
v 0.03338 0.00538 0.21321
v 0.03580 0.00979 0.21011
v 0.03451 0.00572 0.21415
v 0.03697 0.00907 0.21294
v 0.03740 0.00801 0.21478
v 0.03520 0.00645 0.21427
v 0.03509 0.01040 0.20866
v 0.03168 0.01691 0.20581
v 0.03063 0.01760 0.20508
v 0.03515 0.01565 0.20620
v 0.03332 0.01646 0.20577
v 0.03534 0.01488 0.20702
v 0.03559 0.01442 0.20724
v 0.03664 0.01405 0.20717
v 0.03526 0.01082 0.20824
v 0.03644 0.01106 0.20791
v 0.03704 0.01338 0.20750
v 0.02689 0.01883 0.20401
v 0.02515 0.01896 0.20408
v 0.02488 0.01880 0.20429
v 0.02222 0.01754 0.20387
v 0.02345 0.01849 0.20377
v 0.02465 0.01891 0.20393
v 0.02970 0.00165 0.21013
v 0.02701 0.00136 0.20714
v 0.02476 0.00155 0.20301
v 0.02548 0.00141 0.20443
v 0.02641 0.00122 0.20670
v 0.03170 0.00289 0.21162
v 0.03038 0.00218 0.21027
v 0.03253 0.00348 0.21263
v 0.03341 0.00390 0.21354
v 0.03539 0.01005 0.20919
v 0.03659 0.00973 0.21094
v 0.03736 0.00942 0.21268
v 0.03782 0.00877 0.21410
v 0.03660 0.00631 0.21559
v 0.03593 0.00616 0.21503
v 0.03195 0.01728 0.20519
v 0.03128 0.01768 0.20463
v 0.03532 0.01531 0.20665
v 0.03616 0.01444 0.20705
v 0.03578 0.01091 0.20809
v 0.03754 0.01091 0.20774
v 0.03721 0.01243 0.20765
v 0.02571 0.01908 0.20382
v 0.02285 0.01851 0.20306
v 0.02843 0.00130 0.20965
v 0.03007 0.00194 0.21012
v 0.02900 0.00120 0.21030
v 0.02774 0.00143 0.20845
v 0.02727 0.00130 0.20781
v 0.02430 0.00136 0.20264
v 0.02555 0.00123 0.20501
v 0.02585 0.00129 0.20550
v 0.02579 0.00110 0.20610
v 0.03130 0.00226 0.21123
v 0.03080 0.00188 0.21088
v 0.03604 0.00991 0.20905
v 0.03715 0.00978 0.21141
v 0.03680 0.00976 0.21039
v 0.03496 0.00563 0.21451
v 0.03826 0.00818 0.21518
v 0.03754 0.00737 0.21547
v 0.03546 0.01012 0.20889
v 0.03582 0.01533 0.20635
v 0.03453 0.01622 0.20542
v 0.03583 0.01491 0.20680
v 0.03734 0.01395 0.20727
v 0.03665 0.01471 0.20668
v 0.03563 0.01047 0.20839
v 0.03621 0.01046 0.20821
v 0.03749 0.01164 0.20767
v 0.03699 0.01037 0.20802
v 0.03782 0.01280 0.20770
v 0.02207 0.01804 0.20303
v 0.02800 0.00128 0.20914
v 0.03024 0.00165 0.21050
v 0.02978 0.00122 0.21070
v 0.02642 0.00106 0.20723
v 0.02516 0.00112 0.20433
v 0.02414 0.00156 0.20192
v 0.02458 0.00122 0.20328
v 0.03205 0.00205 0.21212
v 0.03318 0.00235 0.21344
v 0.03462 0.00457 0.21451
v 0.03637 0.00977 0.20960
v 0.03865 0.00948 0.21361
v 0.03809 0.00963 0.21274
v 0.03931 0.00882 0.21522
v 0.03776 0.00673 0.21607
v 0.03662 0.00573 0.21580
v 0.03530 0.00501 0.21499
v 0.03596 0.01012 0.20860
v 0.03354 0.01687 0.20475
v 0.03275 0.01731 0.20443
v 0.03627 0.01553 0.20582
v 0.03544 0.01606 0.20518
v 0.03785 0.01351 0.20765
v 0.03742 0.01435 0.20699
v 0.03819 0.01119 0.20762
v 0.03790 0.01005 0.20786
v 0.03792 0.01221 0.20768
v 0.02749 0.00107 0.20915
v 0.02812 0.00098 0.21026
v 0.02975 0.00093 0.21125
v 0.02687 0.00105 0.20839
v 0.02390 0.00111 0.20258
v 0.02503 0.00097 0.20510
v 0.02516 0.00087 0.20644
v 0.03186 0.00161 0.21200
v 0.03052 0.00124 0.21124
v 0.03430 0.00262 0.21443
v 0.03696 0.00962 0.20900
v 0.03833 0.00979 0.21125
v 0.03730 0.00958 0.20930
v 0.03923 0.00931 0.21449
v 0.03837 0.00976 0.21214
v 0.04003 0.00861 0.21597
v 0.03860 0.00694 0.21649
v 0.03784 0.00594 0.21651
v 0.03657 0.01510 0.20626
v 0.03578 0.01584 0.20551
v 0.03443 0.01689 0.20370
v 0.03785 0.01408 0.20739
v 0.03743 0.01471 0.20674
v 0.03708 0.00989 0.20827
v 0.03829 0.01040 0.20764
v 0.03829 0.01172 0.20762
v 0.03841 0.01295 0.20799
v 0.03816 0.01256 0.20777
v 0.02845 0.00087 0.21089
v 0.02599 0.00091 0.20788
v 0.02473 0.00092 0.20440
v 0.02342 0.00116 0.20175
v 0.02386 0.00153 0.20095
v 0.03134 0.00127 0.21177
v 0.03244 0.00152 0.21281
v 0.03255 0.00192 0.21276
v 0.03380 0.00187 0.21413
v 0.03534 0.00278 0.21532
v 0.03640 0.00986 0.20872
v 0.03754 0.00972 0.21041
v 0.03629 0.00321 0.21609
v 0.03921 0.00975 0.21329
v 0.03954 0.00975 0.21391
v 0.04025 0.00948 0.21517
v 0.04059 0.00834 0.21659
v 0.03897 0.00625 0.21716
v 0.03684 0.00337 0.21648
v 0.03800 0.00516 0.21683
v 0.03348 0.01720 0.20370
v 0.03679 0.01540 0.20578
v 0.03611 0.01611 0.20498
v 0.03496 0.01712 0.20275
v 0.03715 0.01507 0.20620
v 0.03847 0.01421 0.20788
v 0.03797 0.01454 0.20720
v 0.03864 0.01087 0.20760
v 0.03854 0.01139 0.20767
v 0.03854 0.01012 0.20771
v 0.03767 0.00976 0.20819
v 0.03848 0.01355 0.20806
v 0.03845 0.01213 0.20781
v 0.02732 0.00084 0.21036
v 0.03101 0.00099 0.21209
v 0.02873 0.00069 0.21185
v 0.02576 0.00081 0.20898
v 0.02353 0.00093 0.20277
v 0.02412 0.00077 0.20544
v 0.03183 0.00132 0.21216
v 0.03439 0.00181 0.21473
v 0.03326 0.00169 0.21369
v 0.03490 0.00208 0.21500
v 0.03687 0.00975 0.20859
v 0.03748 0.00963 0.20863
v 0.03953 0.00987 0.21210
v 0.03791 0.00960 0.20903
v 0.04028 0.01002 0.21431
v 0.03933 0.00983 0.21273
v 0.04099 0.00943 0.21596
v 0.04045 0.00720 0.21736
v 0.03942 0.00641 0.21732
v 0.03366 0.01740 0.20255
v 0.03661 0.01585 0.20533
v 0.03562 0.01639 0.20433
v 0.03795 0.01511 0.20678
v 0.03762 0.01525 0.20621
v 0.03884 0.01046 0.20763
v 0.03812 0.00987 0.20794
v 0.03910 0.01343 0.20876
v 0.02783 0.00074 0.21151
v 0.02967 0.00080 0.21179
v 0.02504 0.00080 0.20823
v 0.02286 0.00091 0.20233
v 0.02309 0.00113 0.20092
v 0.02380 0.00079 0.20393
v 0.03157 0.00106 0.21223
v 0.03191 0.00107 0.21267
v 0.03384 0.00144 0.21445
v 0.03359 0.00148 0.21408
v 0.03536 0.00194 0.21551
v 0.03614 0.00223 0.21618
v 0.03894 0.00985 0.21118
v 0.03687 0.00283 0.21656
v 0.03995 0.00998 0.21363
v 0.03992 0.00998 0.21273
v 0.04092 0.00996 0.21528
v 0.04166 0.00888 0.21697
v 0.04120 0.00809 0.21715
v 0.03913 0.00614 0.21736
v 0.03887 0.00537 0.21729
v 0.03720 0.01519 0.20599
v 0.03695 0.01567 0.20548
v 0.03678 0.01648 0.20483
v 0.03435 0.01746 0.20166
v 0.03581 0.01665 0.20374
v 0.03612 0.01647 0.20429
v 0.03855 0.01489 0.20765
v 0.03736 0.01534 0.20595
v 0.03885 0.01099 0.20769
v 0.03896 0.01145 0.20801
v 0.03883 0.01011 0.20763
v 0.03871 0.00987 0.20809
v 0.03810 0.00970 0.20835
v 0.03889 0.01240 0.20829
v 0.02666 0.00075 0.21089
v 0.03080 0.00085 0.21308
v 0.02697 0.00074 0.21204
v 0.02515 0.00072 0.21012
v 0.02265 0.00098 0.20139
v 0.02212 0.00079 0.20275
v 0.02314 0.00070 0.20579
v 0.03240 0.00118 0.21313
v 0.03139 0.00091 0.21255
v 0.03279 0.00121 0.21367
v 0.03406 0.00124 0.21516
v 0.03493 0.00170 0.21516
v 0.03357 0.00130 0.21424
v 0.03954 0.01005 0.21116
v 0.03882 0.00982 0.20974
v 0.03746 0.00250 0.21690
v 0.04061 0.01044 0.21358
v 0.04149 0.01031 0.21565
v 0.04105 0.01037 0.21490
v 0.04175 0.00984 0.21640
v 0.04196 0.00772 0.21778
v 0.04027 0.00657 0.21763
v 0.03969 0.00580 0.21761
v 0.03711 0.01593 0.20539
v 0.03510 0.01742 0.20200
v 0.03560 0.01690 0.20322
v 0.03913 0.01481 0.20861
v 0.03803 0.01582 0.20636
v 0.03841 0.01584 0.20707
v 0.03771 0.01582 0.20592
v 0.03905 0.01076 0.20780
v 0.03884 0.00997 0.20772
v 0.03903 0.01012 0.20767
v 0.03935 0.01177 0.20894
v 0.02864 0.00065 0.21323
v 0.02258 0.00068 0.21265
v 0.02164 0.00087 0.20129
v 0.01941 0.00071 0.20208
v 0.02172 0.00072 0.20751
v 0.03203 0.00097 0.21332
v 0.03342 0.00114 0.21460
v 0.03472 0.00139 0.21529
v 0.03558 0.00149 0.21613
v 0.03518 0.00149 0.21552
v 0.03684 0.00212 0.21668
v 0.03859 0.00977 0.20896
v 0.03977 0.00997 0.21189
v 0.03925 0.00999 0.21021
v 0.04031 0.01017 0.21247
v 0.04115 0.01095 0.21423
v 0.04213 0.00936 0.21705
v 0.04171 0.00677 0.21810
v 0.03834 0.00302 0.21720
v 0.03370 0.01754 0.20084
v 0.03739 0.01588 0.20558
v 0.03649 0.01679 0.20415
v 0.03746 0.01643 0.20549
v 0.03555 0.01729 0.20252
v 0.03504 0.01766 0.20134
v 0.03612 0.01676 0.20373
v 0.03557 0.01709 0.20284
v 0.03968 0.01439 0.20972
v 0.03918 0.01024 0.20777
v 0.03901 0.00995 0.20781
v 0.03971 0.01269 0.20991
v 0.03224 0.00097 0.21411
v 0.02812 0.00071 0.21380
v 0.03072 0.00088 0.21440
v 0.01851 0.00068 0.20556
v 0.03241 0.00104 0.21353
v 0.03293 0.00107 0.21423
v 0.03330 0.00101 0.21545
v 0.03459 0.00116 0.21573
v 0.03641 0.00153 0.21676
v 0.03956 0.01027 0.21047
v 0.04003 0.01017 0.21168
v 0.03915 0.01006 0.20939
v 0.03732 0.00171 0.21707
v 0.04093 0.01090 0.21342
v 0.04059 0.01040 0.21300
v 0.04158 0.01098 0.21510
v 0.04201 0.01056 0.21623
v 0.04255 0.00862 0.21768
v 0.04231 0.01020 0.21684
v 0.04297 0.00720 0.21851
v 0.04041 0.00611 0.21782
v 0.04119 0.00585 0.21816
v 0.03993 0.00507 0.21777
v 0.03804 0.00212 0.21718
v 0.03459 0.01763 0.20073
v 0.03684 0.01739 0.20416
v 0.03731 0.01709 0.20506
v 0.03559 0.01777 0.20187
v 0.03596 0.01720 0.20304
v 0.03900 0.01788 0.20766
v 0.03805 0.01656 0.20627
v 0.03922 0.01057 0.20817
v 0.03916 0.01011 0.20783
v 0.03909 0.01005 0.20804
v 0.03909 0.01010 0.20860
v 0.03981 0.01112 0.21036
v 0.02647 0.00079 0.21291
v 0.02879 0.00070 0.21416
v 0.02039 0.00062 0.21054
v 0.01987 0.00093 0.19876
v 0.01870 0.00070 0.20333
v 0.03401 0.00102 0.21618
v 0.03506 0.00130 0.21575
v 0.03574 0.00123 0.21676
v 0.03997 0.01052 0.21112
v 0.03948 0.01037 0.20989
v 0.04152 0.01172 0.21434
v 0.04059 0.01041 0.21263
v 0.04187 0.01092 0.21572
v 0.04275 0.00966 0.21748
v 0.04333 0.00606 0.21905
v 0.04209 0.00595 0.21850
v 0.04016 0.00382 0.21787
v 0.03876 0.00230 0.21739
v 0.03412 0.01750 0.20028
v 0.03356 0.01747 0.20008
v 0.03649 0.01720 0.20369
v 0.03745 0.01765 0.20510
v 0.03571 0.01715 0.20279
v 0.03591 0.01759 0.20251
v 0.03542 0.01805 0.20107
v 0.03507 0.01781 0.20085
v 0.03964 0.01771 0.20896
v 0.04017 0.01386 0.21081
v 0.03941 0.01063 0.20921
v 0.04033 0.01115 0.21154
v 0.02605 0.00078 0.21394
v 0.02855 0.00070 0.21728
v 0.03023 0.00077 0.21752
v 0.01626 0.00055 0.20229
v 0.01798 0.00067 0.20826
v 0.03514 0.00100 0.21782
v 0.03499 0.00113 0.21643
v 0.03644 0.00116 0.21732
v 0.03687 0.00140 0.21708
v 0.04034 0.01049 0.21189
v 0.03802 0.00166 0.21733
v 0.04074 0.01081 0.21271
v 0.04116 0.01172 0.21337
v 0.04200 0.01159 0.21557
v 0.04233 0.01091 0.21659
v 0.04321 0.00872 0.21804
v 0.04264 0.01048 0.21718
v 0.04364 0.00804 0.21854
v 0.04446 0.00804 0.21896
v 0.04173 0.00535 0.21846
v 0.04128 0.00497 0.21828
v 0.03857 0.00181 0.21744
v 0.03455 0.01765 0.19995
v 0.03690 0.01779 0.20398
v 0.03618 0.01799 0.20253
v 0.03587 0.01844 0.20154
v 0.03511 0.01804 0.20035
v 0.03867 0.01857 0.20692
v 0.03976 0.01820 0.20897
v 0.04024 0.01668 0.21029
v 0.04040 0.01565 0.21089
v 0.04080 0.01199 0.21246
v 0.02651 0.00073 0.21601
v 0.02410 0.00071 0.21400
v 0.01917 0.00063 0.20961
v 0.03467 0.00086 0.22027
v 0.03547 0.00105 0.21741
v 0.03714 0.00129 0.21742
v 0.03773 0.00139 0.21747
v 0.04178 0.01251 0.21474
v 0.04058 0.01086 0.21218
v 0.04343 0.00960 0.21812
v 0.04305 0.01033 0.21771
v 0.04287 0.00554 0.21887
v 0.04372 0.00625 0.21914
v 0.04215 0.00497 0.21858
v 0.04055 0.00284 0.21799
v 0.04140 0.00340 0.21823
v 0.03921 0.00204 0.21758
v 0.03407 0.01742 0.19961
v 0.03565 0.01881 0.20059
v 0.03926 0.01896 0.20762
v 0.04112 0.01430 0.21288
v 0.02549 0.00078 0.21476
v 0.02934 0.00079 0.21917
v 0.02761 0.00072 0.21812
v 0.03664 0.00097 0.21909
v 0.03655 0.00109 0.21784
v 0.03841 0.00141 0.21771
v 0.04239 0.01162 0.21648
v 0.04288 0.01129 0.21748
v 0.04223 0.01229 0.21599
v 0.04408 0.00899 0.21865
v 0.04378 0.00555 0.21916
v 0.04471 0.00679 0.21944
v 0.04029 0.00218 0.21794
v 0.04200 0.00431 0.21843
v 0.04020 0.00185 0.21792
v 0.03906 0.00155 0.21775
v 0.03492 0.01808 0.19958
v 0.03428 0.01752 0.19958
v 0.03771 0.01898 0.20512
v 0.03616 0.01906 0.20167
v 0.03864 0.02010 0.20605
v 0.04068 0.01775 0.21068
v 0.04007 0.01903 0.20894
v 0.04097 0.01719 0.21151
v 0.04105 0.01561 0.21235
v 0.03629 0.00081 0.22235
v 0.03757 0.00122 0.21769
v 0.04170 0.01361 0.21452
v 0.04214 0.01318 0.21586
v 0.04430 0.00973 0.21888
v 0.04354 0.01070 0.21832
v 0.04494 0.00893 0.21916
v 0.04424 0.00587 0.21934
v 0.04525 0.00798 0.21931
v 0.04145 0.00269 0.21822
v 0.04085 0.00224 0.21812
v 0.04262 0.00330 0.21839
v 0.04006 0.00165 0.21795
v 0.03452 0.01774 0.19943
v 0.03522 0.01855 0.19954
v 0.03706 0.01967 0.20326
v 0.03584 0.01958 0.20037
v 0.03882 0.02039 0.20603
v 0.04141 0.01822 0.21149
v 0.03972 0.01993 0.20764
v 0.04149 0.01559 0.21346
v 0.03782 0.00103 0.21883
v 0.03770 0.00087 0.21980
v 0.03927 0.00131 0.21814
v 0.03855 0.00119 0.21836
v 0.04148 0.01459 0.21378
v 0.04262 0.01257 0.21704
v 0.04351 0.01258 0.21886
v 0.04480 0.00476 0.21927
v 0.04467 0.00632 0.21950
v 0.04608 0.00730 0.21974
v 0.04268 0.00253 0.21835
v 0.04058 0.00171 0.21819
v 0.03464 0.01812 0.19891
v 0.03773 0.02058 0.20409
v 0.03658 0.02043 0.20171
v 0.03803 0.02012 0.20497
v 0.04147 0.01941 0.21054
v 0.04074 0.02093 0.20822
v 0.04134 0.01650 0.21259
v 0.03857 0.00082 0.22123
v 0.04178 0.01504 0.21470
v 0.04201 0.01427 0.21569
v 0.04240 0.01381 0.21691
v 0.04436 0.01071 0.21915
v 0.04528 0.00946 0.21945
v 0.04583 0.00873 0.21950
v 0.04460 0.00376 0.21897
v 0.04581 0.00529 0.21969
v 0.04538 0.00621 0.21968
v 0.04609 0.00650 0.21988
v 0.04617 0.00811 0.21956
v 0.04223 0.00235 0.21830
v 0.04155 0.00194 0.21836
v 0.04317 0.00287 0.21853
v 0.04002 0.00145 0.21817
v 0.03496 0.01878 0.19846
v 0.03749 0.02084 0.20327
v 0.03509 0.01926 0.19823
v 0.03976 0.02139 0.20639
v 0.04175 0.01754 0.21275
v 0.04219 0.01934 0.21164
v 0.04121 0.02009 0.20957
v 0.04183 0.01679 0.21355
v 0.04002 0.00117 0.21900
v 0.03769 0.00084 0.22285
v 0.03977 0.00100 0.21999
v 0.04276 0.01364 0.21784
v 0.04512 0.01007 0.21957
v 0.04481 0.01154 0.21987
v 0.04546 0.00411 0.21923
v 0.04697 0.00695 0.22007
v 0.04685 0.00819 0.21969
v 0.04262 0.00190 0.21845
v 0.04109 0.00142 0.21863
v 0.04309 0.00202 0.21865
v 0.04043 0.00132 0.21862
v 0.03465 0.01852 0.19817
v 0.03825 0.02152 0.20405
v 0.04202 0.01841 0.21244
v 0.04212 0.02068 0.21005
v 0.04073 0.02218 0.20684
v 0.04160 0.02143 0.20892
v 0.04186 0.01600 0.21435
v 0.04145 0.00085 0.22323
v 0.04112 0.00095 0.22074
v 0.04203 0.01495 0.21589
v 0.04310 0.01440 0.21911
v 0.04252 0.01485 0.21775
v 0.04538 0.01026 0.21984
v 0.04643 0.00959 0.21989
v 0.04571 0.00997 0.21986
v 0.04467 0.01273 0.22050
v 0.04699 0.00869 0.21974
v 0.04520 0.00315 0.21898
v 0.04646 0.00418 0.21942
v 0.04674 0.00625 0.22014
v 0.04431 0.00320 0.21885
v 0.04163 0.00137 0.21876
v 0.04374 0.00245 0.21877
v 0.03478 0.01911 0.19762
v 0.04237 0.01781 0.21387
v 0.04127 0.02228 0.20747
v 0.04211 0.01611 0.21584
v 0.04217 0.01679 0.21459
v 0.04107 0.00102 0.21981
v 0.04093 0.00118 0.21908
v 0.04346 0.01378 0.21964
v 0.04574 0.01175 0.22065
v 0.04391 0.01355 0.22023
v 0.04553 0.01091 0.22014
v 0.04600 0.00338 0.21907
v 0.04658 0.00491 0.21984
v 0.04665 0.00543 0.22014
v 0.04723 0.00589 0.22028
v 0.04771 0.00806 0.21998
v 0.04772 0.00878 0.21992
v 0.04250 0.00166 0.21859
v 0.04133 0.00124 0.21890
v 0.04379 0.00166 0.21911
v 0.04317 0.01842 0.21487
v 0.04165 0.00090 0.22259
v 0.04234 0.00096 0.21985
v 0.04211 0.01574 0.21606
v 0.04245 0.01527 0.21751
v 0.04355 0.01455 0.22019
v 0.04298 0.01571 0.21881
v 0.04588 0.01031 0.22009
v 0.04745 0.00951 0.22000
v 0.04556 0.01280 0.22129
v 0.04437 0.01349 0.22084
v 0.04575 0.00283 0.21895
v 0.04452 0.00250 0.21893
v 0.04720 0.00496 0.21999
v 0.04683 0.00339 0.21912
v 0.04766 0.00691 0.22021
v 0.04822 0.00758 0.22020
v 0.04297 0.00149 0.21896
v 0.04225 0.00125 0.21898
v 0.04161 0.00113 0.21921
v 0.04264 0.01757 0.21490
v 0.04308 0.01965 0.21285
v 0.04317 0.00082 0.22264
v 0.04331 0.00087 0.22069
v 0.04224 0.01606 0.21645
v 0.04231 0.01643 0.21620
v 0.04320 0.01526 0.21966
v 0.04730 0.01019 0.22023
v 0.04644 0.01069 0.22038
v 0.04644 0.01232 0.22128
v 0.04485 0.01359 0.22137
v 0.04417 0.01414 0.22097
v 0.04544 0.00226 0.21899
v 0.04640 0.00256 0.21896
v 0.04687 0.00529 0.22016
v 0.04784 0.00418 0.21957
v 0.04776 0.00336 0.21918
v 0.04790 0.00599 0.22026
v 0.04827 0.00854 0.22002
v 0.04854 0.00932 0.22000
v 0.04359 0.00119 0.21957
v 0.04473 0.00166 0.21913
v 0.04291 0.01758 0.21588
v 0.04451 0.02029 0.21441
v 0.04494 0.00089 0.22401
v 0.04346 0.00099 0.22000
v 0.04256 0.00106 0.21950
v 0.04266 0.01639 0.21741
v 0.04283 0.01642 0.21804
v 0.04356 0.01557 0.22033
v 0.04331 0.01596 0.21968
v 0.04822 0.01001 0.22010
v 0.04684 0.01123 0.22074
v 0.04623 0.01319 0.22183
v 0.04550 0.01345 0.22180
v 0.04815 0.00492 0.21996
v 0.04744 0.00545 0.22020
v 0.04720 0.00284 0.21896
v 0.04866 0.00684 0.22035
v 0.04899 0.00824 0.22016
v 0.04453 0.00130 0.21934
v 0.04353 0.01828 0.21598
v 0.04392 0.01907 0.21518
v 0.04469 0.00095 0.22044
v 0.04367 0.01688 0.21929
v 0.04404 0.01509 0.22103
v 0.04811 0.01066 0.22035
v 0.04737 0.01092 0.22057
v 0.04726 0.01291 0.22165
v 0.04522 0.01405 0.22199
v 0.04470 0.01458 0.22168
v 0.04605 0.00178 0.21906
v 0.04544 0.00146 0.21919
v 0.04874 0.00378 0.21955
v 0.04722 0.00228 0.21894
v 0.04777 0.00262 0.21894
v 0.04876 0.00752 0.22032
v 0.04890 0.00588 0.22029
v 0.04907 0.00886 0.22001
v 0.04899 0.01046 0.21999
v 0.04433 0.00111 0.21969
v 0.04497 0.00134 0.21925
v 0.04343 0.01785 0.21710
v 0.04310 0.01754 0.21683
v 0.04526 0.02019 0.21537
v 0.04634 0.00098 0.22116
v 0.04291 0.01703 0.21725
v 0.04319 0.01701 0.21800
v 0.04426 0.01616 0.22099
v 0.04368 0.01630 0.22016
v 0.04665 0.01390 0.22230
v 0.04581 0.01383 0.22215
v 0.04672 0.00183 0.21910
v 0.04941 0.00482 0.22007
v 0.04847 0.00277 0.21911
v 0.05011 0.00742 0.22050
v 0.05008 0.00596 0.22048
v 0.05048 0.00929 0.21988
v 0.05008 0.00804 0.22032
v 0.05028 0.00970 0.21981
v 0.05029 0.01039 0.21979
v 0.04506 0.00118 0.21945
v 0.04438 0.01859 0.21745
v 0.04452 0.01899 0.21631
v 0.04505 0.02073 0.21434
v 0.04551 0.02015 0.21582
v 0.04641 0.00099 0.22348
v 0.04580 0.00107 0.21973
v 0.04418 0.01807 0.21826
v 0.04462 0.01544 0.22159
v 0.04412 0.01685 0.22033
v 0.04954 0.01122 0.22007
v 0.04818 0.01150 0.22071
v 0.04734 0.01385 0.22214
v 0.04634 0.01374 0.22221
v 0.04516 0.01456 0.22210
v 0.04562 0.01445 0.22227
v 0.04633 0.00142 0.21928
v 0.04592 0.00137 0.21921
v 0.04994 0.00363 0.21988
v 0.04925 0.00284 0.21943
v 0.04774 0.00216 0.21896
v 0.04744 0.00175 0.21919
v 0.04813 0.00231 0.21897
v 0.05085 0.00685 0.22069
v 0.05008 0.01097 0.21989
v 0.04587 0.02064 0.21514
v 0.04776 0.00102 0.22182
v 0.04659 0.00112 0.22017
v 0.04492 0.01801 0.21975
v 0.04538 0.01518 0.22209
v 0.04521 0.01614 0.22172
v 0.04427 0.01730 0.21998
v 0.04914 0.01168 0.22045
v 0.04846 0.01357 0.22173
v 0.04717 0.01433 0.22236
v 0.04623 0.01424 0.22236
v 0.04684 0.00136 0.21958
v 0.04573 0.00125 0.21930
v 0.04555 0.00115 0.21948
v 0.05049 0.00476 0.22034
v 0.04887 0.00231 0.21922
v 0.04847 0.00220 0.21908
v 0.05112 0.00761 0.22063
v 0.05114 0.00555 0.22071
v 0.05074 0.00849 0.22022
v 0.05100 0.01003 0.21963
v 0.05083 0.01061 0.21962
v 0.05060 0.01136 0.21979
v 0.04591 0.02009 0.21710
v 0.04503 0.01899 0.21805
v 0.04573 0.02013 0.21638
v 0.04613 0.02056 0.21564
v 0.04940 0.00098 0.22317
v 0.04828 0.00115 0.22065
v 0.04613 0.00117 0.21952
v 0.04492 0.01861 0.21878
v 0.04498 0.01675 0.22136
v 0.04470 0.01701 0.22092
v 0.04462 0.01739 0.22041
v 0.05019 0.01176 0.22002
v 0.04931 0.01312 0.22122
v 0.04784 0.01478 0.22221
v 0.04685 0.01457 0.22241
v 0.04623 0.01495 0.22237
v 0.05213 0.00366 0.22078
v 0.04988 0.00256 0.21977
v 0.04927 0.00207 0.21953
v 0.04809 0.00187 0.21914
v 0.04752 0.00138 0.21962
v 0.05204 0.00725 0.22094
v 0.05177 0.00657 0.22094
v 0.05129 0.00922 0.21991
v 0.05122 0.00966 0.21969
v 0.04627 0.02049 0.21629
v 0.04660 0.02079 0.21532
v 0.04957 0.00108 0.22179
v 0.05225 0.00106 0.22418
v 0.04754 0.00117 0.22020
v 0.04571 0.01910 0.21899
v 0.04653 0.01608 0.22217
v 0.04583 0.01709 0.22154
v 0.05000 0.01237 0.22041
v 0.04988 0.01288 0.22079
v 0.04927 0.01361 0.22154
v 0.04872 0.01432 0.22196
v 0.05059 0.00293 0.22010
v 0.04865 0.00182 0.21935
v 0.04802 0.00149 0.21944
v 0.05229 0.00762 0.22089
v 0.05205 0.00568 0.22102
v 0.05291 0.00810 0.22080
v 0.05158 0.01020 0.21942
v 0.05091 0.01171 0.21957
v 0.04592 0.01982 0.21788
v 0.04629 0.02044 0.21686
v 0.04678 0.02068 0.21595
v 0.04992 0.00125 0.22111
v 0.05107 0.00108 0.22198
v 0.04798 0.00132 0.21971
v 0.04580 0.01825 0.22045
v 0.04535 0.01762 0.22084
v 0.04518 0.01716 0.22125
v 0.05073 0.01259 0.21992
v 0.05019 0.01358 0.22094
v 0.04938 0.01419 0.22169
v 0.04972 0.01373 0.22137
v 0.04904 0.01494 0.22193
v 0.04711 0.01538 0.22237
v 0.05306 0.00456 0.22125
v 0.05152 0.00328 0.22050
v 0.04970 0.00195 0.21988
v 0.05029 0.00209 0.22017
v 0.04913 0.00164 0.21975
v 0.05310 0.00632 0.22128
v 0.05281 0.00895 0.22030
v 0.05203 0.00990 0.21955
v 0.04641 0.02025 0.21767
v 0.04669 0.02059 0.21673
v 0.05069 0.00113 0.22163
v 0.04899 0.00124 0.22065
v 0.05264 0.00118 0.22198
v 0.05452 0.00110 0.22455
v 0.04875 0.00145 0.21985
v 0.04661 0.01930 0.21962
v 0.04702 0.01732 0.22182
v 0.05045 0.01306 0.22046
v 0.04910 0.01638 0.22180
v 0.04770 0.01617 0.22220
v 0.05322 0.00342 0.22098
v 0.05194 0.00271 0.22060
v 0.05137 0.00255 0.22045
v 0.05087 0.00247 0.22027
v 0.05382 0.00729 0.22126
v 0.05310 0.00522 0.22134
v 0.05447 0.00831 0.22100
v 0.04636 0.01991 0.21831
v 0.04677 0.02044 0.21747
v 0.04731 0.02069 0.21607
v 0.05093 0.00139 0.22100
v 0.04961 0.00155 0.22029
v 0.05156 0.00126 0.22128
v 0.05394 0.00118 0.22220
v 0.04664 0.01819 0.22101
v 0.04681 0.01974 0.21899
v 0.04722 0.01911 0.22023
v 0.04732 0.01677 0.22214
v 0.05080 0.01342 0.22025
v 0.05013 0.01428 0.22130
v 0.04988 0.01514 0.22158
v 0.05488 0.00401 0.22133
v 0.05261 0.00290 0.22076
v 0.05102 0.00191 0.22054
v 0.05404 0.00665 0.22143
v 0.05442 0.00517 0.22148
v 0.05425 0.00600 0.22151
v 0.05642 0.00940 0.22077
v 0.05313 0.01010 0.21954
v 0.04690 0.02028 0.21802
v 0.04717 0.02042 0.21769
v 0.05030 0.00153 0.22067
v 0.05319 0.00120 0.22181
v 0.05207 0.00133 0.22121
v 0.05505 0.00113 0.22253
v 0.04720 0.01954 0.21959
v 0.04776 0.01807 0.22154
v 0.04800 0.01723 0.22195
v 0.05050 0.01456 0.22107
v 0.05004 0.01598 0.22154
v 0.05458 0.00296 0.22106
v 0.05356 0.00257 0.22087
v 0.05213 0.00240 0.22062
v 0.05179 0.00210 0.22063
v 0.05565 0.00670 0.22172
v 0.05572 0.00749 0.22154
v 0.05698 0.00869 0.22126
v 0.05651 0.00997 0.22041
v 0.04692 0.02010 0.21846
v 0.04762 0.02058 0.21631
v 0.05156 0.00157 0.22085
v 0.05396 0.00135 0.22136
v 0.05266 0.00138 0.22134
v 0.05185 0.00140 0.22101
v 0.05674 0.00111 0.22285
v 0.05479 0.00125 0.22180
v 0.04802 0.01877 0.22095
v 0.04746 0.01999 0.21875
v 0.04785 0.01950 0.21979
v 0.05050 0.01592 0.22122
v 0.04980 0.01631 0.22165
v 0.04862 0.01743 0.22182
v 0.05554 0.00304 0.22116
v 0.05611 0.00562 0.22182
v 0.05239 0.00222 0.22071
v 0.05829 0.00989 0.22077
v 0.04716 0.02023 0.21828
v 0.04745 0.02028 0.21797
v 0.04782 0.02030 0.21742
v 0.05336 0.00140 0.22134
v 0.05421 0.00133 0.22149
v 0.05220 0.00165 0.22091
v 0.05621 0.00117 0.22165
v 0.05894 0.00115 0.22334
v 0.04804 0.01921 0.22034
v 0.04842 0.01841 0.22141
v 0.04836 0.01790 0.22172
v 0.05005 0.01655 0.22136
v 0.04889 0.01788 0.22152
v 0.05644 0.00334 0.22135
v 0.05546 0.00220 0.22102
v 0.05420 0.00221 0.22091
v 0.05642 0.00495 0.22172
v 0.05308 0.00187 0.22094
v 0.05717 0.00687 0.22187
v 0.05613 0.00597 0.22184
v 0.05814 0.00810 0.22167
v 0.04818 0.02008 0.21764
v 0.05367 0.00162 0.22104
v 0.05427 0.00167 0.22107
v 0.05754 0.00125 0.22227
v 0.05458 0.00142 0.22133
v 0.05561 0.00126 0.22157
v 0.05990 0.00110 0.22378
v 0.05848 0.00121 0.22277
v 0.04872 0.01895 0.22052
v 0.04798 0.01998 0.21861
v 0.04842 0.01937 0.22001
v 0.04850 0.01872 0.22119
v 0.04962 0.01751 0.22116
v 0.05615 0.00241 0.22106
v 0.05471 0.00209 0.22099
v 0.05378 0.00195 0.22090
v 0.06006 0.00895 0.22161
v 0.05646 0.00126 0.22136
v 0.05502 0.00159 0.22120
v 0.05603 0.00130 0.22121
v 0.06027 0.00124 0.22283
v 0.05933 0.00134 0.22242
v 0.04865 0.01876 0.22102
v 0.04875 0.01853 0.22127
v 0.04908 0.01840 0.22103
v 0.05691 0.00222 0.22123
v 0.05763 0.00463 0.22182
v 0.05602 0.00174 0.22094
v 0.05775 0.00576 0.22198
v 0.05839 0.00683 0.22207
v 0.05970 0.00758 0.22218
v 0.06041 0.01105 0.22038
v 0.05741 0.00149 0.22164
v 0.05821 0.00152 0.22194
v 0.05570 0.00154 0.22109
v 0.06151 0.00129 0.22247
v 0.05876 0.00139 0.22220
v 0.04875 0.01926 0.21995
v 0.04867 0.01957 0.21902
v 0.04958 0.01827 0.22044
v 0.05781 0.00317 0.22158
v 0.05641 0.00181 0.22099
v 0.06076 0.00787 0.22233
v 0.06183 0.00968 0.22133
v 0.05682 0.00137 0.22134
v 0.05629 0.00136 0.22107
v 0.05606 0.00143 0.22098
v 0.06246 0.00119 0.22288
v 0.06093 0.00147 0.22216
v 0.06018 0.00143 0.22225
v 0.05903 0.00166 0.22192
v 0.04914 0.01892 0.22009
v 0.05777 0.00203 0.22153
v 0.05670 0.00153 0.22117
v 0.05953 0.00559 0.22232
v 0.05973 0.00293 0.22186
v 0.05628 0.00152 0.22095
v 0.05934 0.00657 0.22230
v 0.06017 0.00696 0.22247
v 0.06144 0.00861 0.22203
v 0.06216 0.00139 0.22202
v 0.06150 0.00150 0.22201
v 0.05967 0.00158 0.22200
v 0.06387 0.00120 0.22239
v 0.04917 0.01908 0.21956
v 0.05844 0.00250 0.22162
v 0.05991 0.00364 0.22203
v 0.06137 0.00707 0.22262
v 0.06192 0.00806 0.22238
v 0.06246 0.00855 0.22205
v 0.05850 0.00194 0.22169
v 0.06301 0.00130 0.22199
v 0.06113 0.00186 0.22184
v 0.06056 0.00171 0.22194
v 0.06011 0.00175 0.22191
v 0.06524 0.00118 0.22218
v 0.05969 0.00202 0.22182
v 0.06033 0.00616 0.22259
v 0.06106 0.00334 0.22195
v 0.05907 0.00226 0.22173
v 0.06272 0.00144 0.22160
v 0.06181 0.00172 0.22173
v 0.06363 0.00142 0.22126
v 0.06080 0.00535 0.22251
v 0.06049 0.00226 0.22183
v 0.06153 0.00468 0.22235
v 0.06132 0.00612 0.22265
v 0.06205 0.00765 0.22251
v 0.06250 0.00785 0.22239
v 0.06230 0.00161 0.22161
v 0.06162 0.00220 0.22167
v 0.06115 0.00245 0.22178
v 0.06207 0.00667 0.22259
v 0.06322 0.00793 0.22217
v 0.06226 0.00204 0.22145
v 0.06705 0.00125 0.22163
v 0.06186 0.00259 0.22163
v 0.06267 0.00572 0.22240
v 0.06239 0.00730 0.22253
v 0.06852 0.00135 0.22104
v 0.06601 0.00117 0.21929
v 0.06759 0.00123 0.21814
v 0.07129 0.00131 0.21782
v 0.07145 0.00138 0.21916
v 0.07346 0.00131 0.21760
v 0.07421 0.01438 0.21325
v 0.07523 0.01379 0.21256
v 0.07424 0.01426 0.21217
v 0.07442 0.01424 0.21409
v 0.07466 0.01390 0.21164
v 0.07349 0.01466 0.21188
v 0.07333 0.01474 0.21366
v 0.07610 0.01330 0.21281
v 0.07561 0.01354 0.21217
v 0.07413 0.01419 0.21120
v 0.07289 0.01497 0.21186
v 0.07336 0.01462 0.21409
v 0.07302 0.01490 0.21298
v 0.07596 0.01320 0.21423
v 0.07607 0.01321 0.21210
v 0.07481 0.01349 0.21095
v 0.07352 0.01462 0.21107
v 0.07309 0.01490 0.21085
v 0.07357 0.01438 0.21477
v 0.07298 0.01473 0.21400
v 0.07246 0.01503 0.21309
v 0.07659 0.01288 0.21329
v 0.07458 0.01397 0.21471
v 0.07224 0.01518 0.21237
v 0.07240 0.01538 0.21075
v 0.07294 0.01456 0.21437
v 0.07643 0.01308 0.21260
v 0.07744 0.01199 0.21371
v 0.07549 0.01324 0.21523
v 0.07616 0.01285 0.21169
v 0.07340 0.01470 0.21077
v 0.07228 0.01523 0.21189
v 0.07205 0.01544 0.21137
v 0.07309 0.01416 0.21508
v 0.07395 0.01396 0.21524
v 0.07221 0.01484 0.21371
v 0.07127 0.01530 0.21254
v 0.07699 0.01241 0.21274
v 0.07666 0.01236 0.21464
v 0.07447 0.01365 0.21550
v 0.07608 0.01278 0.21525
v 0.07677 0.01241 0.21204
v 0.07148 0.01554 0.21160
v 0.07181 0.01576 0.21083
v 0.07198 0.01559 0.21004
v 0.07109 0.01440 0.21434
v 0.07081 0.01518 0.21295
v 0.07188 0.01507 0.21321
v 0.07769 0.01174 0.21377
v 0.07734 0.01156 0.21450
v 0.07564 0.01294 0.21564
v 0.07205 0.01567 0.21057
v 0.07356 0.01342 0.21605
v 0.07050 0.01483 0.21357
v 0.07233 0.01379 0.21548
v 0.07113 0.01587 0.21084
v 0.07764 0.01179 0.21381
v 0.07745 0.01173 0.21269
v 0.07627 0.01232 0.21565
v 0.07427 0.01293 0.21655
v 0.07170 0.01585 0.21055
v 0.07154 0.01565 0.20927
v 0.06992 0.01436 0.21411
v 0.06961 0.01513 0.21304
v 0.06927 0.01577 0.21180
v 0.07731 0.01101 0.21527
v 0.07496 0.01253 0.21657
v 0.07579 0.01227 0.21619
v 0.07130 0.01602 0.20982
v 0.07160 0.01594 0.21025
v 0.07220 0.01299 0.21645
v 0.07403 0.01271 0.21682
v 0.06966 0.01608 0.21077
v 0.07779 0.01138 0.21351
v 0.07774 0.01092 0.21459
v 0.07667 0.01174 0.21563
v 0.07429 0.01254 0.21688
v 0.07622 0.01181 0.21615
v 0.07154 0.01597 0.21044
v 0.07082 0.01610 0.20905
v 0.07252 0.01234 0.21716
v 0.06867 0.01453 0.21357
v 0.07120 0.01254 0.21668
v 0.06880 0.01563 0.21211
v 0.06883 0.01603 0.21141
v 0.06996 0.01643 0.20956
v 0.07793 0.01059 0.21444
v 0.07671 0.01118 0.21602
v 0.07746 0.01045 0.21549
v 0.07506 0.01191 0.21697
v 0.07092 0.01612 0.21017
v 0.07051 0.01590 0.20836
v 0.07069 0.01627 0.20964
v 0.06894 0.01358 0.21467
v 0.06837 0.01518 0.21266
v 0.07373 0.01166 0.21758
v 0.06855 0.01633 0.21074
v 0.06835 0.01677 0.20902
v 0.07784 0.01043 0.21481
v 0.07712 0.01061 0.21580
v 0.07425 0.01154 0.21750
v 0.07000 0.01645 0.20863
v 0.07032 0.01642 0.20920
v 0.06732 0.01414 0.21361
v 0.07014 0.01250 0.21623
v 0.06795 0.01573 0.21181
v 0.06839 0.01600 0.21149
v 0.06846 0.01637 0.21052
v 0.06887 0.01677 0.20887
v 0.07772 0.00984 0.21522
v 0.06808 0.01364 0.21439
v 0.06696 0.01518 0.21229
v 0.06895 0.01241 0.21558
v 0.06759 0.01637 0.21059
v 0.06815 0.01655 0.20989
v 0.06945 0.01678 0.20873
v 0.06855 0.01681 0.20875
v 0.06940 0.01649 0.20817
v 0.06987 0.01657 0.20911
v 0.06833 0.01288 0.21504
v 0.06679 0.01322 0.21434
v 0.06584 0.01405 0.21326
v 0.06998 0.01198 0.21650
v 0.06723 0.01595 0.21130
v 0.06742 0.01673 0.20955
v 0.06905 0.01679 0.20848
v 0.06841 0.01678 0.20846
v 0.06948 0.01674 0.20855
v 0.06600 0.01317 0.21419
v 0.06585 0.01560 0.21158
v 0.06815 0.01228 0.21532
v 0.06877 0.01180 0.21575
v 0.06776 0.01683 0.20879
v 0.06826 0.01577 0.20724
v 0.06741 0.01255 0.21492
v 0.06614 0.01251 0.21459
v 0.06512 0.01356 0.21350
v 0.06666 0.01633 0.21065
v 0.06690 0.01664 0.21005
v 0.06679 0.01702 0.20879
v 0.06883 0.01662 0.20814
v 0.06784 0.01677 0.20817
v 0.06824 0.01652 0.20791
v 0.06559 0.01240 0.21445
v 0.06452 0.01470 0.21223
v 0.06465 0.01299 0.21372
v 0.06727 0.01182 0.21511
v 0.06573 0.01648 0.21045
v 0.06647 0.01695 0.20940
v 0.06717 0.01696 0.20827
v 0.06816 0.01673 0.20817
v 0.06766 0.01640 0.20750
v 0.06676 0.01169 0.21496
v 0.06334 0.01413 0.21242
v 0.06525 0.01572 0.21135
v 0.06257 0.01335 0.21270
v 0.06747 0.01141 0.21523
v 0.06614 0.01675 0.20999
v 0.06668 0.01717 0.20804
v 0.06537 0.01749 0.20863
v 0.06742 0.01674 0.20781
v 0.06459 0.01239 0.21396
v 0.06508 0.01172 0.21435
v 0.06403 0.01551 0.21138
v 0.06826 0.01112 0.21562
v 0.06517 0.01721 0.20942
v 0.06467 0.01688 0.20993
v 0.06688 0.01700 0.20770
v 0.06632 0.01733 0.20804
v 0.06577 0.01759 0.20776
v 0.06596 0.01113 0.21470
v 0.06215 0.01559 0.21084
v 0.06134 0.01451 0.21160
v 0.06385 0.01624 0.21057
v 0.06393 0.01177 0.21390
v 0.06710 0.01012 0.21499
v 0.06730 0.00932 0.21509
v 0.06639 0.01732 0.20764
v 0.06474 0.01777 0.20798
v 0.06410 0.01771 0.20842
v 0.06651 0.01055 0.21483
v 0.06489 0.01108 0.21444
v 0.06269 0.01626 0.21024
v 0.06152 0.01511 0.21117
v 0.06117 0.01382 0.21193
v 0.06786 0.00916 0.21543
v 0.06339 0.01745 0.20896
v 0.06618 0.01745 0.20772
v 0.06483 0.01781 0.20730
v 0.06560 0.01035 0.21478
v 0.06171 0.01666 0.20965
v 0.06040 0.01607 0.21011
v 0.06061 0.01441 0.21153
v 0.06235 0.01163 0.21323
v 0.06672 0.00959 0.21488
v 0.06778 0.00843 0.21560
v 0.06622 0.01736 0.20727
v 0.06596 0.01753 0.20742
v 0.06396 0.01787 0.20783
v 0.06444 0.01790 0.20733
v 0.06548 0.01770 0.20735
v 0.06320 0.01749 0.20882
v 0.06413 0.01102 0.21432
v 0.06621 0.00976 0.21482
v 0.06476 0.01074 0.21458
v 0.06004 0.01518 0.21082
v 0.06039 0.01386 0.21163
v 0.06168 0.01246 0.21263
v 0.06351 0.01112 0.21408
v 0.06696 0.00899 0.21511
v 0.06278 0.01804 0.20714
v 0.06454 0.01769 0.20651
v 0.06522 0.01771 0.20685
v 0.06233 0.01778 0.20816
v 0.06582 0.00972 0.21502
v 0.06484 0.01043 0.21490
v 0.05878 0.01774 0.20823
v 0.06215 0.01745 0.20868
v 0.05939 0.01541 0.21057
v 0.05976 0.01454 0.21112
v 0.06096 0.01273 0.21218
v 0.06163 0.01174 0.21292
v 0.06211 0.01134 0.21337
v 0.06649 0.00934 0.21488
v 0.06717 0.00850 0.21539
v 0.06565 0.01763 0.20703
v 0.06363 0.01795 0.20704
v 0.06255 0.01797 0.20763
v 0.06365 0.01785 0.20647
v 0.06427 0.01068 0.21468
v 0.06367 0.01079 0.21454
v 0.06619 0.00940 0.21493
v 0.06533 0.01005 0.21512
v 0.06075 0.01773 0.20835
v 0.06002 0.01302 0.21165
v 0.05940 0.01387 0.21121
v 0.06079 0.01186 0.21236
v 0.06282 0.01093 0.21400
v 0.06645 0.00907 0.21505
v 0.06738 0.00806 0.21575
v 0.06685 0.00854 0.21546
v 0.06291 0.01802 0.20653
v 0.06094 0.01838 0.20704
v 0.06518 0.01750 0.20641
v 0.06554 0.01757 0.20670
v 0.06126 0.01810 0.20773
v 0.06630 0.00899 0.21534
v 0.06558 0.00968 0.21556
v 0.06408 0.01059 0.21522
v 0.06491 0.01022 0.21552
v 0.06025 0.01821 0.20767
v 0.05698 0.01797 0.20776
v 0.05902 0.01491 0.21076
v 0.05993 0.01180 0.21180
v 0.05826 0.01441 0.21067
v 0.06146 0.01111 0.21350
v 0.06089 0.01130 0.21277
v 0.06208 0.01103 0.21374
v 0.06171 0.01826 0.20629
v 0.06298 0.01078 0.21450
v 0.06073 0.01814 0.20787
v 0.05930 0.01831 0.20751
v 0.05787 0.01577 0.20992
v 0.05820 0.01837 0.20740
v 0.05905 0.01326 0.21115
v 0.05943 0.01228 0.21141
v 0.06028 0.01128 0.21219
v 0.06247 0.01082 0.21414
v 0.06665 0.00833 0.21604
v 0.06067 0.01858 0.20623
v 0.06336 0.01073 0.21497
v 0.06606 0.00906 0.21603
v 0.06520 0.01008 0.21619
v 0.06443 0.01055 0.21590
v 0.05999 0.01846 0.20727
v 0.05634 0.01715 0.20838
v 0.05725 0.01883 0.20684
v 0.05683 0.01539 0.20979
v 0.05888 0.01156 0.21107
v 0.05766 0.01406 0.21047
v 0.06068 0.01081 0.21344
v 0.06184 0.01090 0.21424
v 0.06031 0.01068 0.21265
v 0.05985 0.01062 0.21198
v 0.06040 0.01864 0.20661
v 0.06334 0.01084 0.21552
v 0.06241 0.01081 0.21450
v 0.06273 0.01088 0.21516
v 0.06568 0.00962 0.21668
v 0.06490 0.01032 0.21609
v 0.06387 0.01078 0.21584
v 0.05876 0.01868 0.20686
v 0.05963 0.01863 0.20681
v 0.05495 0.01856 0.20693
v 0.05560 0.01651 0.20864
v 0.05789 0.01896 0.20657
v 0.05601 0.01888 0.20674
v 0.05674 0.01483 0.20992
v 0.05673 0.01578 0.20953
v 0.05839 0.01233 0.21080
v 0.05916 0.01049 0.21133
v 0.05664 0.01423 0.20998
v 0.06111 0.01092 0.21421
v 0.05973 0.01876 0.20600
v 0.06603 0.00908 0.21708
v 0.06631 0.00859 0.21658
v 0.06476 0.01067 0.21669
v 0.06527 0.01049 0.21753
v 0.06422 0.01089 0.21643
v 0.05515 0.01734 0.20796
v 0.05680 0.01947 0.20611
v 0.05629 0.01526 0.20957
v 0.05825 0.01047 0.21048
v 0.06001 0.01030 0.21321
v 0.06013 0.01083 0.21438
v 0.06160 0.01100 0.21485
v 0.05982 0.01009 0.21239
v 0.05953 0.01004 0.21183
v 0.06330 0.01115 0.21616
v 0.06255 0.01124 0.21592
v 0.06572 0.01018 0.21847
v 0.05876 0.01896 0.20613
v 0.05410 0.01732 0.20776
v 0.05578 0.02005 0.20548
v 0.05441 0.01668 0.20818
v 0.05485 0.01596 0.20866
v 0.05751 0.01940 0.20598
v 0.05595 0.01439 0.20954
v 0.05618 0.01330 0.20962
v 0.05789 0.01061 0.21024
v 0.05881 0.00977 0.21112
v 0.06095 0.01107 0.21485
v 0.05904 0.00963 0.21151
v 0.06140 0.01121 0.21531
v 0.06611 0.00942 0.21929
v 0.06478 0.01140 0.21812
v 0.06429 0.01126 0.21711
v 0.06380 0.01135 0.21682
v 0.05243 0.01791 0.20681
v 0.05505 0.02007 0.20535
v 0.05483 0.01533 0.20884
v 0.05728 0.01110 0.20992
v 0.05807 0.00984 0.21045
v 0.05941 0.00969 0.21274
v 0.05935 0.01011 0.21371
v 0.06060 0.01139 0.21539
v 0.05940 0.00963 0.21208
v 0.06302 0.01199 0.21725
v 0.06192 0.01212 0.21709
v 0.06583 0.01000 0.21934
v 0.06526 0.01094 0.21885
v 0.05348 0.01712 0.20770
v 0.05240 0.01845 0.20624
v 0.05354 0.01672 0.20795
v 0.05365 0.02017 0.20484
v 0.05554 0.02037 0.20496
v 0.05407 0.01572 0.20839
v 0.05397 0.01417 0.20845
v 0.05352 0.01506 0.20819
v 0.05628 0.01224 0.20953
v 0.05759 0.01013 0.20999
v 0.05859 0.00909 0.21137
v 0.05769 0.00917 0.21036
v 0.05890 0.01031 0.21420
v 0.05962 0.01152 0.21547
v 0.05877 0.00915 0.21208
v 0.06041 0.01199 0.21633
v 0.06405 0.01204 0.21799
v 0.06486 0.01141 0.21908
v 0.06365 0.01209 0.21774
v 0.05244 0.01734 0.20722
v 0.05169 0.01810 0.20644
v 0.05467 0.02064 0.20451
v 0.05615 0.02034 0.20471
v 0.05468 0.01189 0.20863
v 0.05604 0.01106 0.20932
v 0.05686 0.01041 0.20970
v 0.05804 0.00884 0.21088
v 0.05863 0.00939 0.21308
v 0.05913 0.01088 0.21474
v 0.06301 0.01241 0.21805
v 0.05996 0.01247 0.21703
v 0.06560 0.01028 0.21975
v 0.05180 0.01752 0.20702
v 0.05301 0.01662 0.20775
v 0.05092 0.01841 0.20582
v 0.05201 0.01904 0.20542
v 0.05327 0.01595 0.20804
v 0.05361 0.02090 0.20374
v 0.05536 0.02064 0.20441
v 0.05290 0.01403 0.20779
v 0.05707 0.00955 0.20995
v 0.05804 0.00860 0.21144
v 0.05737 0.00852 0.21060
v 0.05719 0.00894 0.21332
v 0.05658 0.00938 0.21393
v 0.05928 0.01210 0.21626
v 0.05888 0.01180 0.21580
v 0.06192 0.01241 0.21777
v 0.06103 0.01246 0.21746
v 0.06404 0.01202 0.21860
v 0.06356 0.01231 0.21823
v 0.06483 0.01110 0.21974
v 0.05215 0.01709 0.20726
v 0.05123 0.01878 0.20545
v 0.05113 0.01782 0.20686
v 0.05246 0.02065 0.20362
v 0.05443 0.02099 0.20369
v 0.05486 0.02082 0.20418
v 0.05569 0.02062 0.20391
v 0.05297 0.01544 0.20790
v 0.05279 0.01157 0.20751
v 0.05510 0.01115 0.20885
v 0.05617 0.01018 0.20948
v 0.05692 0.00890 0.21022
v 0.05771 0.00863 0.21248
v 0.05742 0.00824 0.21098
v 0.05731 0.01113 0.21538
v 0.06216 0.01251 0.21846
v 0.05838 0.01244 0.21678
v 0.06024 0.01268 0.21761
v 0.06422 0.01176 0.21918
v 0.06440 0.01149 0.21959
v 0.06525 0.01051 0.22008
v 0.06311 0.01243 0.21843
v 0.05171 0.01706 0.20725
v 0.05233 0.01650 0.20750
v 0.05255 0.01606 0.20765
v 0.05071 0.01868 0.20555
v 0.05056 0.01844 0.20592
v 0.05124 0.01721 0.20734
v 0.05164 0.01961 0.20457
v 0.05497 0.02093 0.20384
v 0.05202 0.01491 0.20744
v 0.05197 0.01273 0.20722
v 0.05345 0.01063 0.20793
v 0.05561 0.01057 0.20912
v 0.05594 0.00949 0.20971
v 0.05737 0.00810 0.21157
v 0.05697 0.00821 0.21072
v 0.05687 0.00846 0.21282
v 0.05610 0.01044 0.21487
v 0.05831 0.01199 0.21615
v 0.06077 0.01262 0.21797
v 0.06143 0.01254 0.21833
v 0.06237 0.01249 0.21877
v 0.05916 0.01265 0.21730
v 0.05952 0.01269 0.21765
v 0.06354 0.01227 0.21860
v 0.06365 0.01198 0.21921
v 0.06427 0.01118 0.22002
v 0.06467 0.01061 0.22041
v 0.05195 0.01674 0.20733
v 0.05029 0.01859 0.20595
v 0.05073 0.01771 0.20746
v 0.05127 0.02014 0.20367
v 0.05173 0.02086 0.20293
v 0.05436 0.02112 0.20299
v 0.05504 0.02091 0.20334
v 0.05170 0.01108 0.20692
v 0.05253 0.01075 0.20732
v 0.05473 0.01009 0.20883
v 0.05507 0.01028 0.20897
v 0.05566 0.00998 0.20935
v 0.05621 0.00889 0.21013
v 0.05671 0.00798 0.21205
v 0.05712 0.00793 0.21117
v 0.05665 0.00834 0.21059
v 0.05630 0.00834 0.21277
v 0.05551 0.00970 0.21411
v 0.05612 0.01139 0.21580
v 0.05717 0.01176 0.21604
v 0.06181 0.01239 0.21900
v 0.05757 0.01237 0.21689
v 0.05846 0.01266 0.21742
v 0.06011 0.01272 0.21789
v 0.06371 0.01163 0.21971
v 0.06311 0.01229 0.21894
v 0.05149 0.01663 0.20735
v 0.05182 0.01606 0.20739
v 0.05048 0.01810 0.20700
v 0.05079 0.01708 0.20795
v 0.05112 0.01374 0.20716
v 0.05079 0.01197 0.20677
v 0.05306 0.00999 0.20775
v 0.05386 0.00982 0.20846
v 0.05555 0.00913 0.20993
v 0.05526 0.00960 0.20945
v 0.05694 0.00783 0.21145
v 0.05631 0.00808 0.21091
v 0.05680 0.00786 0.21115
v 0.05554 0.00869 0.21304
v 0.05520 0.01067 0.21504
v 0.06037 0.01262 0.21830
v 0.06118 0.01249 0.21882
v 0.06253 0.01230 0.21913
v 0.05907 0.01271 0.21769
v 0.05953 0.01261 0.21825
v 0.06339 0.01082 0.22047
v 0.05104 0.01655 0.20758
v 0.05036 0.01782 0.20827
v 0.05126 0.01522 0.20728
v 0.05209 0.01032 0.20711
v 0.05070 0.01074 0.20658
v 0.05335 0.00979 0.20807
v 0.05402 0.00945 0.20885
v 0.05467 0.00960 0.20916
v 0.05581 0.00860 0.21044
v 0.05653 0.00780 0.21143
v 0.05597 0.00805 0.21235
v 0.05448 0.01068 0.21483
v 0.05460 0.00946 0.21357
v 0.05488 0.01139 0.21581
v 0.05656 0.01200 0.21642
v 0.05699 0.01218 0.21656
v 0.06118 0.01227 0.21933
v 0.06219 0.01186 0.21971
v 0.05736 0.01247 0.21750
v 0.05784 0.01247 0.21817
v 0.05120 0.01603 0.20737
v 0.04996 0.01841 0.20781
v 0.05065 0.01691 0.20902
v 0.05071 0.01610 0.20815
v 0.05170 0.01038 0.20689
v 0.05130 0.01029 0.20682
v 0.05315 0.00957 0.20801
v 0.05218 0.00979 0.20744
v 0.05331 0.00935 0.20849
v 0.05531 0.00885 0.21023
v 0.05468 0.00913 0.20972
v 0.05640 0.00774 0.21172
v 0.05614 0.00778 0.21188
v 0.05539 0.00813 0.21232
v 0.05472 0.00858 0.21254
v 0.05587 0.01207 0.21684
v 0.05649 0.01233 0.21705
v 0.06006 0.01243 0.21877
v 0.06147 0.01119 0.22032
v 0.05008 0.01812 0.20903
v 0.05042 0.01759 0.20924
v 0.05172 0.01000 0.20706
v 0.05068 0.01004 0.20689
v 0.05317 0.00901 0.20895
v 0.05521 0.00819 0.21134
v 0.05510 0.00855 0.21074
v 0.05612 0.00776 0.21152
v 0.05572 0.00786 0.21196
v 0.05381 0.01138 0.21529
v 0.05345 0.01056 0.21407
v 0.05375 0.00924 0.21294
v 0.05456 0.01195 0.21700
v 0.06145 0.01182 0.21986
v 0.05641 0.01233 0.21752
v 0.05710 0.01230 0.21811
v 0.05806 0.01226 0.21864
v 0.04910 0.01928 0.20796
v 0.05072 0.01710 0.20998
v 0.05066 0.01545 0.20920
v 0.05159 0.00969 0.20730
v 0.05281 0.00939 0.20808
v 0.05260 0.00913 0.20849
v 0.05472 0.00869 0.21049
v 0.05590 0.00778 0.21168
v 0.05537 0.00795 0.21193
v 0.05507 0.00812 0.21206
v 0.05372 0.01183 0.21614
v 0.05400 0.00857 0.21185
v 0.05549 0.01229 0.21766
v 0.05989 0.01194 0.21944
v 0.06062 0.01159 0.21996
v 0.05875 0.01192 0.21926
v 0.05048 0.01757 0.21015
v 0.04998 0.01828 0.21155
v 0.05088 0.01632 0.21014
v 0.05087 0.00956 0.20771
v 0.05186 0.00944 0.20777
v 0.05429 0.00876 0.21018
v 0.05225 0.00832 0.20993
v 0.05477 0.00844 0.21104
v 0.05556 0.00792 0.21162
v 0.05475 0.00825 0.21185
v 0.05266 0.01227 0.21526
v 0.05296 0.00969 0.21314
v 0.05275 0.00901 0.21206
v 0.05354 0.01191 0.21695
v 0.05583 0.01228 0.21756
v 0.05494 0.01214 0.21764
v 0.05595 0.01222 0.21796
v 0.05693 0.01168 0.21902
v 0.04790 0.02064 0.20889
v 0.04842 0.02022 0.21190
v 0.05098 0.01679 0.21085
v 0.05079 0.01716 0.21083
v 0.05025 0.00984 0.20728
v 0.05140 0.00950 0.20764
v 0.05204 0.00890 0.20881
v 0.05277 0.00852 0.20974
v 0.05460 0.00835 0.21142
v 0.05515 0.00806 0.21168
v 0.05418 0.00850 0.21099
v 0.05290 0.01209 0.21655
v 0.05324 0.00849 0.21099
v 0.05387 0.01189 0.21741
v 0.05517 0.01223 0.21790
v 0.05435 0.01193 0.21781
v 0.05875 0.01131 0.21983
v 0.05575 0.01197 0.21838
v 0.05674 0.01088 0.21977
v 0.04991 0.01846 0.21340
v 0.05110 0.01598 0.21108
v 0.05037 0.00974 0.20828
v 0.05098 0.00923 0.20839
v 0.05359 0.00856 0.21037
v 0.05168 0.00836 0.20977
v 0.05241 0.01242 0.21654
v 0.05227 0.00841 0.21088
v 0.05322 0.01181 0.21753
v 0.05301 0.01193 0.21715
v 0.05501 0.01207 0.21804
v 0.05460 0.01156 0.21865
v 0.05459 0.01086 0.21927
v 0.04736 0.02133 0.21134
v 0.05058 0.01742 0.21167
v 0.04855 0.02007 0.21344
v 0.05058 0.01755 0.21400
v 0.05098 0.01674 0.21131
v 0.05074 0.00937 0.20831
v 0.05143 0.00892 0.20889
v 0.05263 0.00833 0.21040
v 0.05139 0.00861 0.20942
v 0.05202 0.00822 0.21024
v 0.05260 0.01207 0.21727
v 0.05371 0.01180 0.21783
v 0.05429 0.01175 0.21828
v 0.04620 0.02225 0.20744
v 0.04788 0.02080 0.21286
v 0.04672 0.02178 0.20875
v 0.04912 0.01944 0.21427
v 0.04971 0.01859 0.21876
v 0.05124 0.01617 0.21189
v 0.05071 0.00930 0.20880
v 0.05098 0.00902 0.20914
v 0.05127 0.00837 0.20987
v 0.05151 0.00812 0.21023
v 0.05212 0.01249 0.21764
v 0.05258 0.01182 0.21782
v 0.05325 0.01161 0.21800
v 0.05396 0.01174 0.21819
v 0.05321 0.01124 0.21854
v 0.04751 0.02112 0.21301
v 0.04620 0.02222 0.20945
v 0.05102 0.01673 0.21217
v 0.05154 0.01599 0.21455
v 0.04834 0.02019 0.21493
v 0.04773 0.02081 0.21375
v 0.05032 0.01783 0.21805
v 0.05134 0.01571 0.21205
v 0.05077 0.00946 0.20963
v 0.05118 0.00878 0.20927
v 0.05109 0.00870 0.20961
v 0.05242 0.01211 0.21756
v 0.05289 0.01158 0.21803
v 0.05305 0.01073 0.21902
v 0.04438 0.02355 0.20570
v 0.04580 0.02258 0.20846
v 0.04708 0.02159 0.21186
v 0.04660 0.02198 0.21173
v 0.05121 0.01645 0.21315
v 0.05102 0.01677 0.21580
v 0.04888 0.01954 0.21794
v 0.05063 0.01734 0.21936
v 0.05099 0.01680 0.21725
v 0.05136 0.01619 0.21271
v 0.05130 0.00825 0.21037
v 0.05233 0.01127 0.21853
v 0.05260 0.01103 0.21866
v 0.04686 0.02162 0.21255
v 0.04708 0.02131 0.21328
v 0.04619 0.02222 0.21073
v 0.04580 0.02247 0.20959
v 0.05149 0.01575 0.21659
v 0.04766 0.02066 0.21509
v 0.05107 0.01678 0.21861
v 0.05007 0.01800 0.21973
v 0.05194 0.01183 0.21846
v 0.05220 0.01070 0.21903
v 0.04340 0.02413 0.20507
v 0.04495 0.02307 0.20810
v 0.04707 0.02106 0.21422
v 0.04613 0.02224 0.21164
v 0.04546 0.02271 0.20909
v 0.04804 0.02035 0.21628
v 0.05115 0.01660 0.21873
v 0.05022 0.01757 0.22033
v 0.05145 0.01260 0.21892
v 0.05179 0.01121 0.21891
v 0.04284 0.02442 0.20423
v 0.04369 0.02383 0.20611
v 0.04442 0.02346 0.20700
v 0.04515 0.02290 0.20894
v 0.04615 0.02209 0.21205
v 0.04667 0.02156 0.21301
v 0.04656 0.02130 0.21373
v 0.04570 0.02242 0.21053
v 0.04579 0.02234 0.21109
v 0.04539 0.02258 0.20991
v 0.04716 0.02079 0.21539
v 0.05072 0.01675 0.22022
v 0.05147 0.01168 0.21904
v 0.05154 0.01065 0.21927
v 0.04296 0.02426 0.20515
v 0.04292 0.02410 0.20575
v 0.04433 0.02335 0.20791
v 0.04492 0.02291 0.20909
v 0.04631 0.02169 0.21280
v 0.04668 0.02098 0.21480
v 0.04578 0.02203 0.21210
v 0.04545 0.02221 0.21148
v 0.05116 0.01554 0.21980
v 0.05024 0.01712 0.22083
v 0.04997 0.01766 0.22074
v 0.05126 0.01109 0.21933
v 0.04230 0.02436 0.20495
v 0.04236 0.02454 0.20406
v 0.04372 0.02370 0.20690
v 0.04294 0.02382 0.20656
v 0.04437 0.02318 0.20840
v 0.04396 0.02342 0.20789
v 0.04614 0.02110 0.21423
v 0.04524 0.02240 0.21074
v 0.04469 0.02264 0.20982
v 0.05094 0.01603 0.22021
v 0.05058 0.01641 0.22084
v 0.04260 0.02427 0.20543
v 0.04225 0.02389 0.20605
v 0.04420 0.02291 0.20900
v 0.04594 0.02142 0.21338
v 0.04508 0.02178 0.21207
v 0.04492 0.02213 0.21124
v 0.04447 0.02283 0.20939
v 0.05093 0.01506 0.22048
v 0.05109 0.01338 0.21970
v 0.04190 0.02408 0.20552
v 0.04308 0.02360 0.20730
v 0.04225 0.02355 0.20675
v 0.04374 0.02325 0.20817
v 0.04547 0.02157 0.21285
v 0.04527 0.02110 0.21380
v 0.04453 0.02227 0.21052
v 0.04396 0.02243 0.20969
v 0.05075 0.01581 0.22084
v 0.05112 0.01424 0.21990
v 0.05148 0.01390 0.21875
v 0.04148 0.02318 0.20649
v 0.04346 0.02277 0.20876
v 0.04478 0.02120 0.21293
v 0.04430 0.02133 0.21200
v 0.05092 0.01434 0.22044
v 0.04225 0.02333 0.20717
v 0.04495 0.02106 0.21357
v 0.04369 0.02173 0.21054
v 0.04113 0.02351 0.20571
v 0.04283 0.02176 0.20959
v 0.04448 0.02072 0.21357
v 0.04394 0.02056 0.21286
v 0.04283 0.02081 0.21074
v 0.04331 0.02047 0.21193
v 0.07717 0.00309 0.21137
v 0.07784 0.00331 0.21139
v 0.07803 0.00291 0.21128
v 0.07596 0.00315 0.21210
v 0.07710 0.00245 0.21114
v 0.07675 0.00498 0.21295
v 0.07667 0.00273 0.21129
v 0.07528 0.00501 0.21412
v 0.07648 0.00234 0.21126
v 0.07689 0.00200 0.21122
v 0.07682 0.00639 0.21415
v 0.07315 0.00303 0.21375
v 0.07599 0.00218 0.21147
v 0.07580 0.00641 0.21521
v 0.07371 0.00497 0.21501
v 0.07499 0.00201 0.21258
v 0.07755 0.00691 0.21362
v 0.07633 0.00183 0.21137
v 0.07562 0.00220 0.21179
v 0.07648 0.00717 0.21546
v 0.07467 0.00615 0.21576
v 0.07180 0.00492 0.21546
v 0.07382 0.00190 0.21364
v 0.07718 0.00754 0.21497
v 0.07573 0.00175 0.21170
v 0.07610 0.00151 0.21176
v 0.07564 0.00731 0.21624
v 0.07345 0.00571 0.21592
v 0.06985 0.00276 0.21409
v 0.07486 0.00152 0.21364
v 0.07270 0.00192 0.21400
v 0.07771 0.00797 0.21432
v 0.07646 0.00142 0.21198
v 0.07684 0.00775 0.21571
v 0.07614 0.00779 0.21634
v 0.07471 0.00707 0.21666
v 0.07381 0.00654 0.21669
v 0.07293 0.00597 0.21644
v 0.07136 0.00213 0.21381
v 0.06995 0.00430 0.21503
v 0.07406 0.00158 0.21413
v 0.07546 0.00148 0.21287
v 0.07224 0.00213 0.21374
v 0.07314 0.00169 0.21437
v 0.07564 0.00154 0.21209
v 0.07758 0.00831 0.21509
v 0.07577 0.00152 0.21176
v 0.07608 0.00140 0.21232
v 0.07717 0.00823 0.21564
v 0.07567 0.00827 0.21679
v 0.07503 0.00773 0.21692
v 0.07218 0.00640 0.21691
v 0.07032 0.00192 0.21391
v 0.06978 0.00542 0.21578
v 0.06852 0.00410 0.21505
v 0.07559 0.00137 0.21362
v 0.07525 0.00142 0.21330
v 0.07182 0.00182 0.21399
v 0.07196 0.00164 0.21481
v 0.07786 0.00858 0.21469
v 0.07676 0.00816 0.21608
v 0.07624 0.00856 0.21660
v 0.07415 0.00762 0.21728
v 0.07310 0.00641 0.21691
v 0.07099 0.00591 0.21631
v 0.07089 0.00168 0.21425
v 0.06963 0.00185 0.21387
v 0.06789 0.00266 0.21430
v 0.07385 0.00152 0.21484
v 0.07298 0.00162 0.21517
v 0.07778 0.00874 0.21509
v 0.07748 0.00901 0.21555
v 0.07789 0.00916 0.21484
v 0.07686 0.00874 0.21617
v 0.07469 0.00921 0.21748
v 0.07438 0.00837 0.21748
v 0.07324 0.00691 0.21725
v 0.07101 0.00662 0.21689
v 0.06910 0.00187 0.21375
v 0.07010 0.00636 0.21641
v 0.06828 0.00529 0.21581
v 0.06740 0.00345 0.21501
v 0.06848 0.00228 0.21383
v 0.07423 0.00132 0.21600
v 0.07231 0.00159 0.21552
v 0.07547 0.00990 0.21712
v 0.07328 0.00831 0.21785
v 0.07324 0.00762 0.21767
v 0.07097 0.00700 0.21716
v 0.07271 0.00707 0.21750
v 0.06905 0.00152 0.21403
v 0.06861 0.00195 0.21369
v 0.06906 0.00644 0.21616
v 0.06789 0.00461 0.21550
v 0.06712 0.00278 0.21475
v 0.06756 0.00418 0.21540
v 0.06795 0.00196 0.21383
v 0.07302 0.00163 0.21577
v 0.07094 0.00152 0.21539
v 0.07698 0.00948 0.21614
v 0.07647 0.00887 0.21651
v 0.07598 0.00999 0.21680
v 0.07429 0.01072 0.21769
v 0.07217 0.00717 0.21754
v 0.07043 0.00702 0.21689
v 0.06976 0.00145 0.21469
v 0.06859 0.00161 0.21373
v 0.06982 0.00711 0.21656
v 0.06807 0.00604 0.21612
v 0.06740 0.00475 0.21592
v 0.06689 0.00306 0.21519
v 0.06710 0.00218 0.21461
v 0.06689 0.00378 0.21579
v 0.06750 0.00196 0.21415
v 0.07315 0.00149 0.21613
v 0.07177 0.00138 0.21669
v 0.07737 0.00987 0.21586
v 0.07516 0.01081 0.21728
v 0.07350 0.00946 0.21788
v 0.07277 0.00805 0.21789
v 0.07266 0.00746 0.21773
v 0.07223 0.00772 0.21775
v 0.07074 0.00741 0.21726
v 0.06850 0.00136 0.21426
v 0.06832 0.00143 0.21398
v 0.06812 0.00161 0.21375
v 0.06923 0.00750 0.21630
v 0.06803 0.00669 0.21614
v 0.06749 0.00557 0.21626
v 0.06681 0.00255 0.21502
v 0.06769 0.00158 0.21400
v 0.07302 0.00135 0.21696
v 0.06985 0.00126 0.21625
v 0.07687 0.01017 0.21615
v 0.07561 0.01105 0.21695
v 0.07297 0.01020 0.21803
v 0.07281 0.00932 0.21802
v 0.07026 0.00755 0.21692
v 0.06896 0.00129 0.21567
v 0.06966 0.00820 0.21656
v 0.06875 0.00712 0.21613
v 0.06757 0.00633 0.21629
v 0.06690 0.00500 0.21656
v 0.06656 0.00269 0.21568
v 0.06732 0.00163 0.21445
v 0.06673 0.00213 0.21516
v 0.07487 0.01130 0.21730
v 0.07352 0.01122 0.21775
v 0.07242 0.00850 0.21787
v 0.07107 0.00789 0.21737
v 0.07050 0.00811 0.21708
v 0.06794 0.00132 0.21544
v 0.06788 0.00140 0.21417
v 0.06796 0.00145 0.21391
v 0.06889 0.00846 0.21610
v 0.06868 0.00763 0.21609
v 0.06751 0.00722 0.21613
v 0.06798 0.00750 0.21597
v 0.06720 0.00603 0.21655
v 0.06699 0.00559 0.21672
v 0.06640 0.00329 0.21625
v 0.06695 0.00173 0.21493
v 0.06633 0.00407 0.21678
v 0.06759 0.00145 0.21426
v 0.06759 0.00126 0.21655
v 0.07245 0.01069 0.21807
v 0.07233 0.01027 0.21815
v 0.07190 0.00869 0.21776
v 0.07243 0.00921 0.21801
v 0.06767 0.00139 0.21461
v 0.06720 0.00662 0.21648
v 0.06658 0.00571 0.21733
v 0.06631 0.00261 0.21621
v 0.06647 0.00212 0.21592
v 0.06726 0.00147 0.21502
v 0.06676 0.00174 0.21539
v 0.06600 0.00495 0.21786
v 0.07273 0.01133 0.21784
v 0.07298 0.01172 0.21758
v 0.07110 0.00883 0.21744
v 0.07024 0.00912 0.21699
v 0.06707 0.00146 0.21567
v 0.06833 0.00820 0.21586
v 0.06898 0.01056 0.21609
v 0.06702 0.00746 0.21637
v 0.06686 0.00617 0.21699
v 0.06601 0.00306 0.21681
v 0.06695 0.00155 0.21521
v 0.06561 0.00366 0.21758
v 0.06684 0.00124 0.21692
v 0.07185 0.01090 0.21802
v 0.07168 0.01032 0.21810
v 0.07138 0.01002 0.21796
v 0.06958 0.01007 0.21651
v 0.06679 0.00139 0.21640
v 0.06685 0.00689 0.21690
v 0.06651 0.00680 0.21773
v 0.06619 0.00612 0.21824
v 0.06606 0.00240 0.21674
v 0.06631 0.00198 0.21637
v 0.06659 0.00173 0.21596
v 0.06515 0.00417 0.21868
v 0.06682 0.00122 0.21787
v 0.07239 0.01174 0.21762
v 0.07149 0.01144 0.21777
v 0.07095 0.00956 0.21761
v 0.07049 0.00980 0.21736
v 0.06971 0.01081 0.21666
v 0.06914 0.01125 0.21615
v 0.06668 0.00739 0.21704
v 0.06561 0.00590 0.21925
v 0.06556 0.00284 0.21735
v 0.06524 0.00325 0.21784
v 0.06639 0.00133 0.21728
v 0.06645 0.00119 0.21872
v 0.06639 0.00139 0.21682
v 0.07127 0.01078 0.21798
v 0.07027 0.01049 0.21723
v 0.06639 0.00158 0.21655
v 0.06656 0.00801 0.21679
v 0.06585 0.00762 0.21997
v 0.06530 0.00248 0.21771
v 0.06603 0.00175 0.21711
v 0.06444 0.00477 0.22044
v 0.06495 0.00342 0.21842
v 0.06632 0.00123 0.21796
v 0.07120 0.01138 0.21773
v 0.07096 0.01057 0.21788
v 0.07088 0.01089 0.21783
v 0.07027 0.01126 0.21712
v 0.06988 0.01133 0.21672
v 0.06646 0.00781 0.21754
v 0.06610 0.00797 0.21945
v 0.06547 0.00713 0.22036
v 0.06448 0.00385 0.21961
v 0.06496 0.00606 0.22056
v 0.06472 0.00320 0.21884
v 0.06500 0.00288 0.21819
v 0.06598 0.00136 0.21773
v 0.06599 0.00122 0.21824
v 0.06571 0.00123 0.21884
v 0.07104 0.01075 0.21798
v 0.06628 0.00854 0.21732
v 0.06626 0.00821 0.21869
v 0.06589 0.00869 0.22026
v 0.06567 0.00811 0.22049
v 0.06550 0.00169 0.21800
v 0.06388 0.00355 0.22029
v 0.06445 0.00532 0.22088
v 0.06612 0.00143 0.21735
v 0.06498 0.00120 0.22005
v 0.07069 0.01155 0.21729
v 0.06615 0.00899 0.21814
v 0.06607 0.00944 0.21971
v 0.06512 0.00797 0.22111
v 0.06484 0.00696 0.22120
v 0.06479 0.00215 0.21876
v 0.06419 0.00277 0.21958
v 0.06358 0.00410 0.22100
v 0.06418 0.00550 0.22139
v 0.06438 0.00612 0.22142
v 0.06580 0.00127 0.21802
v 0.06567 0.00131 0.21829
v 0.06523 0.00120 0.22044
v 0.06485 0.00130 0.21966
v 0.06552 0.00877 0.22079
v 0.06582 0.00913 0.22036
v 0.06526 0.00146 0.21877
v 0.06355 0.00276 0.22041
v 0.06337 0.00338 0.22080
v 0.06448 0.00132 0.22022
v 0.06586 0.00965 0.21999
v 0.06456 0.00759 0.22160
v 0.06497 0.00885 0.22126
v 0.06429 0.00698 0.22176
v 0.06469 0.00156 0.21925
v 0.06432 0.00197 0.21934
v 0.06387 0.00196 0.22006
v 0.06314 0.00477 0.22173
v 0.06281 0.00360 0.22138
v 0.06377 0.00566 0.22178
v 0.06439 0.00127 0.22092
v 0.06446 0.00143 0.21973
v 0.06566 0.00933 0.22061
v 0.06446 0.00836 0.22160
v 0.06533 0.00940 0.22090
v 0.06391 0.00649 0.22196
v 0.06445 0.00171 0.21924
v 0.06304 0.00289 0.22098
v 0.06311 0.00205 0.22095
v 0.06442 0.00124 0.22165
v 0.06386 0.00137 0.22081
v 0.06408 0.00152 0.22015
v 0.06556 0.01001 0.22031
v 0.06392 0.00774 0.22196
v 0.06441 0.00908 0.22148
v 0.06475 0.00954 0.22119
v 0.06393 0.00704 0.22204
v 0.06365 0.00164 0.22064
v 0.06310 0.00565 0.22218
v 0.06208 0.00427 0.22203
v 0.06246 0.00271 0.22137
v 0.06345 0.00622 0.22216
v 0.06541 0.00984 0.22066
v 0.06353 0.00891 0.22167
v 0.06501 0.00997 0.22082
v 0.06346 0.00699 0.22222
v 0.06202 0.00311 0.22167
v 0.06523 0.01021 0.22051
v 0.06360 0.00819 0.22201
v 0.06413 0.00973 0.22123
v 0.06442 0.01016 0.22090
v 0.06296 0.00167 0.22123
v 0.06286 0.00633 0.22241
v 0.06646 0.01875 0.18787
v 0.06605 0.01975 0.18739
v 0.06602 0.02104 0.18723
v 0.06579 0.02168 0.18718
v 0.05131 0.01163 0.21200
v 0.05159 0.01091 0.21242
v 0.05113 0.01046 0.21115
v 0.05193 0.01184 0.21316
v 0.05192 0.00994 0.21233
v 0.05046 0.01181 0.20978
v 0.05145 0.01205 0.21237
v 0.05191 0.01074 0.21291
v 0.05043 0.01087 0.20954
v 0.05121 0.01274 0.21176
v 0.05241 0.01036 0.21321
v 0.05012 0.01187 0.20838
v 0.05075 0.01304 0.21048
v 0.05156 0.01402 0.21281
v 0.05248 0.00967 0.21282
v 0.05036 0.01306 0.20919
v 0.05005 0.01057 0.20826
v 0.05031 0.01011 0.20894
v 0.05122 0.01486 0.21153
v 0.05202 0.01324 0.21414
v 0.05091 0.01511 0.21039
v 0.05184 0.01457 0.21441
v 0.05141 0.00804 0.21045
v 0.05153 0.01558 0.21340
v 0.05212 0.01351 0.21506
v 0.05193 0.01431 0.21566
v 0.05174 0.01547 0.21448
v 0.05214 0.01325 0.21595
v 0.05182 0.01505 0.21533
v 0.05225 0.01276 0.21612
v 0.05178 0.01410 0.21742
v 0.05176 0.01520 0.21600
v 0.05191 0.01326 0.21758
v 0.05175 0.01474 0.21677
v 0.05151 0.01503 0.21824
v 0.05175 0.01317 0.21818
v 0.05145 0.01572 0.21766
v 0.05136 0.01587 0.21837
v 0.02586 0.00697 0.20305
v 0.02593 0.00648 0.20396
v 0.02598 0.00581 0.20449
v 0.02615 0.00767 0.20402
v 0.02585 0.00917 0.20248
v 0.02624 0.00670 0.20463
v 0.02604 0.00545 0.20489
v 0.02642 0.00610 0.20526
v 0.02662 0.00747 0.20487
v 0.02482 0.01182 0.20182
v 0.02648 0.00808 0.20453
v 0.02685 0.00669 0.20561
v 0.02678 0.00823 0.20482
v 0.02277 0.01419 0.20310
v 0.02702 0.00780 0.20520
v 0.02412 0.01334 0.20069
v 0.02168 0.01860 0.19916
v 0.02176 0.01902 0.19918
v 0.02172 0.01879 0.19951
v 0.02144 0.01847 0.19947
v 0.02225 0.01914 0.19956
v 0.02144 0.01806 0.19953
v 0.02131 0.01831 0.19994
v 0.02206 0.01875 0.20034
v 0.02097 0.01776 0.20013
v 0.02116 0.01810 0.20088
v 0.02097 0.01805 0.20027
v 0.02151 0.01728 0.19986
v 0.02078 0.01783 0.20054
v 0.02106 0.01700 0.20063
v 0.02071 0.01754 0.20063
v 0.02063 0.01744 0.20178
v 0.02095 0.01764 0.20202
v 0.02067 0.01724 0.20119
v 0.02060 0.01712 0.20253
v 0.02112 0.01631 0.20194
v 0.02060 0.01715 0.20179
v 0.02066 0.01732 0.20216
v 0.02183 0.01762 0.20342
v 0.02061 0.01689 0.20236
v 0.02097 0.01696 0.20326
v 0.02057 0.01691 0.20271
v 0.02160 0.01714 0.20371
v 0.02084 0.01652 0.20309
v 0.02114 0.01667 0.20379
v 0.02136 0.01570 0.20311
v 0.02158 0.01636 0.20430
v 0.02089 0.01667 0.20350
v 0.02146 0.01574 0.20408
v 0.02206 0.01612 0.20473
v 0.02100 0.01641 0.20375
v 0.02120 0.01633 0.20404
v 0.02177 0.01572 0.20487
v 0.02210 0.01482 0.20453
v 0.02152 0.01594 0.20453
v 0.02178 0.01530 0.20484
v 0.02223 0.01526 0.20517
v 0.02160 0.01569 0.20471
v 0.02221 0.01485 0.20513
v 0.02197 0.01522 0.20509
v 0.06535 0.02508 0.18959
v 0.06549 0.02502 0.18919
v 0.06482 0.02535 0.19001
v 0.06528 0.02490 0.18866
v 0.06436 0.02568 0.18936
v 0.06455 0.02529 0.18865
v 0.06565 0.02451 0.18839
v 0.06408 0.02590 0.18994
v 0.06436 0.02409 0.18777
v 0.06356 0.02597 0.18927
v 0.06396 0.02575 0.18875
v 0.06361 0.02586 0.19052
v 0.06383 0.02543 0.18826
v 0.06369 0.02599 0.18981
v 0.06267 0.02527 0.18789
v 0.06557 0.02267 0.18749
v 0.06301 0.02603 0.18910
v 0.06355 0.02591 0.18866
v 0.06371 0.02579 0.18846
v 0.06220 0.02608 0.19055
v 0.06338 0.02576 0.18834
v 0.06304 0.02590 0.18864
v 0.06240 0.02586 0.19125
v 0.06227 0.02602 0.19091
v 0.06188 0.02484 0.18736
v 0.06249 0.02600 0.18901
v 0.06186 0.02597 0.19048
v 0.06238 0.02585 0.18847
v 0.06176 0.02586 0.19096
v 0.06190 0.02566 0.18814
v 0.06177 0.02585 0.18856
v 0.06171 0.02585 0.18935
v 0.06123 0.02563 0.18889
v 0.02258 0.01570 0.20038
v 0.07341 0.01346 0.19544
v 0.05024 0.01241 0.20720
v 0.04992 0.01151 0.20673
v 0.05017 0.01180 0.20668
v 0.04983 0.01103 0.20719
v 0.05011 0.01117 0.20651
v 0.04980 0.01106 0.20665
v 0.05025 0.01329 0.20806
v 0.04982 0.01058 0.20666
v 0.05047 0.01377 0.20744
v 0.04988 0.01013 0.20730
v 0.04971 0.01040 0.20693
v 0.05016 0.01054 0.20648
v 0.05073 0.01472 0.20737
v 0.05042 0.01445 0.20787
v 0.05042 0.01417 0.20881
v 0.04977 0.01015 0.20684
v 0.05005 0.01010 0.20674
v 0.05037 0.01030 0.20655
v 0.05088 0.01551 0.20738
v 0.05062 0.01536 0.20770
v 0.05051 0.01514 0.20830
v 0.04985 0.00997 0.20692
v 0.05086 0.01596 0.20757
v 0.02291 0.01414 0.20503
v 0.02256 0.01454 0.20536
v 0.02243 0.01488 0.20536
v 0.02275 0.01546 0.20523
v 0.02295 0.01483 0.20545
v 0.02264 0.01463 0.20546
v 0.02293 0.01442 0.20549
v 0.03973 0.00115 0.17144
v 0.03984 0.00114 0.17141
v 0.04006 0.00113 0.17137
v 0.03944 0.00111 0.17151
v 0.04120 0.00116 0.17112
v 0.04231 0.00112 0.17091
v 0.04300 0.00108 0.17079
v 0.03878 0.00106 0.17168
v 0.04180 0.00114 0.17100
v 0.03836 0.00108 0.17179
v 0.03865 0.00105 0.17171
v 0.03765 0.00110 0.17198
v 0.03779 0.00110 0.17194
v 0.04356 0.00108 0.17070
v 0.03836 0.00108 0.17179
v 0.03765 0.00110 0.17198
v 0.03672 0.00113 0.17226
v 0.04410 0.00108 0.17062
v 0.03662 0.00111 0.17229
v 0.03649 0.00112 0.17234
v 0.04428 0.00103 0.17060
v 0.03537 0.00115 0.17270
v 0.03516 0.00109 0.17278
v 0.03494 0.00115 0.17286
v 0.04510 0.00112 0.17049
v 0.04534 0.00115 0.17046
v 0.04447 0.00104 0.17057
v 0.04567 0.00112 0.17043
v 0.05068 0.00148 0.17015
v 0.05071 0.00148 0.17015
v 0.03385 0.00106 0.17327
v 0.03279 0.00114 0.17369
v 0.03295 0.00109 0.17363
v 0.03261 0.00115 0.17377
v 0.04653 0.00112 0.17035
v 0.05186 0.00156 0.17017
v 0.04948 0.00145 0.17017
v 0.03339 0.00106 0.17345
v 0.03244 0.00113 0.17384
v 0.04678 0.00111 0.17032
v 0.04907 0.00131 0.17019
v 0.05186 0.00156 0.17017
v 0.05232 0.00149 0.17018
v 0.03144 0.00113 0.17430
v 0.04766 0.00114 0.17026
v 0.04788 0.00116 0.17024
v 0.04812 0.00119 0.17023
v 0.05313 0.00141 0.17021
v 0.03096 0.00114 0.17451
v 0.05322 0.00140 0.17021
v 0.02994 0.00112 0.17503
v 0.05384 0.00140 0.17024
v 0.02895 0.00107 0.17555
v 0.05429 0.00138 0.17027
v 0.05546 0.00141 0.17037
v 0.05552 0.00141 0.17037
v 0.05631 0.00150 0.17046
v 0.05637 0.00151 0.17046
v 0.02810 0.00102 0.17604
v 0.05558 0.00142 0.17038
v 0.05857 0.00167 0.17076
v 0.05900 0.00165 0.17083
v 0.05745 0.00168 0.17060
v 0.02705 0.00102 0.17668
v 0.06047 0.00162 0.17111
v 0.02674 0.00103 0.17687
v 0.06066 0.00161 0.17115
v 0.02646 0.00104 0.17706
v 0.06255 0.00158 0.17157
v 0.02568 0.00107 0.17766
v 0.02288 0.00115 0.17978
v 0.06331 0.00156 0.17179
v 0.02184 0.00115 0.18077
v 0.02135 0.00114 0.18124
v 0.06573 0.00147 0.17249
v 0.02115 0.00115 0.18143
v 0.06592 0.00147 0.17256
v 0.06747 0.00145 0.17311
v 0.02085 0.00115 0.18175
v 0.06787 0.00144 0.17326
v 0.01912 0.00109 0.18399
v 0.06958 0.00148 0.17397
v 0.01752 0.00103 0.18603
v 0.06973 0.00147 0.17403
v 0.01728 0.00104 0.18649
v 0.06994 0.00148 0.17413
v 0.01635 0.00097 0.18819
v 0.07108 0.00149 0.17466
v 0.01576 0.00090 0.18994
v 0.07166 0.00149 0.17496
v 0.01518 0.00081 0.19118
v 0.01466 0.00079 0.19291
v 0.01448 0.00077 0.19391
v 0.01448 0.00077 0.19391
v 0.01424 0.00071 0.19572
v 0.01419 0.00068 0.19628
v 0.01423 0.00060 0.19743
v 0.07586 0.00143 0.17745
v 0.07595 0.00143 0.17752
v 0.07646 0.00141 0.17796
v 0.07397 0.00140 0.17624
v 0.08051 0.00127 0.18135
v 0.08146 0.00129 0.18238
v 0.08228 0.00132 0.18333
v 0.08302 0.00138 0.18437
v 0.07982 0.00128 0.18068
v 0.07385 0.00140 0.17617
v 0.08455 0.00139 0.18660
v 0.08505 0.00139 0.18759
v 0.07239 0.00144 0.17534
v 0.08692 0.00147 0.19260
v 0.08714 0.00148 0.19329
v 0.08568 0.00141 0.18878
v 0.08721 0.00148 0.19364
v 0.08608 0.00145 0.18976
v 0.08756 0.00139 0.19769
v 0.08756 0.00138 0.19820
v 0.08742 0.00142 0.19973
v 0.08738 0.00143 0.20023
v 0.08706 0.00141 0.20197
v 0.08701 0.00141 0.20224
v 0.08654 0.00144 0.20388
v 0.08702 0.00141 0.20217
v 0.08625 0.00146 0.20468
v 0.08601 0.00148 0.20533
v 0.08545 0.00147 0.20659
v 0.08521 0.00147 0.20708
v 0.08501 0.00147 0.20743
v 0.08409 0.00145 0.20906
v 0.08378 0.00142 0.20951
v 0.08337 0.00139 0.21010
v 0.08327 0.00140 0.21027
v 0.08283 0.00138 0.21085
v 0.08276 0.00139 0.21096
v 0.08263 0.00141 0.21113
v 0.08229 0.00143 0.21155
v 0.08239 0.00141 0.21143
v 0.08206 0.00153 0.21184
v 0.08170 0.00156 0.21226
v 0.08127 0.00149 0.21274
v 0.08092 0.00148 0.21311
v 0.08058 0.00141 0.21347
v 0.07901 0.00135 0.21495
v 0.08024 0.00138 0.21381
v 0.07809 0.00131 0.21574
v 0.03972 0.00083 0.22345
v 0.03973 0.00083 0.22345
v 0.03972 0.00083 0.22345
v 0.02135 0.00064 0.21367
v 0.02053 0.00062 0.21273
v 0.02297 0.00062 0.21517
v 0.01898 0.00061 0.21098
v 0.01583 0.00062 0.20558
v 0.01516 0.00055 0.20364
v 0.01647 0.00065 0.20693
v 0.01614 0.00065 0.20629
v 0.02311 0.00062 0.21530
v 0.01898 0.00061 0.21098
v 0.01851 0.00062 0.21032
v 0.01443 0.00058 0.19884
v 0.01484 0.00056 0.20269
v 0.01614 0.00065 0.20629
v 0.01729 0.00064 0.20849
v 0.01799 0.00067 0.20959
v 0.01773 0.00068 0.20918
v 0.03269 0.00077 0.22115
v 0.03179 0.00075 0.22073
v 0.02445 0.00070 0.21639
v 0.02444 0.00070 0.21639
v 0.03052 0.00077 0.22011
v 0.02742 0.00071 0.21845
v 0.02639 0.00071 0.21774
v 0.02320 0.00063 0.21538
v 0.01457 0.00055 0.19980
v 0.01464 0.00055 0.20141
v 0.03470 0.00082 0.22195
v 0.02516 0.00072 0.21693
v 0.02895 0.00077 0.21934
v 0.02913 0.00077 0.21944
v 0.03533 0.00081 0.22216
v 0.03619 0.00081 0.22246
v 0.03757 0.00084 0.22288
v 0.03769 0.00084 0.22292
v 0.03775 0.00084 0.22293
v 0.03971 0.00083 0.22345
v 0.04191 0.00083 0.22391
v 0.03975 0.00083 0.22345
v 0.04247 0.00082 0.22401
v 0.04373 0.00086 0.22420
v 0.04467 0.00090 0.22434
v 0.04509 0.00089 0.22439
v 0.04632 0.00093 0.22451
v 0.04694 0.00095 0.22458
v 0.04729 0.00095 0.22460
v 0.04972 0.00100 0.22472
v 0.05178 0.00105 0.22472
v 0.05188 0.00106 0.22472
v 0.05441 0.00110 0.22460
v 0.05453 0.00110 0.22460
v 0.05462 0.00110 0.22459
v 0.05694 0.00109 0.22436
v 0.05824 0.00112 0.22417
v 0.05966 0.00110 0.22393
v 0.06001 0.00110 0.22387
v 0.06029 0.00110 0.22381
v 0.06287 0.00116 0.22323
v 0.06385 0.00117 0.22297
v 0.06488 0.00116 0.22266
v 0.06543 0.00118 0.22250
v 0.06558 0.00119 0.22245
v 0.06717 0.00124 0.22190
v 0.06851 0.00134 0.22137
v 0.06883 0.00136 0.22124
v 0.07057 0.00138 0.22046
v 0.07103 0.00139 0.22025
v 0.07112 0.00139 0.22020
v 0.07115 0.00139 0.22019
v 0.07175 0.00138 0.21989
v 0.07238 0.00140 0.21955
v 0.07324 0.00136 0.21904
v 0.07471 0.00133 0.21819
v 0.07594 0.00129 0.21735
vt 0.141046 0.815926
vt 0.140927 0.816144
vt 0.140931 0.815752
vt 0.246996 0.896655
vt 0.244506 0.895226
vt 0.246623 0.893708
vt 0.245290 0.899295
vt 0.244945 0.892559
vt 0.247814 0.894929
vt 0.240511 0.897562
vt 0.248633 0.900310
vt 0.241887 0.891964
vt 0.246176 0.892030
vt 0.248796 0.896676
vt 0.247739 0.893200
vt 0.243743 0.901605
vt 0.246769 0.905395
vt 0.244380 0.891041
vt 0.245509 0.891187
vt 0.247197 0.891972
vt 0.247212 0.892994
vt 0.241941 0.905003
vt 0.233113 0.889847
vt 0.249849 0.898182
vt 0.250353 0.904655
vt 0.243551 0.890569
vt 0.246392 0.890565
vt 0.249796 0.896627
vt 0.236600 0.902623
vt 0.240149 0.888993
vt 0.235615 0.896432
vt 0.250423 0.900000
vt 0.250398 0.901840
vt 0.250694 0.910154
vt 0.242653 0.889707
vt 0.244418 0.889990
vt 0.245387 0.889491
vt 0.244846 0.911816
vt 0.239650 0.905571
vt 0.238776 0.886973
vt 0.231565 0.896387
vt 0.251623 0.902670
vt 0.248013 0.911911
vt 0.251849 0.907256
vt 0.243843 0.889584
vt 0.241990 0.909116
vt 0.239011 0.907021
vt 0.240577 0.907562
vt 0.242218 0.888110
vt 0.240345 0.887669
vt 0.237137 0.885265
vt 0.227175 0.892530
vt 0.251028 0.901202
vt 0.252352 0.904802
vt 0.249969 0.916010
vt 0.252394 0.909035
vt 0.243630 0.888327
vt 0.244589 0.888772
vt 0.241895 0.911744
vt 0.247083 0.913404
vt 0.231767 0.900309
vt 0.237606 0.907686
vt 0.241169 0.887958
vt 0.240247 0.886782
vt 0.239667 0.883952
vt 0.235342 0.885513
vt 0.227094 0.895948
vt 0.224257 0.889957
vt 0.252383 0.903341
vt 0.248168 0.915262
vt 0.251591 0.914575
vt 0.253253 0.907317
vt 0.252464 0.910627
vt 0.245440 0.888549
vt 0.240584 0.910033
vt 0.242713 0.914218
vt 0.246892 0.914794
vt 0.231652 0.904044
vt 0.229157 0.898435
vt 0.235285 0.907532
vt 0.239087 0.909836
vt 0.239878 0.908640
vt 0.243333 0.886716
vt 0.241768 0.887323
vt 0.241060 0.887049
vt 0.240025 0.885811
vt 0.238332 0.881996
vt 0.233271 0.885284
vt 0.236743 0.883178
vt 0.225369 0.893685
vt 0.223814 0.891212
vt 0.221066 0.888294
vt 0.248793 0.918104
vt 0.251685 0.919596
vt 0.252273 0.912410
vt 0.253966 0.906884
vt 0.253456 0.909647
vt 0.240712 0.911878
vt 0.244128 0.914076
vt 0.240598 0.914361
vt 0.246214 0.916353
vt 0.229815 0.900943
vt 0.237370 0.911659
vt 0.242394 0.886903
vt 0.240824 0.885902
vt 0.240455 0.885041
vt 0.235401 0.883848
vt 0.226979 0.885863
vt 0.225444 0.895076
vt 0.224770 0.892069
vt 0.227512 0.897974
vt 0.220766 0.890152
vt 0.219270 0.888927
vt 0.247650 0.917150
vt 0.249841 0.919973
vt 0.250515 0.918547
vt 0.253170 0.915005
vt 0.253298 0.911974
vt 0.239082 0.912021
vt 0.244747 0.913480
vt 0.243318 0.916120
vt 0.241570 0.918297
vt 0.245215 0.914457
vt 0.229247 0.902772
vt 0.232565 0.908801
vt 0.228520 0.899864
vt 0.235126 0.911454
vt 0.242704 0.885866
vt 0.241806 0.886017
vt 0.241258 0.884222
vt 0.237460 0.880487
vt 0.234658 0.883199
vt 0.232788 0.883021
vt 0.236037 0.881731
vt 0.225602 0.896175
vt 0.224886 0.894495
vt 0.224372 0.892736
vt 0.228135 0.898786
vt 0.226644 0.897574
vt 0.222203 0.892046
vt 0.224021 0.891519
vt 0.213372 0.888502
vt 0.215190 0.889120
vt 0.248056 0.919178
vt 0.248649 0.920631
vt 0.253785 0.918029
vt 0.254354 0.911169
vt 0.244722 0.914418
vt 0.244382 0.915606
vt 0.239186 0.916924
vt 0.247220 0.918772
vt 0.245467 0.916124
vt 0.228752 0.901271
vt 0.229222 0.904402
vt 0.228386 0.906875
vt 0.236172 0.916268
vt 0.238516 0.914371
vt 0.231586 0.881512
vt 0.226031 0.897135
vt 0.224700 0.895696
vt 0.224286 0.893984
vt 0.224033 0.891970
vt 0.227529 0.899443
vt 0.226864 0.898583
vt 0.220208 0.891457
vt 0.223521 0.891718
vt 0.216978 0.889111
vt 0.208638 0.887203
vt 0.249057 0.922712
vt 0.249956 0.923982
vt 0.253723 0.920543
vt 0.254217 0.916106
vt 0.254363 0.914281
vt 0.255682 0.911493
vt 0.243761 0.917636
vt 0.237973 0.922213
vt 0.246177 0.920005
vt 0.245595 0.917753
vt 0.244997 0.915389
vt 0.228354 0.902268
vt 0.228285 0.903664
vt 0.230726 0.910584
vt 0.233550 0.913923
vt 0.227960 0.901064
vt 0.237724 0.915806
vt 0.236711 0.879320
vt 0.234810 0.881670
vt 0.230263 0.880873
vt 0.234203 0.879934
vt 0.225115 0.897615
vt 0.223543 0.892822
vt 0.226057 0.898997
vt 0.221090 0.892801
vt 0.218623 0.890084
vt 0.214701 0.889009
vt 0.207114 0.888113
vt 0.247597 0.920783
vt 0.248152 0.922662
vt 0.251151 0.924856
vt 0.252914 0.924480
vt 0.254231 0.919222
vt 0.254713 0.917245
vt 0.255161 0.914296
vt 0.244752 0.919261
vt 0.244934 0.916905
vt 0.240901 0.922205
vt 0.228048 0.905499
vt 0.227641 0.908637
vt 0.234514 0.919664
vt 0.235492 0.879464
vt 0.228273 0.882425
vt 0.232806 0.877387
vt 0.224379 0.899276
vt 0.223704 0.894655
vt 0.223592 0.893503
vt 0.226792 0.899775
vt 0.221943 0.893882
vt 0.220562 0.893064
vt 0.218951 0.891438
vt 0.217406 0.889540
vt 0.215551 0.889367
vt 0.213504 0.889513
vt 0.209805 0.888685
vt 0.248898 0.924805
vt 0.248507 0.924005
vt 0.250081 0.926577
vt 0.254863 0.922167
vt 0.254713 0.919751
vt 0.254563 0.918518
vt 0.254929 0.915770
vt 0.255399 0.915976
vt 0.242468 0.921515
vt 0.240507 0.925536
vt 0.246864 0.922968
vt 0.227565 0.902965
vt 0.227670 0.904955
vt 0.227294 0.907161
vt 0.229591 0.912825
vt 0.231805 0.914066
vt 0.227139 0.901010
vt 0.236182 0.920003
vt 0.232744 0.917451
vt 0.236009 0.878115
vt 0.229867 0.879289
vt 0.226248 0.884581
vt 0.231086 0.878286
vt 0.234545 0.877716
vt 0.223592 0.900532
vt 0.222486 0.897222
vt 0.224883 0.902088
vt 0.217617 0.890329
vt 0.216519 0.889703
vt 0.214429 0.889889
vt 0.212111 0.889970
vt 0.208183 0.889035
vt 0.211177 0.889117
vt 0.248876 0.926659
vt 0.247956 0.925537
vt 0.251319 0.927488
vt 0.254249 0.924811
vt 0.255250 0.918528
vt 0.244454 0.923604
vt 0.242101 0.923910
vt 0.239092 0.929828
vt 0.225896 0.907293
vt 0.227548 0.910374
vt 0.235710 0.922099
vt 0.232394 0.922223
vt 0.228226 0.880293
vt 0.223339 0.886784
vt 0.227022 0.882745
vt 0.231254 0.876053
vt 0.226028 0.903709
vt 0.218621 0.892574
vt 0.216658 0.890447
vt 0.215546 0.890367
vt 0.213110 0.890617
vt 0.209174 0.889379
vt 0.207193 0.889127
vt 0.210054 0.889379
vt 0.248154 0.925677
vt 0.250329 0.928225
vt 0.248968 0.928302
vt 0.252317 0.927911
vt 0.254923 0.925514
vt 0.253387 0.926342
vt 0.256444 0.919302
vt 0.242302 0.926754
vt 0.236674 0.934698
vt 0.240803 0.928767
vt 0.246605 0.925647
vt 0.226831 0.905343
vt 0.225466 0.907863
vt 0.225888 0.909233
vt 0.227807 0.912101
vt 0.231384 0.916031
vt 0.235046 0.925599
vt 0.231628 0.918762
vt 0.233814 0.922266
vt 0.234457 0.923244
vt 0.230688 0.877485
vt 0.229354 0.877764
vt 0.224946 0.883777
vt 0.223878 0.907074
vt 0.220988 0.899154
vt 0.225249 0.906321
vt 0.216773 0.895594
vt 0.214189 0.891081
vt 0.211949 0.892014
vt 0.210701 0.890215
vt 0.208392 0.890182
vt 0.206322 0.889440
vt 0.207612 0.889789
vt 0.247757 0.926936
vt 0.250377 0.929468
vt 0.248130 0.928731
vt 0.251247 0.929899
vt 0.256098 0.921658
vt 0.254091 0.926477
vt 0.234253 0.931957
vt 0.238509 0.935300
vt 0.240129 0.930640
vt 0.245548 0.926981
vt 0.224754 0.907531
vt 0.226588 0.910529
vt 0.227335 0.910786
vt 0.228450 0.915378
vt 0.230139 0.917316
vt 0.230558 0.920758
vt 0.233454 0.923972
vt 0.226733 0.881562
vt 0.227888 0.878612
vt 0.222609 0.885920
vt 0.228739 0.875408
vt 0.222538 0.903112
vt 0.217893 0.897816
vt 0.216329 0.892299
vt 0.214512 0.892219
vt 0.213252 0.892435
vt 0.209499 0.890457
vt 0.206927 0.890063
vt 0.205315 0.888775
vt 0.247113 0.926974
vt 0.249196 0.929424
vt 0.247722 0.929595
vt 0.252185 0.929736
vt 0.253001 0.928788
vt 0.254316 0.927371
vt 0.255695 0.926259
vt 0.244020 0.928402
vt 0.242019 0.930148
vt 0.234308 0.940794
vt 0.237469 0.941550
vt 0.239389 0.932252
vt 0.240911 0.930164
vt 0.246502 0.927468
vt 0.224935 0.908644
vt 0.225433 0.910721
vt 0.227144 0.911394
vt 0.227291 0.913899
vt 0.233876 0.928430
vt 0.233750 0.925975
vt 0.230432 0.925130
vt 0.231635 0.927658
vt 0.223277 0.884415
vt 0.225761 0.880749
vt 0.220434 0.904012
vt 0.219078 0.899880
vt 0.215326 0.894042
vt 0.216361 0.896740
vt 0.212568 0.894540
vt 0.209996 0.892446
vt 0.207557 0.892893
vt 0.207433 0.891105
vt 0.206164 0.891320
vt 0.205481 0.890066
vt 0.247097 0.929168
vt 0.247078 0.927995
vt 0.250123 0.930874
vt 0.249235 0.930672
vt 0.251683 0.931042
vt 0.254047 0.929699
vt 0.232261 0.939207
vt 0.238873 0.939095
vt 0.239572 0.933875
vt 0.240761 0.931419
vt 0.239987 0.932144
vt 0.245886 0.928960
vt 0.224919 0.907925
vt 0.224684 0.910279
vt 0.225966 0.911649
vt 0.228770 0.918544
vt 0.226982 0.916332
vt 0.232835 0.930021
vt 0.229594 0.919703
vt 0.228509 0.922526
vt 0.227161 0.876762
vt 0.223750 0.881940
vt 0.220805 0.886466
vt 0.222826 0.909154
vt 0.216609 0.900275
vt 0.213795 0.894627
vt 0.211021 0.894986
vt 0.204859 0.889685
vt 0.247794 0.931349
vt 0.250660 0.931419
vt 0.245847 0.932545
vt 0.252629 0.930999
vt 0.258532 0.932844
vt 0.243328 0.930520
vt 0.235791 0.947852
vt 0.232085 0.934694
vt 0.232505 0.944381
vt 0.239410 0.936076
vt 0.238678 0.942835
vt 0.244450 0.930979
vt 0.224463 0.911788
vt 0.226533 0.913891
vt 0.227948 0.917764
vt 0.230348 0.929966
vt 0.228470 0.928164
vt 0.225628 0.878276
vt 0.225910 0.871263
vt 0.222030 0.883265
vt 0.220913 0.907690
vt 0.214323 0.899024
vt 0.215382 0.899272
vt 0.213647 0.897572
vt 0.211775 0.895642
vt 0.208941 0.899937
vt 0.205024 0.897233
vt 0.205233 0.890919
vt 0.249182 0.932025
vt 0.249557 0.932451
vt 0.247965 0.932294
vt 0.244826 0.932743
vt 0.251071 0.932575
vt 0.251891 0.932234
vt 0.255190 0.930823
vt 0.253326 0.933477
vt 0.260771 0.939223
vt 0.242839 0.932143
vt 0.241369 0.932743
vt 0.239200 0.949923
vt 0.233799 0.946118
vt 0.231014 0.938306
vt 0.231461 0.942761
vt 0.240439 0.937397
vt 0.238989 0.940866
vt 0.240435 0.934682
vt 0.240351 0.932965
vt 0.224330 0.913504
vt 0.228277 0.918481
vt 0.226973 0.918989
vt 0.225934 0.916413
vt 0.232116 0.931881
vt 0.231575 0.929946
vt 0.226986 0.924337
vt 0.224639 0.873740
vt 0.222268 0.880887
vt 0.220908 0.884994
vt 0.223878 0.879080
vt 0.219466 0.905417
vt 0.215687 0.902956
vt 0.213110 0.899915
vt 0.211303 0.900218
vt 0.205358 0.900165
vt 0.205397 0.894109
vt 0.246535 0.933439
vt 0.249979 0.932641
vt 0.244587 0.934775
vt 0.252387 0.932873
vt 0.256095 0.935297
vt 0.237499 0.964165
vt 0.233215 0.951515
vt 0.230736 0.941486
vt 0.230427 0.933812
vt 0.230796 0.945813
vt 0.239796 0.940047
vt 0.239244 0.941978
vt 0.239254 0.944402
vt 0.225451 0.914245
vt 0.228006 0.919498
vt 0.226043 0.917507
vt 0.228186 0.933125
vt 0.227036 0.931707
vt 0.227342 0.921061
vt 0.223840 0.876082
vt 0.221640 0.881909
vt 0.220356 0.885954
vt 0.218877 0.907299
vt 0.217158 0.903454
vt 0.214402 0.903595
vt 0.209468 0.903115
vt 0.207170 0.901795
vt 0.204045 0.896608
vt 0.203939 0.900032
vt 0.204359 0.893485
vt 0.249009 0.933185
vt 0.248096 0.933457
vt 0.249462 0.933373
vt 0.247378 0.933648
vt 0.243924 0.933113
vt 0.250089 0.933942
vt 0.251460 0.934566
vt 0.252015 0.936047
vt 0.257144 0.942420
vt 0.242206 0.934769
vt 0.241457 0.963072
vt 0.229967 0.940815
vt 0.229594 0.936780
vt 0.240866 0.939049
vt 0.240164 0.945157
vt 0.224530 0.914671
vt 0.225680 0.921015
vt 0.224605 0.915768
vt 0.224583 0.917559
vt 0.228391 0.937328
vt 0.225419 0.927733
vt 0.223462 0.873220
vt 0.221982 0.880222
vt 0.223145 0.878221
vt 0.220757 0.882647
vt 0.219936 0.884301
vt 0.216824 0.905485
vt 0.213482 0.902816
vt 0.215294 0.905477
vt 0.212594 0.902115
vt 0.211361 0.904043
vt 0.206497 0.903617
vt 0.204304 0.903219
vt 0.246212 0.935720
vt 0.254384 0.940339
vt 0.252745 0.940416
vt 0.258312 0.951565
vt 0.234192 0.959162
vt 0.239593 0.972984
vt 0.241990 0.953398
vt 0.229816 0.943192
vt 0.230329 0.950275
vt 0.242518 0.938022
vt 0.241215 0.940917
vt 0.239941 0.941629
vt 0.239672 0.943029
vt 0.241137 0.948128
vt 0.223839 0.915261
vt 0.224802 0.919093
vt 0.226741 0.936846
vt 0.225993 0.935967
vt 0.225273 0.923893
vt 0.222541 0.874231
vt 0.221675 0.879600
vt 0.219187 0.885549
vt 0.222465 0.876635
vt 0.216953 0.907080
vt 0.213322 0.905269
vt 0.214338 0.905903
vt 0.209078 0.905341
vt 0.203578 0.893744
vt 0.203174 0.898031
vt 0.203488 0.901034
vt 0.244750 0.938022
vt 0.248820 0.935078
vt 0.247491 0.935560
vt 0.250040 0.937023
vt 0.251098 0.939540
vt 0.252515 0.951117
vt 0.256056 0.952521
vt 0.236986 0.966440
vt 0.231230 0.954478
vt 0.242291 0.972977
vt 0.244670 0.958668
vt 0.228914 0.942894
vt 0.229474 0.945215
vt 0.229469 0.947396
vt 0.240391 0.942825
vt 0.241454 0.945003
vt 0.224970 0.921579
vt 0.223611 0.916958
vt 0.223839 0.918633
vt 0.226865 0.938099
vt 0.223951 0.925271
vt 0.222760 0.933284
vt 0.218243 0.879331
vt 0.218693 0.883222
vt 0.218342 0.908875
vt 0.215884 0.906622
vt 0.212483 0.904724
vt 0.214705 0.907013
vt 0.211635 0.906951
vt 0.206146 0.906136
vt 0.204000 0.904991
vt 0.202952 0.896115
vt 0.202725 0.901487
vt 0.203279 0.903280
vt 0.246806 0.938589
vt 0.251809 0.944158
vt 0.252622 0.952440
vt 0.258604 0.962346
vt 0.237969 0.969695
vt 0.234957 0.961840
vt 0.231825 0.957283
vt 0.240647 0.976549
vt 0.244519 0.968354
vt 0.242368 0.949289
vt 0.243371 0.952067
vt 0.228356 0.949433
vt 0.229155 0.952856
vt 0.242969 0.940370
vt 0.240728 0.943905
vt 0.242022 0.946933
vt 0.224004 0.920683
vt 0.225217 0.939872
vt 0.226543 0.939727
vt 0.224261 0.923865
vt 0.221001 0.942334
vt 0.221086 0.872539
vt 0.221266 0.875793
vt 0.220388 0.877054
vt 0.216784 0.908787
vt 0.215808 0.907870
vt 0.212934 0.907370
vt 0.213851 0.907079
vt 0.210009 0.908075
vt 0.202572 0.897751
vt 0.243618 0.939078
vt 0.245258 0.940163
vt 0.247907 0.936738
vt 0.248481 0.938034
vt 0.249174 0.940955
vt 0.248618 0.949960
vt 0.252887 0.956253
vt 0.254372 0.964274
vt 0.236352 0.965726
vt 0.233104 0.959350
vt 0.230297 0.956139
vt 0.241753 0.977189
vt 0.238984 0.978672
vt 0.244371 0.973996
vt 0.246960 0.966398
vt 0.244340 0.951112
vt 0.228622 0.946121
vt 0.227485 0.941936
vt 0.229676 0.954745
vt 0.242645 0.942941
vt 0.241226 0.943046
vt 0.242597 0.945543
vt 0.223951 0.922712
vt 0.223156 0.917596
vt 0.222980 0.920398
vt 0.223153 0.924163
vt 0.222544 0.929469
vt 0.219525 0.939208
vt 0.219305 0.874929
vt 0.218019 0.910189
vt 0.214484 0.908151
vt 0.211617 0.909065
vt 0.207570 0.908251
vt 0.205429 0.907534
vt 0.202579 0.905000
vt 0.201880 0.899370
vt 0.202209 0.895973
vt 0.202245 0.903457
vt 0.244149 0.940186
vt 0.245987 0.941798
vt 0.247629 0.951031
vt 0.258529 0.971834
vt 0.253568 0.960435
vt 0.250893 0.956448
vt 0.255571 0.966345
vt 0.235177 0.962790
vt 0.238091 0.970683
vt 0.231329 0.958443
vt 0.240207 0.979597
vt 0.243168 0.976724
vt 0.245583 0.971748
vt 0.243248 0.948959
vt 0.242767 0.947261
vt 0.247080 0.960897
vt 0.243946 0.950331
vt 0.245653 0.954075
vt 0.227954 0.944418
vt 0.227712 0.946809
vt 0.227841 0.952334
vt 0.228683 0.954822
vt 0.243590 0.941430
vt 0.223432 0.922077
vt 0.225458 0.943248
vt 0.221647 0.945042
vt 0.222702 0.925690
vt 0.220409 0.933886
vt 0.219009 0.944130
vt 0.217114 0.910852
vt 0.216168 0.909514
vt 0.213620 0.908538
vt 0.210518 0.910237
vt 0.209360 0.909624
vt 0.203986 0.907111
vt 0.202793 0.906482
vt 0.244429 0.942373
vt 0.247810 0.940486
vt 0.247221 0.945376
vt 0.245666 0.947614
vt 0.252163 0.960672
vt 0.252841 0.970230
vt 0.234957 0.963688
vt 0.234060 0.961027
vt 0.237382 0.969098
vt 0.231947 0.959452
vt 0.230048 0.957750
vt 0.229140 0.955880
vt 0.242131 0.979303
vt 0.238123 0.981049
vt 0.245843 0.975513
vt 0.246773 0.957217
vt 0.248118 0.963280
vt 0.246829 0.972066
vt 0.244816 0.949518
vt 0.246953 0.952321
vt 0.226690 0.945769
vt 0.226958 0.948420
vt 0.226963 0.951029
vt 0.228142 0.953903
vt 0.243724 0.945179
vt 0.243115 0.946244
vt 0.222447 0.919266
vt 0.222573 0.923299
vt 0.222197 0.925462
vt 0.221104 0.930207
vt 0.221845 0.927731
vt 0.218823 0.937749
vt 0.217571 0.942102
vt 0.217780 0.911526
vt 0.215178 0.909329
vt 0.213012 0.909503
vt 0.214106 0.909673
vt 0.211672 0.910437
vt 0.205400 0.908454
vt 0.208748 0.910241
vt 0.201976 0.904737
vt 0.201928 0.905825
vt 0.201456 0.904089
vt 0.201450 0.896308
vt 0.246738 0.943259
vt 0.245487 0.944995
vt 0.254979 0.977742
vt 0.250196 0.960527
vt 0.251207 0.966649
vt 0.252175 0.964632
vt 0.235929 0.966752
vt 0.234091 0.960397
vt 0.230452 0.959693
vt 0.229516 0.956678
vt 0.243490 0.947153
vt 0.243921 0.948525
vt 0.247636 0.957093
vt 0.248432 0.960458
vt 0.249380 0.965593
vt 0.249172 0.972092
vt 0.227176 0.952646
vt 0.227394 0.953801
vt 0.228325 0.956242
vt 0.227710 0.955579
vt 0.222001 0.922387
vt 0.222534 0.947730
vt 0.225258 0.946720
vt 0.219597 0.949162
vt 0.218795 0.933472
vt 0.217863 0.939776
vt 0.215418 0.949173
vt 0.217727 0.912384
vt 0.216180 0.910772
vt 0.210740 0.911477
vt 0.209317 0.910719
vt 0.207016 0.909532
vt 0.207927 0.910075
vt 0.202780 0.907644
vt 0.203745 0.908251
vt 0.202144 0.906984
vt 0.201027 0.901601
vt 0.201278 0.899466
vt 0.244415 0.947121
vt 0.257421 0.976993
vt 0.252586 0.976512
vt 0.234851 0.965175
vt 0.233789 0.962063
vt 0.236711 0.968879
vt 0.231373 0.960719
vt 0.229389 0.957300
vt 0.229269 0.958615
vt 0.228889 0.957004
vt 0.247445 0.976014
vt 0.226574 0.953207
vt 0.228773 0.956286
vt 0.221727 0.920284
vt 0.221870 0.924400
vt 0.220975 0.949175
vt 0.221317 0.926235
vt 0.219032 0.930938
vt 0.220429 0.929299
vt 0.218191 0.936114
vt 0.217864 0.937824
vt 0.215748 0.947021
vt 0.217573 0.940651
vt 0.217147 0.912319
vt 0.215080 0.910551
vt 0.214336 0.911952
vt 0.212116 0.911299
vt 0.205858 0.909115
vt 0.207766 0.910611
vt 0.204686 0.908761
vt 0.201581 0.906622
vt 0.201030 0.898149
vt 0.250531 0.965389
vt 0.252795 0.986434
vt 0.234998 0.966916
vt 0.234159 0.963730
vt 0.233179 0.960681
vt 0.232940 0.959720
vt 0.237905 0.970310
vt 0.235843 0.968536
vt 0.231501 0.962200
vt 0.232155 0.959832
vt 0.229250 0.961721
vt 0.226957 0.954869
vt 0.226871 0.956473
vt 0.220963 0.922155
vt 0.221013 0.924138
vt 0.221854 0.950163
vt 0.216767 0.951896
vt 0.219423 0.952920
vt 0.218182 0.933545
vt 0.217246 0.938576
vt 0.216177 0.943613
vt 0.215041 0.947934
vt 0.216597 0.941261
vt 0.217616 0.913161
vt 0.216672 0.912627
vt 0.215261 0.911568
vt 0.213346 0.911543
vt 0.211370 0.911999
vt 0.209405 0.911645
vt 0.206754 0.910081
vt 0.201847 0.907471
vt 0.202939 0.908189
vt 0.203091 0.908373
vt 0.201435 0.905718
vt 0.200712 0.899436
vt 0.200796 0.896523
vt 0.234105 0.965462
vt 0.233467 0.962413
vt 0.232547 0.959254
vt 0.238139 0.970695
vt 0.236966 0.969636
vt 0.236552 0.969745
vt 0.232612 0.960782
vt 0.232374 0.959456
vt 0.227433 0.961846
vt 0.227083 0.958671
vt 0.214968 0.953699
vt 0.220094 0.927543
vt 0.219386 0.928873
vt 0.218264 0.931507
vt 0.217607 0.935180
vt 0.217434 0.936328
vt 0.215054 0.945067
vt 0.214790 0.948287
vt 0.214691 0.947411
vt 0.216628 0.939756
vt 0.217209 0.913130
vt 0.213378 0.912513
vt 0.212190 0.912370
vt 0.210443 0.912096
vt 0.205528 0.909273
vt 0.207944 0.911205
vt 0.202206 0.907946
vt 0.234183 0.967564
vt 0.234987 0.968662
vt 0.233480 0.964259
vt 0.232551 0.960028
vt 0.238055 0.970828
vt 0.237418 0.970638
vt 0.235735 0.970824
vt 0.231978 0.964763
vt 0.229921 0.964525
vt 0.226304 0.958655
vt 0.219895 0.924260
vt 0.220206 0.925760
vt 0.214628 0.950736
vt 0.218788 0.930240
vt 0.217911 0.933049
vt 0.217392 0.934144
vt 0.216429 0.938796
vt 0.215689 0.943144
vt 0.214794 0.947865
vt 0.214295 0.949353
vt 0.215771 0.941520
vt 0.217414 0.913650
vt 0.216844 0.913219
vt 0.215429 0.912827
vt 0.213887 0.913469
vt 0.211418 0.912887
vt 0.210763 0.912836
vt 0.209769 0.912381
vt 0.206412 0.910091
vt 0.208740 0.911587
vt 0.233371 0.968633
vt 0.238265 0.971270
vt 0.228802 0.966470
vt 0.225569 0.959571
vt 0.213380 0.952318
vt 0.219729 0.926656
vt 0.219365 0.927465
vt 0.218704 0.929303
vt 0.217235 0.933675
vt 0.216893 0.935968
vt 0.214074 0.945862
vt 0.213477 0.948695
vt 0.217402 0.914470
vt 0.216793 0.913942
vt 0.216280 0.913201
vt 0.214694 0.913333
vt 0.212949 0.913355
vt 0.213295 0.913563
vt 0.212141 0.913593
vt 0.210302 0.912957
vt 0.209177 0.912052
vt 0.208491 0.912059
vt 0.233563 0.971066
vt 0.231927 0.967296
vt 0.226608 0.965471
vt 0.225660 0.962174
vt 0.219552 0.926204
vt 0.213652 0.950280
vt 0.218417 0.929390
vt 0.215899 0.937263
vt 0.214358 0.943877
vt 0.213378 0.947945
vt 0.214379 0.941889
vt 0.215558 0.914300
vt 0.214298 0.914903
vt 0.213600 0.914172
vt 0.211142 0.914524
vt 0.209344 0.913099
vt 0.234535 0.974733
vt 0.232500 0.969201
vt 0.229996 0.973377
vt 0.227047 0.968069
vt 0.218619 0.927974
vt 0.212177 0.951365
vt 0.216946 0.934042
vt 0.213496 0.945337
vt 0.212876 0.949252
vt 0.215999 0.915529
vt 0.212780 0.914526
vt 0.212139 0.915228
vt 0.210073 0.914307
vt 0.232536 0.971126
vt 0.233215 0.973138
vt 0.230918 0.971281
vt 0.229317 0.970539
vt 0.225636 0.968683
vt 0.227578 0.969603
vt 0.211812 0.952736
vt 0.213740 0.941732
vt 0.212476 0.947443
vt 0.214912 0.916040
vt 0.213638 0.916175
vt 0.212852 0.916120
vt 0.211747 0.917187
vt 0.210244 0.916690
vt 0.209048 0.915240
vt 0.232151 0.978223
vt 0.230423 0.973724
vt 0.228392 0.971714
vt 0.227077 0.971751
vt 0.211832 0.950826
vt 0.211303 0.951376
vt 0.213218 0.944079
vt 0.211721 0.950006
vt 0.214198 0.916428
vt 0.231028 0.975958
vt 0.212337 0.944325
vt 0.212366 0.946278
vt 0.214292 0.917169
vt 0.213638 0.917320
vt 0.213273 0.916883
vt 0.212901 0.917465
vt 0.211064 0.949970
vt 0.211778 0.945885
vt 0.359096 0.763143
vt 0.358998 0.762180
vt 0.359156 0.762004
vt 0.358830 0.762961
vt 0.358846 0.761245
vt 0.359277 0.763750
vt 0.358845 0.760762
vt 0.359340 0.761058
vt 0.358379 0.762541
vt 0.358112 0.760121
vt 0.360035 0.762506
vt 0.357631 0.761321
vt 0.358494 0.759277
vt 0.359918 0.760480
vt 0.359755 0.765038
vt 0.357881 0.763261
vt 0.359150 0.758864
vt 0.356261 0.755978
vt 0.356847 0.758927
vt 0.360650 0.762637
vt 0.360323 0.763668
vt 0.356893 0.762543
vt 0.355040 0.759384
vt 0.361707 0.762044
vt 0.359960 0.759250
vt 0.360606 0.764452
vt 0.359132 0.756712
vt 0.355180 0.756946
vt 0.360760 0.759457
vt 0.361591 0.762917
vt 0.359892 0.767102
vt 0.355520 0.761948
vt 0.356616 0.752346
vt 0.353896 0.751010
vt 0.354319 0.757526
vt 0.361592 0.759603
vt 0.362241 0.764234
vt 0.361069 0.766427
vt 0.354394 0.760468
vt 0.358977 0.754247
vt 0.352072 0.750833
vt 0.353964 0.758766
vt 0.361345 0.764183
vt 0.362240 0.762017
vt 0.361363 0.757145
vt 0.362047 0.766163
vt 0.360221 0.756585
vt 0.360646 0.768086
vt 0.354576 0.761737
vt 0.358106 0.752132
vt 0.354688 0.749641
vt 0.352041 0.748278
vt 0.351281 0.750884
vt 0.353428 0.757220
vt 0.362308 0.759856
vt 0.362698 0.765272
vt 0.362901 0.763586
vt 0.359985 0.768746
vt 0.361062 0.768902
vt 0.361678 0.767816
vt 0.353875 0.761322
vt 0.354874 0.762566
vt 0.353476 0.759868
vt 0.359873 0.753690
vt 0.357210 0.751920
vt 0.353244 0.748693
vt 0.355623 0.750416
vt 0.351256 0.748530
vt 0.351389 0.753287
vt 0.353256 0.758448
vt 0.362909 0.761694
vt 0.362868 0.758395
vt 0.362742 0.766629
vt 0.360312 0.769742
vt 0.359328 0.768873
vt 0.354231 0.762405
vt 0.355371 0.763319
vt 0.358713 0.751109
vt 0.356097 0.749928
vt 0.356929 0.749708
vt 0.353696 0.748029
vt 0.355116 0.748170
vt 0.351084 0.746672
vt 0.352007 0.746971
vt 0.349725 0.749273
vt 0.350349 0.748333
vt 0.351461 0.755786
vt 0.352644 0.757280
vt 0.362116 0.769072
vt 0.363424 0.760253
vt 0.361979 0.755963
vt 0.363321 0.765364
vt 0.363776 0.762738
vt 0.359362 0.769992
vt 0.358836 0.768417
vt 0.360506 0.771018
vt 0.353045 0.761281
vt 0.353533 0.762268
vt 0.354698 0.763338
vt 0.353063 0.759153
vt 0.361093 0.752608
vt 0.356699 0.750288
vt 0.352951 0.747251
vt 0.354211 0.747089
vt 0.351428 0.746100
vt 0.350225 0.746915
vt 0.351600 0.746462
vt 0.349224 0.750406
vt 0.350434 0.753687
vt 0.352777 0.758567
vt 0.364421 0.759263
vt 0.363187 0.768020
vt 0.359764 0.771219
vt 0.358547 0.769399
vt 0.361072 0.771810
vt 0.352617 0.759749
vt 0.353883 0.763255
vt 0.358719 0.749336
vt 0.357458 0.749220
vt 0.356227 0.748783
vt 0.353470 0.746105
vt 0.355634 0.747741
vt 0.354627 0.746200
vt 0.350924 0.744937
vt 0.350589 0.745467
vt 0.352341 0.746109
vt 0.351724 0.746099
vt 0.349748 0.747721
vt 0.348738 0.748391
vt 0.352111 0.758215
vt 0.350336 0.755317
vt 0.364553 0.761331
vt 0.364031 0.764864
vt 0.361686 0.774617
vt 0.363886 0.766448
vt 0.359000 0.770885
vt 0.358561 0.770230
vt 0.360258 0.772375
vt 0.352649 0.763152
vt 0.352089 0.761378
vt 0.359182 0.748000
vt 0.356893 0.748813
vt 0.356552 0.748590
vt 0.352579 0.745403
vt 0.354062 0.745599
vt 0.355157 0.745850
vt 0.351394 0.744015
vt 0.350079 0.745060
vt 0.351906 0.745802
vt 0.349061 0.747106
vt 0.348374 0.748968
vt 0.349329 0.752849
vt 0.349485 0.745750
vt 0.351345 0.758081
vt 0.350695 0.757295
vt 0.364633 0.762925
vt 0.364155 0.755183
vt 0.365549 0.761362
vt 0.364517 0.764072
vt 0.363028 0.771269
vt 0.363733 0.768217
vt 0.359133 0.771608
vt 0.357767 0.769458
vt 0.360602 0.773488
vt 0.359635 0.772332
vt 0.360812 0.776013
vt 0.351563 0.759755
vt 0.357904 0.748157
vt 0.360496 0.749805
vt 0.358668 0.747748
vt 0.356949 0.748403
vt 0.355904 0.747327
vt 0.356242 0.747261
vt 0.353178 0.743827
vt 0.354013 0.744459
vt 0.355647 0.746124
vt 0.354602 0.744455
vt 0.350492 0.743528
vt 0.352178 0.744299
vt 0.347763 0.747876
vt 0.348637 0.750369
vt 0.347671 0.746659
vt 0.349691 0.755685
vt 0.365207 0.762852
vt 0.362366 0.750944
vt 0.365413 0.757066
vt 0.365947 0.759899
vt 0.364618 0.765605
vt 0.363469 0.775609
vt 0.364330 0.767108
vt 0.358118 0.770931
vt 0.360159 0.773399
vt 0.359799 0.773018
vt 0.361691 0.776977
vt 0.351644 0.763310
vt 0.351112 0.761561
vt 0.357348 0.747682
vt 0.360858 0.747801
vt 0.359349 0.746548
vt 0.356737 0.748507
vt 0.356741 0.747763
vt 0.355509 0.744746
vt 0.355245 0.743522
vt 0.351106 0.741551
vt 0.350081 0.742897
vt 0.349375 0.743353
vt 0.348497 0.744873
vt 0.347750 0.748368
vt 0.347977 0.749286
vt 0.348123 0.750918
vt 0.350773 0.758673
vt 0.350816 0.758239
vt 0.349028 0.754940
vt 0.349840 0.757696
vt 0.365067 0.764352
vt 0.364562 0.753022
vt 0.365496 0.755219
vt 0.365959 0.763468
vt 0.366655 0.763005
vt 0.363930 0.770625
vt 0.362258 0.778627
vt 0.364333 0.774044
vt 0.364519 0.768982
vt 0.359160 0.772747
vt 0.356685 0.769495
vt 0.360395 0.774946
vt 0.360118 0.774107
vt 0.361355 0.779453
vt 0.350409 0.760201
vt 0.357925 0.746877
vt 0.361836 0.749168
vt 0.358603 0.745306
vt 0.356756 0.748247
vt 0.356462 0.745470
vt 0.352994 0.741166
vt 0.354445 0.743070
vt 0.355711 0.743976
vt 0.351921 0.742212
vt 0.346727 0.747615
vt 0.347218 0.748003
vt 0.347325 0.745101
vt 0.348625 0.752400
vt 0.348736 0.753466
vt 0.348708 0.756291
vt 0.365511 0.764815
vt 0.363221 0.749509
vt 0.366612 0.758202
vt 0.367492 0.762005
vt 0.365072 0.767341
vt 0.363940 0.778089
vt 0.365087 0.777104
vt 0.358467 0.772867
vt 0.357287 0.771048
vt 0.359985 0.776702
vt 0.359635 0.774911
vt 0.360409 0.777560
vt 0.350440 0.763468
vt 0.357418 0.746182
vt 0.362593 0.748000
vt 0.353927 0.741621
vt 0.355003 0.741366
vt 0.351977 0.740408
vt 0.350405 0.740250
vt 0.349792 0.741373
vt 0.348559 0.742887
vt 0.346444 0.746883
vt 0.347279 0.748596
vt 0.347453 0.749447
vt 0.347654 0.743425
vt 0.347999 0.752644
vt 0.349519 0.759238
vt 0.348274 0.754685
vt 0.348430 0.758282
vt 0.365022 0.751735
vt 0.365811 0.753606
vt 0.367061 0.756617
vt 0.366915 0.760042
vt 0.367280 0.765476
vt 0.366761 0.765814
vt 0.367720 0.765454
vt 0.364850 0.770914
vt 0.363145 0.779816
vt 0.365178 0.774394
vt 0.365100 0.768874
vt 0.359007 0.774294
vt 0.357885 0.772758
vt 0.356328 0.770206
vt 0.362132 0.781341
vt 0.360633 0.779214
vt 0.349146 0.761071
vt 0.356931 0.744049
vt 0.352688 0.740093
vt 0.354154 0.739397
vt 0.354468 0.742165
vt 0.355969 0.741940
vt 0.351693 0.739317
vt 0.350912 0.739173
vt 0.349267 0.741754
vt 0.346751 0.748720
vt 0.345534 0.747708
vt 0.347118 0.750112
vt 0.345595 0.746379
vt 0.346898 0.744375
vt 0.347407 0.751225
vt 0.347658 0.756803
vt 0.364425 0.750119
vt 0.367492 0.758996
vt 0.368204 0.760685
vt 0.366179 0.766800
vt 0.368416 0.765594
vt 0.365298 0.772718
vt 0.364787 0.780686
vt 0.363684 0.780991
vt 0.365972 0.776190
vt 0.365918 0.768538
vt 0.358764 0.774945
vt 0.357165 0.771830
vt 0.355341 0.768747
vt 0.359360 0.775920
vt 0.359891 0.778585
vt 0.361430 0.781401
vt 0.360849 0.780636
vt 0.359049 0.743532
vt 0.364087 0.748948
vt 0.354238 0.737762
vt 0.355746 0.740145
vt 0.352911 0.737661
vt 0.349791 0.739215
vt 0.350435 0.737970
vt 0.348965 0.739313
vt 0.348628 0.741776
vt 0.346063 0.748167
vt 0.346098 0.744351
vt 0.347114 0.752236
vt 0.347164 0.754300
vt 0.347141 0.758790
vt 0.365742 0.751282
vt 0.368132 0.759008
vt 0.367514 0.766662
vt 0.367010 0.767563
vt 0.368215 0.767051
vt 0.368960 0.764362
vt 0.365518 0.771222
vt 0.365742 0.769766
vt 0.365422 0.779790
vt 0.362813 0.782604
vt 0.365757 0.773931
vt 0.366624 0.777981
vt 0.366517 0.775982
vt 0.358330 0.775328
vt 0.356215 0.771684
vt 0.355132 0.769797
vt 0.359151 0.776775
vt 0.361819 0.783945
vt 0.360248 0.780371
vt 0.363565 0.746097
vt 0.357392 0.742196
vt 0.353855 0.737623
vt 0.355312 0.737906
vt 0.356403 0.739975
vt 0.351471 0.737602
vt 0.352397 0.737110
vt 0.346301 0.739643
vt 0.345590 0.749044
vt 0.345017 0.746581
vt 0.346513 0.749939
vt 0.346428 0.750990
vt 0.344659 0.746006
vt 0.346803 0.756401
vt 0.346915 0.757678
vt 0.364557 0.748445
vt 0.366506 0.768037
vt 0.368668 0.767041
vt 0.369610 0.767357
vt 0.369579 0.763963
vt 0.366189 0.771589
vt 0.364227 0.783066
vt 0.365486 0.783138
vt 0.363731 0.784798
vt 0.366510 0.772970
vt 0.366815 0.769080
vt 0.357267 0.773534
vt 0.359104 0.778667
vt 0.360453 0.782508
vt 0.359628 0.780099
vt 0.358335 0.741872
vt 0.354098 0.736462
vt 0.355029 0.736034
vt 0.356983 0.739318
vt 0.356910 0.736923
vt 0.353395 0.736438
vt 0.352860 0.737114
vt 0.349388 0.736706
vt 0.350688 0.735413
vt 0.347373 0.733760
vt 0.346335 0.736839
vt 0.345882 0.750107
vt 0.343853 0.748321
vt 0.344566 0.748837
vt 0.340818 0.744099
vt 0.346246 0.752704
vt 0.346590 0.755229
vt 0.346223 0.758262
vt 0.369099 0.761653
vt 0.367760 0.768050
vt 0.366859 0.768484
vt 0.368979 0.768408
vt 0.369083 0.767730
vt 0.370681 0.767210
vt 0.366536 0.768740
vt 0.366479 0.781380
vt 0.363069 0.785372
vt 0.366387 0.773857
vt 0.367673 0.776808
vt 0.366578 0.770714
vt 0.358505 0.776662
vt 0.355413 0.770877
vt 0.356893 0.773855
vt 0.357861 0.775747
vt 0.360810 0.785159
vt 0.358066 0.740417
vt 0.356129 0.735857
vt 0.351833 0.734997
vt 0.344565 0.736348
vt 0.344728 0.749861
vt 0.343279 0.746500
vt 0.342833 0.738289
vt 0.345277 0.751737
vt 0.345965 0.754411
vt 0.346328 0.756059
vt 0.367289 0.768842
vt 0.368736 0.768836
vt 0.370639 0.769676
vt 0.369562 0.769840
vt 0.370648 0.765475
vt 0.369913 0.763513
vt 0.364799 0.785479
vt 0.366959 0.783587
vt 0.367939 0.780162
vt 0.362340 0.786446
vt 0.363951 0.789123
vt 0.367345 0.775036
vt 0.367778 0.778192
vt 0.367051 0.769943
vt 0.356116 0.772606
vt 0.354544 0.769601
vt 0.357413 0.774611
vt 0.358301 0.778297
vt 0.358920 0.781577
vt 0.359415 0.785930
vt 0.361523 0.786854
vt 0.354381 0.734689
vt 0.353780 0.735003
vt 0.355811 0.734387
vt 0.359005 0.736357
vt 0.356780 0.735455
vt 0.353020 0.734740
vt 0.350947 0.730190
vt 0.346233 0.732346
vt 0.343837 0.749802
vt 0.342677 0.748174
vt 0.339121 0.740253
vt 0.345122 0.753095
vt 0.346236 0.755347
vt 0.346272 0.756981
vt 0.368031 0.769763
vt 0.371861 0.770277
vt 0.372235 0.769145
vt 0.367508 0.771098
vt 0.366084 0.786696
vt 0.364589 0.788359
vt 0.368029 0.782604
vt 0.363099 0.787938
vt 0.368249 0.772529
vt 0.368543 0.776246
vt 0.368378 0.778131
vt 0.355275 0.771632
vt 0.354768 0.770666
vt 0.356564 0.773948
vt 0.357437 0.775560
vt 0.360646 0.786535
vt 0.358451 0.738338
vt 0.355011 0.733181
vt 0.356580 0.734347
vt 0.358723 0.735119
vt 0.357409 0.734573
vt 0.353819 0.732756
vt 0.348725 0.730816
vt 0.354363 0.730274
vt 0.346943 0.730678
vt 0.343423 0.734178
vt 0.344332 0.751357
vt 0.342907 0.749388
vt 0.344340 0.750595
vt 0.341467 0.747330
vt 0.341230 0.736632
vt 0.339558 0.743504
vt 0.343855 0.752150
vt 0.345060 0.754031
vt 0.345702 0.755941
vt 0.345900 0.756942
vt 0.368883 0.770694
vt 0.370400 0.771577
vt 0.371422 0.771869
vt 0.372255 0.766936
vt 0.370506 0.764701
vt 0.366129 0.788603
vt 0.365316 0.789939
vt 0.367415 0.786895
vt 0.368326 0.781388
vt 0.362335 0.788194
vt 0.363480 0.790322
vt 0.364759 0.791793
vt 0.369340 0.773832
vt 0.369274 0.774757
vt 0.357809 0.776953
vt 0.355968 0.773419
vt 0.354234 0.769667
vt 0.356303 0.773562
vt 0.356867 0.775484
vt 0.357798 0.780254
vt 0.357772 0.784680
vt 0.360688 0.788123
vt 0.356176 0.732264
vt 0.359854 0.736969
vt 0.359709 0.734959
vt 0.348471 0.728435
vt 0.352312 0.726615
vt 0.345381 0.730683
vt 0.343088 0.730428
vt 0.343065 0.750628
vt 0.340508 0.746378
vt 0.342409 0.748851
vt 0.339463 0.738637
vt 0.339056 0.740883
vt 0.339975 0.747108
vt 0.343963 0.753510
vt 0.344907 0.755138
vt 0.345017 0.759420
vt 0.368291 0.771453
vt 0.369321 0.771229
vt 0.369662 0.771863
vt 0.372266 0.771914
vt 0.372614 0.770615
vt 0.371388 0.765829
vt 0.373053 0.768313
vt 0.368689 0.784337
vt 0.368995 0.779421
vt 0.369197 0.782552
vt 0.369109 0.780693
vt 0.362809 0.790213
vt 0.361830 0.789339
vt 0.363985 0.791652
vt 0.368992 0.772080
vt 0.369178 0.778288
vt 0.370088 0.776044
vt 0.357708 0.778313
vt 0.355360 0.773020
vt 0.354208 0.771239
vt 0.353912 0.769538
vt 0.353818 0.769234
vt 0.356326 0.774482
vt 0.357398 0.776999
vt 0.357504 0.782649
vt 0.357748 0.786812
vt 0.359533 0.789146
vt 0.355278 0.731564
vt 0.357338 0.732864
vt 0.359702 0.736009
vt 0.359346 0.733224
vt 0.358373 0.733990
vt 0.350362 0.726494
vt 0.354018 0.726660
vt 0.346509 0.728778
vt 0.342006 0.733089
vt 0.341532 0.734795
vt 0.341967 0.749087
vt 0.340848 0.748164
vt 0.338760 0.739636
vt 0.339894 0.736942
vt 0.338872 0.741946
vt 0.339414 0.745705
vt 0.342970 0.752317
vt 0.344980 0.756380
vt 0.345099 0.757662
vt 0.370839 0.772966
vt 0.370051 0.772995
vt 0.372823 0.772340
vt 0.372337 0.772816
vt 0.373306 0.771371
vt 0.371974 0.765556
vt 0.373862 0.771022
vt 0.372752 0.766788
vt 0.370709 0.764639
vt 0.365883 0.789375
vt 0.367464 0.789270
vt 0.365668 0.791934
vt 0.368937 0.787797
vt 0.363617 0.792291
vt 0.363283 0.791642
vt 0.364273 0.793242
vt 0.370338 0.774486
vt 0.369420 0.772889
vt 0.355713 0.774652
vt 0.354413 0.772610
vt 0.356194 0.776090
vt 0.356776 0.777693
vt 0.356858 0.781306
vt 0.357179 0.779287
vt 0.356893 0.785958
vt 0.357982 0.788758
vt 0.361091 0.790940
vt 0.356331 0.729614
vt 0.357563 0.732127
vt 0.360321 0.735582
vt 0.360583 0.733178
vt 0.349486 0.723867
vt 0.355027 0.727618
vt 0.352786 0.724071
vt 0.345091 0.728170
vt 0.340963 0.734017
vt 0.342211 0.751161
vt 0.341355 0.749639
vt 0.338823 0.737665
vt 0.340175 0.734985
vt 0.339454 0.737407
vt 0.339020 0.744608
vt 0.339635 0.747149
vt 0.341976 0.751514
vt 0.343736 0.755490
vt 0.344543 0.756060
vt 0.371463 0.772967
vt 0.371199 0.764630
vt 0.366300 0.790588
vt 0.365112 0.794514
vt 0.369376 0.785959
vt 0.369809 0.783328
vt 0.369766 0.779961
vt 0.369825 0.778877
vt 0.369488 0.781759
vt 0.362473 0.791632
vt 0.363890 0.793107
vt 0.363168 0.792499
vt 0.371339 0.775569
vt 0.357340 0.778084
vt 0.354967 0.774216
vt 0.353304 0.770778
vt 0.353787 0.772583
vt 0.353669 0.769669
vt 0.355299 0.782874
vt 0.356403 0.787946
vt 0.358624 0.792316
vt 0.356903 0.731025
vt 0.361723 0.736162
vt 0.360081 0.730724
vt 0.358551 0.732123
vt 0.350920 0.722894
vt 0.354710 0.725261
vt 0.345676 0.726182
vt 0.344311 0.725721
vt 0.340210 0.748353
vt 0.338416 0.737936
vt 0.339471 0.735141
vt 0.338508 0.740707
vt 0.338554 0.743344
vt 0.339156 0.746424
vt 0.344378 0.757016
vt 0.371305 0.773854
vt 0.373355 0.773855
vt 0.372141 0.774151
vt 0.373780 0.773108
vt 0.374851 0.774349
vt 0.368492 0.790810
vt 0.367361 0.791493
vt 0.365929 0.794648
vt 0.369903 0.784643
vt 0.369765 0.787389
vt 0.369825 0.782356
vt 0.369987 0.781553
vt 0.363876 0.794080
vt 0.364973 0.795941
vt 0.364200 0.794332
vt 0.371292 0.777941
vt 0.355190 0.775726
vt 0.354265 0.773783
vt 0.353235 0.769548
vt 0.355749 0.777959
vt 0.355716 0.775927
vt 0.356224 0.779918
vt 0.353313 0.787321
vt 0.354855 0.787198
vt 0.356035 0.790341
vt 0.363585 0.795553
vt 0.355773 0.726040
vt 0.358830 0.729625
vt 0.361271 0.734698
vt 0.361346 0.730142
vt 0.359206 0.731057
vt 0.348961 0.723252
vt 0.350827 0.721179
vt 0.354913 0.723550
vt 0.352926 0.721902
vt 0.344755 0.725841
vt 0.340473 0.749118
vt 0.338535 0.736860
vt 0.338290 0.739599
vt 0.338825 0.736041
vt 0.338353 0.741485
vt 0.338799 0.745402
vt 0.339603 0.747718
vt 0.373478 0.775498
vt 0.372751 0.774961
vt 0.374991 0.774024
vt 0.369769 0.789242
vt 0.365878 0.796327
vt 0.370241 0.785967
vt 0.370628 0.783757
vt 0.370472 0.782448
vt 0.370827 0.779737
vt 0.370586 0.780882
vt 0.364520 0.794787
vt 0.365325 0.796651
vt 0.372007 0.777519
vt 0.354398 0.775506
vt 0.352663 0.772908
vt 0.353282 0.775056
vt 0.355828 0.776645
vt 0.354689 0.781111
vt 0.353486 0.784592
vt 0.355929 0.792037
vt 0.361426 0.798464
vt 0.358699 0.726296
vt 0.362067 0.734417
vt 0.361947 0.732558
vt 0.360513 0.727508
vt 0.348867 0.721992
vt 0.351473 0.720085
vt 0.354043 0.720055
vt 0.352676 0.720463
vt 0.346034 0.723798
vt 0.338482 0.736250
vt 0.339218 0.746786
vt 0.338970 0.746407
vt 0.373925 0.774218
vt 0.372464 0.776238
vt 0.374492 0.774685
vt 0.375326 0.773537
vt 0.375432 0.776173
vt 0.369692 0.792407
vt 0.367755 0.793882
vt 0.366954 0.796049
vt 0.370970 0.784692
vt 0.370923 0.786566
vt 0.370649 0.788438
vt 0.365138 0.796549
vt 0.365215 0.796972
vt 0.372161 0.780945
vt 0.372420 0.779607
vt 0.355474 0.776732
vt 0.354712 0.777574
vt 0.352784 0.770108
vt 0.352039 0.771178
vt 0.352009 0.786693
vt 0.353157 0.789408
vt 0.354929 0.789985
vt 0.355866 0.792717
vt 0.354704 0.791939
vt 0.369032 0.806206
vt 0.356818 0.793751
vt 0.355790 0.724294
vt 0.362652 0.729931
vt 0.362284 0.726754
vt 0.356065 0.721762
vt 0.374703 0.777170
vt 0.375971 0.776288
vt 0.369997 0.795820
vt 0.370687 0.792596
vt 0.368634 0.796549
vt 0.366501 0.797877
vt 0.365876 0.797788
vt 0.371324 0.790910
vt 0.371195 0.783963
vt 0.371375 0.783286
vt 0.365538 0.797580
vt 0.365487 0.797565
vt 0.373463 0.778482
vt 0.353613 0.777013
vt 0.351433 0.773620
vt 0.352167 0.774808
vt 0.352744 0.782425
vt 0.351472 0.789469
vt 0.351741 0.785841
vt 0.354781 0.791060
vt 0.354606 0.792783
vt 0.365652 0.805265
vt 0.368285 0.800828
vt 0.355031 0.793102
vt 0.358781 0.722714
vt 0.360178 0.724650
vt 0.377419 0.777833
vt 0.376325 0.778310
vt 0.367900 0.800235
vt 0.372124 0.786521
vt 0.371691 0.787549
vt 0.372091 0.789744
vt 0.373460 0.780788
vt 0.352611 0.780208
vt 0.352464 0.775848
vt 0.351048 0.787635
vt 0.353749 0.791641
vt 0.350697 0.792424
vt 0.353884 0.792649
vt 0.354023 0.793096
vt 0.363275 0.803063
vt 0.367666 0.808071
vt 0.374380 0.805761
vt 0.359757 0.799405
vt 0.374827 0.779998
vt 0.375670 0.777920
vt 0.377337 0.780407
vt 0.375558 0.772889
vt 0.369834 0.799162
vt 0.371175 0.794528
vt 0.371385 0.792717
vt 0.368029 0.798509
vt 0.367081 0.799751
vt 0.366672 0.799273
vt 0.366036 0.798487
vt 0.372341 0.791991
vt 0.372541 0.785968
vt 0.373533 0.783123
vt 0.374414 0.781394
vt 0.351739 0.779994
vt 0.351074 0.775992
vt 0.351462 0.782945
vt 0.350226 0.789662
vt 0.350157 0.786130
vt 0.352542 0.791979
vt 0.350707 0.791483
vt 0.353374 0.793281
vt 0.365012 0.805757
vt 0.368696 0.809918
vt 0.366775 0.808241
vt 0.370674 0.801739
vt 0.374311 0.809870
vt 0.354354 0.793984
vt 0.375580 0.779059
vt 0.378185 0.780721
vt 0.376939 0.774682
vt 0.376645 0.779858
vt 0.376149 0.779104
vt 0.370590 0.797566
vt 0.368935 0.798703
vt 0.368509 0.800360
vt 0.367867 0.800839
vt 0.373413 0.789566
vt 0.373095 0.790609
vt 0.374470 0.782977
vt 0.351748 0.777656
vt 0.349310 0.788817
vt 0.353035 0.792893
vt 0.351591 0.792705
vt 0.350101 0.792064
vt 0.353528 0.793471
vt 0.365856 0.807571
vt 0.364377 0.805959
vt 0.362644 0.803673
vt 0.369778 0.810462
vt 0.367975 0.809791
vt 0.367479 0.809352
vt 0.373910 0.802204
vt 0.372516 0.811136
vt 0.376284 0.809299
vt 0.359520 0.801501
vt 0.375913 0.780698
vt 0.375389 0.782210
vt 0.379219 0.781854
vt 0.378578 0.783124
vt 0.378396 0.776301
vt 0.376777 0.781541
vt 0.370291 0.799826
vt 0.369494 0.799512
vt 0.371932 0.796198
vt 0.372133 0.793928
vt 0.368856 0.799862
vt 0.368801 0.800867
vt 0.367554 0.800587
vt 0.373393 0.792613
vt 0.374392 0.789779
vt 0.373314 0.786064
vt 0.375170 0.784781
vt 0.375074 0.783318
vt 0.351004 0.780995
vt 0.349926 0.778133
vt 0.350529 0.782959
vt 0.349978 0.791171
vt 0.349474 0.790126
vt 0.349057 0.787248
vt 0.352248 0.793072
vt 0.350806 0.792857
vt 0.352946 0.793430
vt 0.365250 0.806926
vt 0.361285 0.802387
vt 0.370501 0.810148
vt 0.369323 0.812313
vt 0.368190 0.810977
vt 0.366454 0.809467
vt 0.367075 0.810024
vt 0.377284 0.804427
vt 0.372084 0.801382
vt 0.371118 0.809983
vt 0.374489 0.813487
vt 0.377326 0.809173
vt 0.376653 0.811520
vt 0.376042 0.779690
vt 0.379006 0.779185
vt 0.377777 0.783822
vt 0.376359 0.780126
vt 0.371088 0.797973
vt 0.372762 0.793341
vt 0.368867 0.800480
vt 0.368765 0.800724
vt 0.368149 0.801122
vt 0.374012 0.791043
vt 0.374350 0.785645
vt 0.350423 0.779499
vt 0.349372 0.784711
vt 0.348871 0.789482
vt 0.348592 0.788565
vt 0.351456 0.793091
vt 0.350360 0.792673
vt 0.349460 0.791026
vt 0.365256 0.808321
vt 0.363664 0.806134
vt 0.362219 0.804761
vt 0.370446 0.811364
vt 0.370363 0.812976
vt 0.368596 0.811886
vt 0.367330 0.810830
vt 0.365925 0.809139
vt 0.376950 0.806296
vt 0.375797 0.800446
vt 0.370450 0.801045
vt 0.373024 0.800936
vt 0.372244 0.811889
vt 0.373443 0.813045
vt 0.375827 0.812694
vt 0.377705 0.811027
vt 0.378816 0.809591
vt 0.376215 0.782427
vt 0.376011 0.784062
vt 0.379814 0.785284
vt 0.380315 0.781053
vt 0.378991 0.786500
vt 0.380503 0.779636
vt 0.376851 0.783679
vt 0.372027 0.798429
vt 0.369306 0.800215
vt 0.373059 0.794693
vt 0.369156 0.800596
vt 0.368715 0.801059
vt 0.374218 0.793159
vt 0.374629 0.791872
vt 0.375455 0.786728
vt 0.349229 0.781937
vt 0.348865 0.789103
vt 0.348736 0.789755
vt 0.364460 0.807601
vt 0.371262 0.811161
vt 0.370968 0.811948
vt 0.369144 0.814558
vt 0.367942 0.812712
vt 0.366850 0.811541
vt 0.365654 0.810191
vt 0.377705 0.801214
vt 0.372417 0.800185
vt 0.372821 0.813376
vt 0.373790 0.814995
vt 0.376022 0.815106
vt 0.378510 0.811043
vt 0.377813 0.812972
vt 0.376985 0.813863
vt 0.361505 0.805833
vt 0.381214 0.784451
vt 0.378195 0.786163
vt 0.379639 0.775799
vt 0.377391 0.785561
vt 0.373075 0.796892
vt 0.375150 0.791602
vt 0.376024 0.785702
vt 0.348556 0.789364
vt 0.364619 0.809372
vt 0.363930 0.807485
vt 0.370774 0.815935
vt 0.379995 0.807560
vt 0.378734 0.803073
vt 0.377153 0.799344
vt 0.374264 0.799090
vt 0.371733 0.812539
vt 0.375090 0.816448
vt 0.378599 0.812732
vt 0.379371 0.813139
vt 0.380151 0.788102
vt 0.381915 0.787016
vt 0.381255 0.780633
vt 0.378552 0.787361
vt 0.380767 0.777168
vt 0.376695 0.784874
vt 0.373206 0.798523
vt 0.373948 0.795564
vt 0.374881 0.793546
vt 0.375808 0.789008
vt 0.375242 0.792558
vt 0.375039 0.790125
vt 0.376349 0.787421
vt 0.376376 0.785165
vt 0.365212 0.810219
vt 0.364238 0.808365
vt 0.371445 0.813859
vt 0.371053 0.819127
vt 0.367906 0.815314
vt 0.366751 0.814002
vt 0.365997 0.812471
vt 0.381829 0.811981
vt 0.378853 0.804928
vt 0.378749 0.801035
vt 0.378383 0.799005
vt 0.376443 0.798326
vt 0.375500 0.798081
vt 0.372916 0.815706
vt 0.373941 0.817058
vt 0.377226 0.816477
vt 0.376078 0.817857
vt 0.380446 0.814505
vt 0.378493 0.814368
vt 0.377813 0.814714
vt 0.363568 0.808675
vt 0.379710 0.789256
vt 0.380950 0.787822
vt 0.382109 0.785646
vt 0.380766 0.779070
vt 0.378923 0.789005
vt 0.378260 0.787117
vt 0.377912 0.786915
vt 0.376711 0.786053
vt 0.374398 0.797307
vt 0.375480 0.793099
vt 0.365439 0.811451
vt 0.363946 0.810035
vt 0.364625 0.811880
vt 0.371877 0.816345
vt 0.368846 0.816873
vt 0.382470 0.810329
vt 0.381163 0.813458
vt 0.379543 0.805039
vt 0.379561 0.801956
vt 0.377342 0.797463
vt 0.374798 0.819861
vt 0.379073 0.814189
vt 0.379982 0.815064
vt 0.380498 0.790575
vt 0.381641 0.790484
vt 0.381961 0.788644
vt 0.383723 0.786952
vt 0.382999 0.782002
vt 0.381658 0.778967
vt 0.378186 0.788206
vt 0.377314 0.787805
vt 0.374813 0.795906
vt 0.375305 0.793146
vt 0.376695 0.789459
vt 0.375899 0.792636
vt 0.376257 0.791187
vt 0.372586 0.819846
vt 0.370639 0.820701
vt 0.366573 0.817140
vt 0.368095 0.818519
vt 0.365577 0.814729
vt 0.365159 0.812649
vt 0.381323 0.808163
vt 0.384604 0.813495
vt 0.382406 0.814819
vt 0.380218 0.806390
vt 0.379773 0.803397
vt 0.379537 0.800000
vt 0.378236 0.796517
vt 0.376372 0.795968
vt 0.379048 0.816783
vt 0.377950 0.819090
vt 0.376296 0.820887
vt 0.379548 0.815125
vt 0.381652 0.815269
vt 0.380297 0.816355
vt 0.379448 0.816363
vt 0.379707 0.791539
vt 0.382653 0.788821
vt 0.384337 0.785683
vt 0.383584 0.788730
vt 0.378338 0.790143
vt 0.375142 0.794142
vt 0.375644 0.794510
vt 0.372293 0.824306
vt 0.370930 0.823946
vt 0.383032 0.809367
vt 0.384368 0.811148
vt 0.383359 0.815059
vt 0.379888 0.805418
vt 0.379038 0.797713
vt 0.380739 0.805191
vt 0.380636 0.799826
vt 0.377432 0.795194
vt 0.373099 0.828314
vt 0.376876 0.823794
vt 0.381733 0.816314
vt 0.379910 0.816149
vt 0.380757 0.816790
vt 0.378982 0.791152
vt 0.380124 0.792837
vt 0.382431 0.790247
vt 0.382400 0.789262
vt 0.385342 0.787651
vt 0.384562 0.788982
vt 0.385350 0.784259
vt 0.377790 0.789361
vt 0.377041 0.791787
vt 0.377320 0.789838
vt 0.376373 0.793319
vt 0.364362 0.814727
vt 0.370398 0.828981
vt 0.366398 0.822574
vt 0.364745 0.820330
vt 0.381799 0.807974
vt 0.380995 0.806939
vt 0.386644 0.811896
vt 0.384722 0.816413
vt 0.382956 0.816150
vt 0.382429 0.816398
vt 0.379708 0.798029
vt 0.381335 0.802131
vt 0.378037 0.794710
vt 0.378921 0.795837
vt 0.376912 0.793938
vt 0.379243 0.819776
vt 0.380468 0.817806
vt 0.379877 0.817643
vt 0.379138 0.793027
vt 0.382243 0.793262
vt 0.383233 0.790934
vt 0.384560 0.791574
vt 0.378340 0.792353
vt 0.377742 0.790961
vt 0.364548 0.817124
vt 0.385146 0.810165
vt 0.382672 0.807945
vt 0.386718 0.814251
vt 0.383343 0.818017
vt 0.385405 0.815313
vt 0.379569 0.795941
vt 0.382017 0.805802
vt 0.383808 0.803022
vt 0.380533 0.796929
vt 0.378495 0.795232
vt 0.377360 0.793419
vt 0.375987 0.828066
vt 0.381972 0.818158
vt 0.381003 0.818540
vt 0.379093 0.794876
vt 0.385234 0.789781
vt 0.386519 0.786893
vt 0.370266 0.833630
vt 0.368189 0.831826
vt 0.363526 0.818810
vt 0.383917 0.808857
vt 0.381498 0.807310
vt 0.388276 0.813904
vt 0.386646 0.809996
vt 0.385659 0.818657
vt 0.385786 0.816281
vt 0.384010 0.798760
vt 0.378378 0.794063
vt 0.377650 0.792437
vt 0.380388 0.820146
vt 0.374102 0.832884
vt 0.378692 0.793461
vt 0.383330 0.795853
vt 0.386348 0.789813
vt 0.387052 0.785667
vt 0.386605 0.788588
vt 0.386068 0.790922
vt 0.361657 0.821496
vt 0.385126 0.809072
vt 0.383496 0.807584
vt 0.382523 0.806681
vt 0.388990 0.811481
vt 0.387627 0.815243
vt 0.387004 0.816325
vt 0.388038 0.810090
vt 0.383863 0.821325
vt 0.383993 0.806649
vt 0.385135 0.800826
vt 0.378446 0.827380
vt 0.376791 0.834818
vt 0.382198 0.821200
vt 0.381400 0.820092
vt 0.384604 0.795732
vt 0.387571 0.787581
vt 0.386801 0.784134
vt 0.385454 0.794590
vt 0.384415 0.808354
vt 0.383899 0.808314
vt 0.390108 0.813304
vt 0.389365 0.816099
vt 0.386437 0.808470
vt 0.387196 0.821932
vt 0.384140 0.805056
vt 0.385897 0.798989
vt 0.384889 0.803727
vt 0.381167 0.824485
vt 0.387745 0.791022
vt 0.387614 0.789331
vt 0.388309 0.786438
vt 0.388339 0.784773
vt 0.386896 0.793111
vt 0.385192 0.808025
vt 0.384004 0.807853
vt 0.389968 0.808839
vt 0.390629 0.811004
vt 0.388300 0.817228
vt 0.388311 0.808527
vt 0.387398 0.819012
vt 0.382826 0.825272
vt 0.385090 0.825146
vt 0.385091 0.806327
vt 0.386745 0.801010
vt 0.385928 0.802769
vt 0.388413 0.787662
vt 0.388736 0.788502
vt 0.384617 0.807574
vt 0.391575 0.811593
vt 0.390839 0.815486
vt 0.390054 0.818257
vt 0.386004 0.807315
vt 0.390198 0.805960
vt 0.388188 0.826450
vt 0.387010 0.799138
vt 0.385930 0.805455
vt 0.388816 0.790041
vt 0.388505 0.792417
vt 0.389253 0.787297
vt 0.389474 0.786005
vt 0.391886 0.809576
vt 0.391471 0.811057
vt 0.391705 0.812619
vt 0.387155 0.805726
vt 0.388284 0.805280
vt 0.389988 0.824701
vt 0.391165 0.818350
vt 0.387587 0.800576
vt 0.387099 0.803589
vt 0.389622 0.795074
vt 0.389526 0.784599
vt 0.389764 0.788513
vt 0.387882 0.797663
vt 0.391744 0.807283
vt 0.392468 0.812263
vt 0.391755 0.814782
vt 0.389494 0.802503
vt 0.388102 0.800010
vt 0.388147 0.801396
vt 0.389434 0.791646
vt 0.389570 0.793269
vt 0.390481 0.786658
vt 0.390476 0.785226
vt 0.390154 0.790353
vt 0.392789 0.804864
vt 0.393194 0.807235
vt 0.392586 0.810735
vt 0.393776 0.813579
vt 0.392153 0.803145
vt 0.388686 0.799224
vt 0.390015 0.794432
vt 0.390480 0.784231
vt 0.390984 0.788238
vt 0.393357 0.809473
vt 0.393435 0.811078
vt 0.392310 0.817739
vt 0.391061 0.801286
vt 0.388530 0.800241
vt 0.389023 0.800304
vt 0.390163 0.792161
vt 0.390101 0.798367
vt 0.390681 0.793810
vt 0.390570 0.795829
vt 0.391762 0.784594
vt 0.389998 0.782841
vt 0.391034 0.784480
vt 0.391058 0.790062
vt 0.393646 0.802487
vt 0.394043 0.805306
vt 0.394081 0.807842
vt 0.394074 0.811340
vt 0.391059 0.800013
vt 0.393103 0.800513
vt 0.391005 0.791754
vt 0.391606 0.786259
vt 0.391315 0.783226
vt 0.391801 0.789135
vt 0.394495 0.803544
vt 0.394300 0.806423
vt 0.394376 0.808531
vt 0.395851 0.808651
vt 0.394818 0.809210
vt 0.391060 0.797446
vt 0.391782 0.795309
vt 0.392231 0.786240
vt 0.391946 0.790466
vt 0.394659 0.801562
vt 0.394039 0.800356
vt 0.394834 0.804664
vt 0.394783 0.807072
vt 0.392884 0.796861
vt 0.391543 0.793786
vt 0.392110 0.792178
vt 0.392873 0.787668
vt 0.395340 0.801910
vt 0.394172 0.798824
vt 0.394878 0.806017
vt 0.395627 0.803193
vt 0.395254 0.807549
vt 0.392529 0.794087
vt 0.392904 0.791089
vt 0.395533 0.800016
vt 0.395534 0.804509
vt 0.395504 0.805941
vt 0.394306 0.797123
vt 0.393202 0.793588
vt 0.393321 0.790433
vt 0.396286 0.801202
vt 0.396253 0.803634
vt 0.393425 0.795716
vt 0.392629 0.793577
vt 0.393677 0.792563
vt 0.393501 0.789016
vt 0.396383 0.799678
vt 0.394970 0.797075
vt 0.394162 0.794727
vt 0.394051 0.793948
vt 0.393868 0.791657
vt 0.397163 0.801522
vt 0.396313 0.798288
vt 0.397361 0.799245
vt 0.395487 0.797679
vt 0.394560 0.795608
vt 0.394959 0.794398
vt 0.394106 0.791551
vt 0.395110 0.795943
vt 0.397758 0.801221
vt 0.394868 0.795080
vt 0.394708 0.793164
vt 0.396965 0.796575
vt 0.396107 0.796264
vt 0.395555 0.795736
vt 0.395594 0.794351
vt 0.394679 0.792072
vt 0.398242 0.795975
vt 0.395213 0.793162
vt 0.397405 0.794435
vt 0.396400 0.794862
vt 0.395975 0.793066
vt 0.395239 0.792512
vt 0.398619 0.793862
vt 0.398736 0.790535
vt 0.394652 0.790655
vt 0.396836 0.793400
vt 0.397590 0.792196
vt 0.398943 0.780567
vt 0.395463 0.792593
vt 0.395379 0.790919
vt 0.396516 0.785353
vt 0.395725 0.791948
vt 0.396634 0.791839
vt 0.394992 0.788756
vt 0.396612 0.789851
vt 0.395743 0.789945
vt 0.395928 0.787545
vt 0.002753 0.521953
vt 0.103069 0.432650
vt 0.104576 0.431973
vt 0.104448 0.434765
vt 0.101359 0.426846
vt 0.105690 0.435227
vt 0.103828 0.437143
vt 0.101490 0.429050
vt 0.104885 0.436650
vt 0.102160 0.433678
vt 0.100162 0.423323
vt 0.105542 0.437835
vt 0.104996 0.438493
vt 0.103026 0.439392
vt 0.101207 0.432084
vt 0.100748 0.426081
vt 0.106187 0.437348
vt 0.104546 0.439794
vt 0.104101 0.441270
vt 0.101045 0.435320
vt 0.100912 0.429087
vt 0.105732 0.439539
vt 0.107016 0.435957
vt 0.105126 0.440185
vt 0.103452 0.442760
vt 0.102428 0.443461
vt 0.100462 0.430078
vt 0.100550 0.427278
vt 0.108985 0.438494
vt 0.105975 0.442845
vt 0.104880 0.441231
vt 0.104283 0.444051
vt 0.100306 0.440941
vt 0.098853 0.431204
vt 0.100471 0.425281
vt 0.109205 0.436603
vt 0.108711 0.441566
vt 0.105167 0.442972
vt 0.103261 0.446302
vt 0.099505 0.437012
vt 0.101900 0.447581
vt 0.098888 0.426256
vt 0.100124 0.422744
vt 0.100135 0.424480
vt 0.110512 0.440040
vt 0.109937 0.441148
vt 0.109754 0.449270
vt 0.105551 0.446472
vt 0.104395 0.446643
vt 0.098558 0.439398
vt 0.100901 0.446878
vt 0.098771 0.434548
vt 0.097279 0.429719
vt 0.110413 0.436529
vt 0.111804 0.446582
vt 0.106552 0.449527
vt 0.103367 0.447972
vt 0.098289 0.435324
vt 0.098962 0.443347
vt 0.102522 0.449342
vt 0.099950 0.422807
vt 0.097809 0.433197
vt 0.096988 0.427283
vt 0.112603 0.440093
vt 0.111414 0.440627
vt 0.112546 0.446330
vt 0.111585 0.448396
vt 0.109391 0.453151
vt 0.105004 0.450444
vt 0.103659 0.450910
vt 0.097847 0.436598
vt 0.097989 0.442533
vt 0.100547 0.450724
vt 0.098262 0.422942
vt 0.096028 0.433046
vt 0.096019 0.428236
vt 0.099593 0.420303
vt 0.111180 0.434215
vt 0.112894 0.448736
vt 0.111796 0.453407
vt 0.107296 0.452164
vt 0.097271 0.437548
vt 0.099683 0.453631
vt 0.097439 0.440899
vt 0.102347 0.451968
vt 0.099383 0.420042
vt 0.095719 0.425066
vt 0.112748 0.444534
vt 0.113216 0.436747
vt 0.113995 0.446924
vt 0.112665 0.450801
vt 0.105841 0.452147
vt 0.110706 0.457752
vt 0.107928 0.455799
vt 0.104757 0.453007
vt 0.098466 0.452921
vt 0.096889 0.444760
vt 0.101508 0.457123
vt 0.094447 0.425300
vt 0.096816 0.420109
vt 0.113911 0.440361
vt 0.112959 0.434612
vt 0.114170 0.448904
vt 0.113637 0.450539
vt 0.113695 0.453129
vt 0.112869 0.458116
vt 0.105990 0.454892
vt 0.103525 0.454064
vt 0.095853 0.438904
vt 0.097331 0.449012
vt 0.098999 0.453746
vt 0.102447 0.454778
vt 0.099989 0.459537
vt 0.094221 0.431112
vt 0.095430 0.421264
vt 0.093890 0.420558
vt 0.113987 0.444861
vt 0.115885 0.440860
vt 0.109970 0.431456
vt 0.114878 0.437058
vt 0.115208 0.448642
vt 0.113928 0.455986
vt 0.108165 0.458921
vt 0.112216 0.462486
vt 0.106897 0.457362
vt 0.104637 0.455319
vt 0.093584 0.434928
vt 0.097125 0.451922
vt 0.097669 0.454898
vt 0.095799 0.444055
vt 0.102719 0.457222
vt 0.102084 0.461489
vt 0.092824 0.428562
vt 0.094464 0.419212
vt 0.093289 0.421937
vt 0.115948 0.443690
vt 0.113059 0.432584
vt 0.113798 0.434883
vt 0.115014 0.445449
vt 0.115287 0.450163
vt 0.114896 0.452254
vt 0.115209 0.454637
vt 0.107566 0.457237
vt 0.109995 0.462358
vt 0.114478 0.458936
vt 0.114257 0.462610
vt 0.105703 0.457492
vt 0.103763 0.456482
vt 0.103113 0.455652
vt 0.094805 0.442926
vt 0.099045 0.459114
vt 0.102538 0.459881
vt 0.101021 0.462370
vt 0.093247 0.425239
vt 0.095365 0.417466
vt 0.092694 0.420007
vt 0.117285 0.443541
vt 0.116049 0.438422
vt 0.111078 0.430495
vt 0.114574 0.434675
vt 0.116634 0.447722
vt 0.115612 0.456014
vt 0.104759 0.457156
vt 0.108167 0.462468
vt 0.112403 0.466981
vt 0.106516 0.460423
vt 0.093140 0.439838
vt 0.096269 0.454332
vt 0.098042 0.459221
vt 0.098916 0.461917
vt 0.103929 0.459343
vt 0.102205 0.464276
vt 0.099752 0.464075
vt 0.103199 0.461931
vt 0.091783 0.430997
vt 0.091764 0.425298
vt 0.093500 0.418789
vt 0.093838 0.417712
vt 0.096386 0.416798
vt 0.092236 0.422864
vt 0.117780 0.446251
vt 0.116788 0.441796
vt 0.116157 0.436548
vt 0.113360 0.430884
vt 0.117955 0.450347
vt 0.116441 0.452028
vt 0.117080 0.454160
vt 0.116857 0.455877
vt 0.109316 0.466692
vt 0.115655 0.460278
vt 0.115140 0.467339
vt 0.105176 0.459144
vt 0.093328 0.444579
vt 0.091715 0.434620
vt 0.095636 0.451895
vt 0.096545 0.458561
vt 0.101927 0.465671
vt 0.091285 0.425900
vt 0.094800 0.415736
vt 0.091532 0.420912
vt 0.092739 0.417820
vt 0.118585 0.444139
vt 0.118039 0.441908
vt 0.117132 0.440611
vt 0.116941 0.438707
vt 0.112249 0.428748
vt 0.114657 0.432730
vt 0.115782 0.434194
vt 0.117699 0.448151
vt 0.116748 0.458691
vt 0.107245 0.464580
vt 0.117048 0.462827
vt 0.110795 0.470046
vt 0.114040 0.472602
vt 0.116061 0.465118
vt 0.105173 0.461450
vt 0.094120 0.447580
vt 0.092671 0.443612
vt 0.091446 0.438665
vt 0.095592 0.459626
vt 0.094402 0.453181
vt 0.097386 0.460762
vt 0.098173 0.461798
vt 0.098440 0.465329
vt 0.104166 0.461758
vt 0.103290 0.465436
vt 0.099596 0.466891
vt 0.090670 0.430292
vt 0.090884 0.424360
vt 0.091358 0.423521
vt 0.093320 0.414902
vt 0.091626 0.418692
vt 0.090927 0.422654
vt 0.119099 0.446227
vt 0.117002 0.436817
vt 0.113246 0.428754
vt 0.114619 0.431319
vt 0.116876 0.434857
vt 0.118658 0.452983
vt 0.118448 0.448351
vt 0.118792 0.455982
vt 0.119009 0.459194
vt 0.106088 0.462749
vt 0.107977 0.467649
vt 0.109971 0.471171
vt 0.112213 0.473575
vt 0.117352 0.470532
vt 0.117102 0.467991
vt 0.092990 0.448151
vt 0.092046 0.445621
vt 0.090261 0.434433
vt 0.096444 0.460476
vt 0.097878 0.463587
vt 0.103796 0.463379
vt 0.103122 0.469002
vt 0.101023 0.467666
vt 0.090383 0.426152
vt 0.090780 0.421088
vt 0.091108 0.416542
vt 0.119313 0.442080
vt 0.118666 0.447341
vt 0.119981 0.444138
vt 0.118087 0.439475
vt 0.117695 0.437820
vt 0.113221 0.427324
vt 0.115382 0.431727
vt 0.115725 0.432766
vt 0.116560 0.432770
vt 0.119127 0.451660
vt 0.119364 0.449987
vt 0.106024 0.464834
vt 0.108261 0.469742
vt 0.107354 0.468066
vt 0.117447 0.464543
vt 0.114049 0.475756
vt 0.115592 0.473538
vt 0.105699 0.462841
vt 0.091408 0.444778
vt 0.096044 0.461975
vt 0.094206 0.457121
vt 0.097043 0.462308
vt 0.098531 0.467705
vt 0.097060 0.465010
vt 0.104707 0.463096
vt 0.104429 0.464922
vt 0.102065 0.468688
vt 0.104236 0.467409
vt 0.100429 0.469662
vt 0.089484 0.428498
vt 0.089947 0.424468
vt 0.091898 0.414096
vt 0.118905 0.440533
vt 0.119371 0.448078
vt 0.120199 0.446770
vt 0.117578 0.435039
vt 0.114942 0.430391
vt 0.112333 0.426629
vt 0.113940 0.428364
vt 0.120168 0.454469
vt 0.120947 0.458664
vt 0.118912 0.463575
vt 0.106670 0.466226
vt 0.110571 0.476057
vt 0.109594 0.473634
vt 0.112994 0.479313
vt 0.117049 0.474708
vt 0.118331 0.470782
vt 0.118705 0.466011
vt 0.105319 0.464340
vt 0.092883 0.453418
vt 0.092128 0.450570
vt 0.095210 0.463196
vt 0.094046 0.460073
vt 0.099386 0.469646
vt 0.097692 0.467773
vt 0.102502 0.471027
vt 0.104332 0.470326
vt 0.101207 0.470037
vt 0.089363 0.427146
vt 0.119279 0.438979
vt 0.120396 0.441327
vt 0.121149 0.446937
vt 0.118671 0.436774
vt 0.113550 0.426139
vt 0.110812 0.427734
vt 0.115895 0.430195
vt 0.117291 0.430955
vt 0.120631 0.453889
vt 0.120583 0.449341
vt 0.121418 0.462788
vt 0.106169 0.467892
vt 0.107852 0.473613
vt 0.106447 0.469159
vt 0.111575 0.478552
vt 0.108759 0.474231
vt 0.113909 0.482245
vt 0.117028 0.477803
vt 0.118559 0.475319
vt 0.089668 0.449019
vt 0.096150 0.464478
vt 0.094586 0.461383
vt 0.091782 0.455939
vt 0.098350 0.469444
vt 0.096968 0.467642
vt 0.105096 0.467897
vt 0.103573 0.471458
vt 0.101762 0.471301
vt 0.100373 0.471761
vt 0.100760 0.470868
vt 0.121111 0.442617
vt 0.118503 0.433899
vt 0.115339 0.429129
vt 0.112809 0.424512
vt 0.111538 0.425593
vt 0.120936 0.452192
vt 0.121470 0.456136
vt 0.120891 0.456389
vt 0.122149 0.461102
vt 0.121941 0.466623
vt 0.105697 0.465880
vt 0.107284 0.470529
vt 0.122026 0.470142
vt 0.109756 0.477714
vt 0.110317 0.479224
vt 0.111819 0.482441
vt 0.114821 0.484587
vt 0.118602 0.479509
vt 0.122126 0.472162
vt 0.119901 0.476089
vt 0.091518 0.452734
vt 0.095253 0.464919
vt 0.093684 0.462205
vt 0.090558 0.457235
vt 0.096023 0.466381
vt 0.098493 0.471756
vt 0.097508 0.469691
vt 0.102836 0.472518
vt 0.102198 0.472177
vt 0.103967 0.472322
vt 0.105067 0.469806
vt 0.099590 0.471954
vt 0.101338 0.471883
vt 0.120830 0.438839
vt 0.121679 0.451287
vt 0.122281 0.443874
vt 0.119783 0.433478
vt 0.114013 0.425111
vt 0.109858 0.427164
vt 0.116645 0.427484
vt 0.121177 0.453922
vt 0.122739 0.463348
vt 0.122011 0.459153
vt 0.122579 0.465116
vt 0.105626 0.467371
vt 0.105702 0.469421
vt 0.108330 0.478110
vt 0.106033 0.471019
vt 0.110190 0.481946
vt 0.109056 0.477796
vt 0.112562 0.485486
vt 0.117211 0.484659
vt 0.118460 0.481141
vt 0.090226 0.452833
vt 0.094259 0.464053
vt 0.092811 0.460229
vt 0.096337 0.469338
vt 0.095691 0.467932
vt 0.103377 0.473236
vt 0.104610 0.471105
vt 0.100286 0.474411
vt 0.122046 0.440844
vt 0.121888 0.446901
vt 0.119173 0.430983
vt 0.113747 0.422986
vt 0.112147 0.423365
vt 0.110830 0.424236
vt 0.115224 0.426190
vt 0.121623 0.453165
vt 0.122000 0.454431
vt 0.123035 0.461459
vt 0.122636 0.460452
vt 0.123222 0.466907
vt 0.123409 0.469823
vt 0.107571 0.475600
vt 0.122883 0.472375
vt 0.109634 0.480411
vt 0.108733 0.479782
vt 0.111143 0.484758
vt 0.114252 0.488499
vt 0.115620 0.487044
vt 0.118933 0.480180
vt 0.119936 0.479313
vt 0.089175 0.451176
vt 0.095660 0.466445
vt 0.094574 0.465293
vt 0.092891 0.464283
vt 0.089281 0.454701
vt 0.091891 0.460555
vt 0.092566 0.461848
vt 0.097318 0.471807
vt 0.095379 0.466910
vt 0.102714 0.473243
vt 0.102358 0.473724
vt 0.103845 0.473226
vt 0.104621 0.473137
vt 0.105218 0.471285
vt 0.101326 0.473557
vt 0.121627 0.436882
vt 0.122946 0.451026
vt 0.122785 0.438208
vt 0.121183 0.431810
vt 0.112833 0.422163
vt 0.114438 0.420813
vt 0.117255 0.424522
vt 0.122256 0.456192
vt 0.122194 0.452734
vt 0.122699 0.457708
vt 0.124003 0.462554
vt 0.123231 0.465353
vt 0.123038 0.460499
vt 0.107151 0.477557
vt 0.106240 0.474385
vt 0.123564 0.474579
vt 0.108812 0.482590
vt 0.110913 0.486952
vt 0.110145 0.484969
vt 0.112299 0.488390
vt 0.116632 0.490087
vt 0.118392 0.484238
vt 0.119532 0.482265
vt 0.094101 0.465741
vt 0.089469 0.457324
vt 0.091144 0.459573
vt 0.098180 0.474281
vt 0.094935 0.469304
vt 0.095473 0.470939
vt 0.094604 0.468005
vt 0.103086 0.473980
vt 0.104126 0.473338
vt 0.103844 0.473927
vt 0.102706 0.475502
vt 0.123817 0.444051
vt 0.124435 0.423980
vt 0.113067 0.419073
vt 0.114420 0.412383
vt 0.119217 0.420289
vt 0.122788 0.455127
vt 0.123656 0.460198
vt 0.123801 0.464755
vt 0.124412 0.468016
vt 0.123838 0.466362
vt 0.123945 0.472412
vt 0.105604 0.473222
vt 0.107941 0.478781
vt 0.106375 0.476043
vt 0.108128 0.480930
vt 0.108639 0.484815
vt 0.113568 0.490163
vt 0.118334 0.489475
vt 0.123031 0.477651
vt 0.088602 0.452257
vt 0.094277 0.466751
vt 0.091914 0.462960
vt 0.093400 0.466866
vt 0.090003 0.459044
vt 0.088607 0.456796
vt 0.091681 0.461555
vt 0.090565 0.459270
vt 0.099698 0.476837
vt 0.103733 0.474439
vt 0.104201 0.473929
vt 0.102276 0.477193
vt 0.123592 0.456138
vt 0.124468 0.442502
vt 0.124344 0.451244
vt 0.110849 0.420967
vt 0.117975 0.409887
vt 0.122849 0.456431
vt 0.123440 0.458433
vt 0.124779 0.460201
vt 0.124602 0.464556
vt 0.124879 0.471110
vt 0.106185 0.477223
vt 0.107400 0.479486
vt 0.105517 0.475262
vt 0.124784 0.474264
vt 0.107941 0.483578
vt 0.108276 0.482178
vt 0.109399 0.486878
vt 0.111064 0.489142
vt 0.115169 0.492063
vt 0.112136 0.490612
vt 0.117919 0.494089
vt 0.119202 0.484852
vt 0.119742 0.487766
vt 0.120636 0.483229
vt 0.124230 0.476703
vt 0.088231 0.455079
vt 0.088616 0.449768
vt 0.091009 0.464025
vt 0.092119 0.466049
vt 0.088790 0.458789
vt 0.090493 0.460622
vt 0.092919 0.473001
vt 0.093794 0.469227
vt 0.103650 0.474766
vt 0.103964 0.474440
vt 0.104267 0.474327
vt 0.104731 0.474607
vt 0.104857 0.477910
vt 0.123752 0.436783
vt 0.124724 0.444844
vt 0.122735 0.416489
vt 0.109026 0.419670
vt 0.111033 0.413383
vt 0.115759 0.410318
vt 0.125399 0.462893
vt 0.124356 0.466132
vt 0.125412 0.468886
vt 0.106387 0.478925
vt 0.105513 0.476606
vt 0.107588 0.486126
vt 0.107897 0.481945
vt 0.110051 0.488308
vt 0.113476 0.492599
vt 0.119972 0.495720
vt 0.119790 0.491089
vt 0.122330 0.484157
vt 0.124076 0.479222
vt 0.088132 0.453406
vt 0.088123 0.451534
vt 0.090948 0.462690
vt 0.091328 0.466464
vt 0.090407 0.459707
vt 0.089499 0.460148
vt 0.087748 0.457844
vt 0.087981 0.456673
vt 0.094207 0.475932
vt 0.101387 0.479171
vt 0.104516 0.475961
vt 0.105843 0.480355
vt 0.124976 0.435700
vt 0.128235 0.445097
vt 0.128049 0.450837
vt 0.113169 0.404392
vt 0.115422 0.402741
vt 0.120806 0.408419
vt 0.127008 0.467468
vt 0.125320 0.466258
vt 0.125959 0.471534
vt 0.125290 0.472820
vt 0.107107 0.480642
vt 0.124989 0.476770
vt 0.107402 0.482472
vt 0.106688 0.484270
vt 0.108933 0.488623
vt 0.110869 0.490491
vt 0.115274 0.494584
vt 0.112032 0.492004
vt 0.116651 0.496436
vt 0.116926 0.499612
vt 0.120613 0.489833
vt 0.121020 0.488159
vt 0.124795 0.478649
vt 0.087574 0.454659
vt 0.088100 0.450048
vt 0.090265 0.464060
vt 0.088898 0.460978
vt 0.087495 0.459458
vt 0.087240 0.456558
vt 0.091322 0.471414
vt 0.093478 0.476325
vt 0.096815 0.478888
vt 0.098844 0.479862
vt 0.105490 0.482448
vt 0.127217 0.437817
vt 0.125552 0.429255
vt 0.109587 0.410306
vt 0.122006 0.412392
vt 0.130112 0.467159
vt 0.126414 0.468342
vt 0.125760 0.473933
vt 0.125551 0.475917
vt 0.106830 0.487266
vt 0.106830 0.481603
vt 0.114089 0.495440
vt 0.112722 0.493819
vt 0.120572 0.494000
vt 0.119731 0.497138
vt 0.121160 0.491342
vt 0.123656 0.485603
vt 0.123002 0.488577
vt 0.124514 0.480874
vt 0.087710 0.453011
vt 0.087643 0.450833
vt 0.086245 0.458262
vt 0.091247 0.473748
vt 0.102559 0.483683
vt 0.125984 0.434047
vt 0.130127 0.448460
vt 0.129380 0.442208
vt 0.128158 0.473195
vt 0.126602 0.472193
vt 0.125645 0.478337
vt 0.109736 0.490608
vt 0.111151 0.493035
vt 0.108313 0.489686
vt 0.115364 0.498054
vt 0.120676 0.497353
vt 0.119119 0.500806
vt 0.124504 0.484721
vt 0.121905 0.490725
vt 0.124918 0.484397
vt 0.125362 0.480500
vt 0.086613 0.455621
vt 0.087522 0.453661
vt 0.089349 0.467182
vt 0.086654 0.460371
vt 0.088313 0.470643
vt 0.095523 0.480566
vt 0.092148 0.477304
vt 0.097066 0.482118
vt 0.100160 0.483045
vt 0.132269 0.473861
vt 0.126048 0.475528
vt 0.105050 0.486807
vt 0.106935 0.489289
vt 0.114548 0.499048
vt 0.112750 0.495971
vt 0.115827 0.501474
vt 0.120350 0.499052
vt 0.117233 0.502605
vt 0.123907 0.488760
vt 0.124499 0.486693
vt 0.123043 0.492811
vt 0.125234 0.483950
vt 0.087127 0.452577
vt 0.087042 0.454314
vt 0.085850 0.456473
vt 0.086907 0.463987
vt 0.084925 0.458644
vt 0.087831 0.471212
vt 0.095429 0.483588
vt 0.089737 0.475236
vt 0.101180 0.485289
vt 0.127524 0.477040
vt 0.128859 0.477214
vt 0.126065 0.481449
vt 0.126624 0.479207
vt 0.102943 0.485522
vt 0.108930 0.491798
vt 0.110646 0.496328
vt 0.121620 0.500890
vt 0.119817 0.500675
vt 0.118451 0.505783
vt 0.123982 0.492989
vt 0.125315 0.485842
vt 0.086061 0.454424
vt 0.086117 0.466482
vt 0.084612 0.461525
vt 0.087478 0.468024
vt 0.092749 0.483122
vt 0.088525 0.479008
vt 0.099032 0.484149
vt 0.130395 0.481038
vt 0.103143 0.487182
vt 0.105212 0.488697
vt 0.107047 0.490934
vt 0.113451 0.499512
vt 0.115335 0.502898
vt 0.116268 0.504837
vt 0.122648 0.499923
vt 0.121154 0.504670
vt 0.120020 0.503258
vt 0.119687 0.505868
vt 0.117108 0.506002
vt 0.124268 0.491434
vt 0.125002 0.489214
vt 0.123630 0.494773
vt 0.125759 0.483979
vt 0.084720 0.455160
vt 0.085107 0.465222
vt 0.082232 0.458898
vt 0.083832 0.455391
vt 0.086447 0.474503
vt 0.097559 0.485651
vt 0.093718 0.486344
vt 0.090896 0.481547
vt 0.099425 0.486493
vt 0.127041 0.484506
vt 0.132514 0.478999
vt 0.128457 0.484337
vt 0.108188 0.492903
vt 0.114629 0.502464
vt 0.112947 0.501711
vt 0.122299 0.503051
vt 0.119082 0.509112
vt 0.116997 0.508492
vt 0.124910 0.492872
vt 0.126066 0.487866
vt 0.124888 0.494575
vt 0.126338 0.485636
vt 0.085976 0.452298
vt 0.084913 0.454074
vt 0.084590 0.468108
vt 0.083061 0.462787
vt 0.082180 0.454790
vt 0.095909 0.486344
vt 0.090255 0.484983
vt 0.085434 0.478041
vt 0.088202 0.482393
vt 0.101375 0.487189
vt 0.132082 0.492262
vt 0.129073 0.489390
vt 0.104422 0.488886
vt 0.108345 0.495086
vt 0.106380 0.491958
vt 0.114617 0.503639
vt 0.115369 0.507298
vt 0.114963 0.504769
vt 0.111950 0.501768
vt 0.116334 0.509036
vt 0.123330 0.501940
vt 0.122186 0.506606
vt 0.120166 0.508305
vt 0.123314 0.498824
vt 0.126161 0.489753
vt 0.124331 0.496838
vt 0.083629 0.454181
vt 0.081854 0.470613
vt 0.098102 0.488580
vt 0.085709 0.480283
vt 0.102633 0.489099
vt 0.100371 0.488425
vt 0.127919 0.488596
vt 0.132760 0.486436
vt 0.126918 0.487645
vt 0.109764 0.496762
vt 0.113302 0.505679
vt 0.110630 0.498856
vt 0.113984 0.504455
vt 0.122958 0.504702
vt 0.121660 0.507402
vt 0.121302 0.507934
vt 0.120693 0.510081
vt 0.117308 0.511708
vt 0.116240 0.511751
vt 0.125408 0.492538
vt 0.126553 0.488859
vt 0.125704 0.497239
vt 0.084457 0.452735
vt 0.080971 0.466909
vt 0.082548 0.453185
vt 0.097993 0.492122
vt 0.080462 0.473799
vt 0.131194 0.492509
vt 0.127771 0.492919
vt 0.103419 0.489267
vt 0.105515 0.491532
vt 0.109193 0.497532
vt 0.106120 0.494418
vt 0.114694 0.505587
vt 0.115378 0.510971
vt 0.112529 0.505636
vt 0.111277 0.501018
vt 0.123583 0.503765
vt 0.124267 0.499575
vt 0.121623 0.509658
vt 0.122809 0.507553
vt 0.119151 0.511600
vt 0.118086 0.513628
vt 0.125940 0.494387
vt 0.126421 0.492002
vt 0.126978 0.489992
vt 0.099406 0.490294
vt 0.094192 0.490337
vt 0.131006 0.497741
vt 0.128626 0.496763
vt 0.103303 0.489984
vt 0.102489 0.490058
vt 0.107647 0.495868
vt 0.114697 0.510702
vt 0.114354 0.507835
vt 0.113014 0.508775
vt 0.111625 0.503195
vt 0.110504 0.500431
vt 0.124433 0.502716
vt 0.123799 0.505918
vt 0.121449 0.508698
vt 0.122056 0.511418
vt 0.122715 0.510726
vt 0.120383 0.512383
vt 0.116564 0.513727
vt 0.115396 0.514748
vt 0.126869 0.496895
vt 0.125529 0.500410
vt 0.100306 0.491959
vt 0.094386 0.496569
vt 0.132156 0.504927
vt 0.127641 0.496769
vt 0.127183 0.493404
vt 0.103704 0.492207
vt 0.104268 0.493276
vt 0.107826 0.497709
vt 0.106585 0.496306
vt 0.114610 0.513793
vt 0.113895 0.509627
vt 0.112404 0.508565
vt 0.112139 0.505907
vt 0.121436 0.512857
vt 0.121144 0.510717
vt 0.123263 0.508612
vt 0.119171 0.515188
vt 0.116969 0.516310
vt 0.126266 0.499895
vt 0.099210 0.494255
vt 0.097140 0.495040
vt 0.127918 0.501237
vt 0.104710 0.497329
vt 0.109202 0.500030
vt 0.113991 0.513734
vt 0.114024 0.511349
vt 0.112375 0.512121
vt 0.111529 0.505096
vt 0.110530 0.502982
vt 0.124995 0.504787
vt 0.125695 0.502813
vt 0.122360 0.514389
vt 0.123963 0.508615
vt 0.123408 0.510490
vt 0.118185 0.515597
vt 0.120348 0.515818
vt 0.115924 0.516552
vt 0.113694 0.516456
vt 0.126946 0.499472
vt 0.126004 0.501297
vt 0.101021 0.494734
vt 0.101281 0.493341
vt 0.095311 0.500019
vt 0.128340 0.507358
vt 0.102520 0.492998
vt 0.103267 0.494555
vt 0.107491 0.500871
vt 0.106510 0.498033
vt 0.111778 0.510615
vt 0.111912 0.507388
vt 0.124831 0.507062
vt 0.121410 0.517258
vt 0.123251 0.512979
vt 0.118219 0.520417
vt 0.120190 0.520044
vt 0.114882 0.521385
vt 0.117182 0.520224
vt 0.114274 0.520681
vt 0.113280 0.520805
vt 0.126412 0.501746
vt 0.100037 0.498482
vt 0.098247 0.498085
vt 0.093528 0.498473
vt 0.095759 0.501322
vt 0.131040 0.509548
vt 0.126719 0.504425
vt 0.101701 0.498390
vt 0.109146 0.502664
vt 0.105752 0.499820
vt 0.112570 0.518580
vt 0.113178 0.514386
vt 0.111523 0.512982
vt 0.111985 0.509387
vt 0.110924 0.505032
vt 0.111159 0.506837
vt 0.125640 0.505862
vt 0.125709 0.504442
vt 0.122655 0.518695
vt 0.123338 0.515876
vt 0.124033 0.510372
vt 0.124875 0.509503
vt 0.123750 0.511692
vt 0.119054 0.523044
vt 0.112601 0.520271
vt 0.094257 0.502081
vt 0.128740 0.512750
vt 0.126970 0.507420
vt 0.103184 0.502353
vt 0.109921 0.505857
vt 0.108093 0.504974
vt 0.104661 0.500116
vt 0.112413 0.517597
vt 0.111215 0.516622
vt 0.111092 0.512601
vt 0.111441 0.509163
vt 0.125945 0.507800
vt 0.126011 0.503874
vt 0.126379 0.503383
vt 0.121554 0.521135
vt 0.123864 0.514351
vt 0.123947 0.512908
vt 0.117889 0.524062
vt 0.120760 0.523860
vt 0.116302 0.522468
vt 0.113451 0.523085
vt 0.112669 0.522563
vt 0.111832 0.522045
vt 0.097031 0.503817
vt 0.099885 0.501359
vt 0.096295 0.502561
vt 0.094815 0.503425
vt 0.129985 0.519490
vt 0.127105 0.513489
vt 0.126283 0.505377
vt 0.101245 0.501567
vt 0.106842 0.503874
vt 0.106019 0.502458
vt 0.104915 0.501771
vt 0.111600 0.520915
vt 0.111130 0.519151
vt 0.110090 0.514963
vt 0.110863 0.511517
vt 0.110395 0.509228
vt 0.123128 0.526954
vt 0.123934 0.518236
vt 0.124436 0.515950
vt 0.124517 0.511642
vt 0.125818 0.510095
vt 0.118510 0.527461
vt 0.119495 0.526408
vt 0.114829 0.524211
vt 0.113991 0.523835
vt 0.095529 0.504456
vt 0.094042 0.504853
vt 0.128214 0.518828
vt 0.130430 0.530184
vt 0.126735 0.510635
vt 0.100531 0.504639
vt 0.108391 0.510279
vt 0.106314 0.507184
vt 0.111174 0.520695
vt 0.110877 0.520728
vt 0.110772 0.519386
vt 0.110296 0.517901
vt 0.123667 0.520997
vt 0.124695 0.513707
vt 0.125363 0.511621
vt 0.117898 0.528344
vt 0.120725 0.527284
vt 0.116997 0.530487
vt 0.112854 0.524918
vt 0.111021 0.522985
vt 0.098227 0.504516
vt 0.096159 0.505045
vt 0.094786 0.506046
vt 0.127133 0.519395
vt 0.128084 0.524042
vt 0.125880 0.511721
vt 0.103357 0.506206
vt 0.104839 0.504851
vt 0.106033 0.504546
vt 0.110161 0.522854
vt 0.109951 0.522104
vt 0.110052 0.520007
vt 0.110313 0.520862
vt 0.109274 0.519120
vt 0.109535 0.512507
vt 0.122262 0.530751
vt 0.123462 0.524563
vt 0.124886 0.517674
vt 0.124902 0.519930
vt 0.125271 0.515612
vt 0.119923 0.531281
vt 0.115295 0.529804
vt 0.113317 0.526558
vt 0.097246 0.506145
vt 0.095711 0.506392
vt 0.127715 0.522467
vt 0.126824 0.515879
vt 0.127608 0.529365
vt 0.130299 0.538351
vt 0.125715 0.514419
vt 0.100664 0.508533
vt 0.105999 0.511882
vt 0.110130 0.522470
vt 0.106936 0.519420
vt 0.108009 0.514626
vt 0.123433 0.530788
vt 0.124216 0.525972
vt 0.124380 0.523858
vt 0.124399 0.522002
vt 0.118421 0.533929
vt 0.121467 0.531106
vt 0.116574 0.536136
vt 0.098424 0.506531
vt 0.096668 0.507307
vt 0.094784 0.508053
vt 0.126591 0.522730
vt 0.125887 0.517668
vt 0.126947 0.525062
vt 0.127571 0.533955
vt 0.103855 0.509799
vt 0.099290 0.508756
vt 0.101476 0.511331
vt 0.107121 0.513252
vt 0.109299 0.523564
vt 0.109321 0.522336
vt 0.108398 0.521884
vt 0.122668 0.536853
vt 0.123997 0.528404
vt 0.125382 0.522684
vt 0.119441 0.534740
vt 0.121404 0.535730
vt 0.120361 0.535391
vt 0.114383 0.542922
vt 0.112778 0.530397
vt 0.097425 0.508248
vt 0.096823 0.508970
vt 0.126188 0.520317
vt 0.127262 0.531064
vt 0.126660 0.526736
vt 0.127753 0.538001
vt 0.100124 0.510728
vt 0.104368 0.514469
vt 0.106053 0.515656
vt 0.108579 0.523493
vt 0.107049 0.522545
vt 0.123815 0.535312
vt 0.124351 0.531627
vt 0.124597 0.526565
vt 0.125083 0.525363
vt 0.119321 0.540604
vt 0.118035 0.540865
vt 0.115773 0.545206
vt 0.113163 0.543010
vt 0.098159 0.508707
vt 0.095122 0.509411
vt 0.126059 0.524714
vt 0.126372 0.533187
vt 0.126622 0.528834
vt 0.126396 0.525803
vt 0.127766 0.544036
vt 0.126818 0.536384
vt 0.102577 0.514945
vt 0.098506 0.510970
vt 0.100253 0.513311
vt 0.106682 0.523882
vt 0.106715 0.521827
vt 0.105466 0.517848
vt 0.123615 0.538685
vt 0.120796 0.541984
vt 0.124884 0.527499
vt 0.113271 0.549540
vt 0.097717 0.509445
vt 0.097257 0.510238
vt 0.096600 0.511099
vt 0.126440 0.531180
vt 0.126492 0.534167
vt 0.125881 0.526922
vt 0.126435 0.540967
vt 0.127791 0.551962
vt 0.101244 0.514515
vt 0.103541 0.516823
vt 0.104676 0.516860
vt 0.105987 0.522493
vt 0.104377 0.518613
vt 0.123241 0.541990
vt 0.124559 0.538060
vt 0.124709 0.533748
vt 0.121517 0.542742
vt 0.125432 0.529950
vt 0.118924 0.546030
vt 0.120348 0.542187
vt 0.116796 0.549499
vt 0.097086 0.512586
vt 0.125731 0.531984
vt 0.125575 0.533998
vt 0.126747 0.546106
vt 0.126114 0.535258
vt 0.126367 0.538887
vt 0.128142 0.555712
vt 0.127154 0.549785
vt 0.101693 0.517171
vt 0.098274 0.512736
vt 0.100561 0.515609
vt 0.102812 0.516964
vt 0.104390 0.520870
vt 0.124187 0.540460
vt 0.124835 0.535509
vt 0.125124 0.532256
vt 0.115109 0.556361
vt 0.125938 0.541527
vt 0.125654 0.536643
vt 0.125813 0.539930
vt 0.126785 0.555867
vt 0.126399 0.552272
vt 0.102520 0.517367
vt 0.103130 0.517942
vt 0.103001 0.518893
vt 0.124450 0.543135
vt 0.121782 0.546878
vt 0.124941 0.539718
vt 0.120422 0.547804
vt 0.118923 0.550452
vt 0.117723 0.555315
vt 0.110752 0.556797
vt 0.125755 0.545053
vt 0.125875 0.548055
vt 0.125444 0.538767
vt 0.126029 0.559593
vt 0.126219 0.550135
vt 0.100605 0.516750
vt 0.099168 0.515615
vt 0.102468 0.520136
vt 0.123413 0.546803
vt 0.124829 0.541105
vt 0.117253 0.559276
vt 0.113392 0.562393
vt 0.125692 0.542708
vt 0.125520 0.540662
vt 0.125378 0.539834
vt 0.126417 0.563202
vt 0.125586 0.557334
vt 0.125898 0.554944
vt 0.125476 0.550797
vt 0.101185 0.518281
vt 0.124842 0.546266
vt 0.125333 0.542179
vt 0.120628 0.554223
vt 0.123612 0.553486
vt 0.125190 0.540569
vt 0.119332 0.553875
vt 0.118796 0.557081
vt 0.115735 0.561520
vt 0.125239 0.561240
vt 0.125235 0.559052
vt 0.125533 0.552992
vt 0.125533 0.567275
vt 0.100378 0.517896
vt 0.124183 0.548747
vt 0.122830 0.554526
vt 0.118538 0.561424
vt 0.116782 0.563399
vt 0.115611 0.565035
vt 0.124981 0.548865
vt 0.125150 0.563982
vt 0.124664 0.557772
vt 0.125112 0.555943
vt 0.125117 0.554422
vt 0.125013 0.571534
vt 0.124755 0.552995
vt 0.119987 0.557492
vt 0.122876 0.558170
vt 0.124476 0.550900
vt 0.124582 0.562600
vt 0.124574 0.559843
vt 0.124031 0.565154
vt 0.120889 0.558693
vt 0.124287 0.555758
vt 0.121433 0.560734
vt 0.119887 0.560926
vt 0.117468 0.563838
vt 0.116951 0.565316
vt 0.124479 0.561259
vt 0.123927 0.559313
vt 0.123834 0.557963
vt 0.118900 0.563613
vt 0.116450 0.567530
vt 0.123745 0.561110
vt 0.123912 0.576774
vt 0.123332 0.560182
vt 0.119853 0.565065
vt 0.117893 0.564903
vt 0.122809 0.580846
vt 0.121695 0.570363
vt 0.120053 0.573992
vt 0.118841 0.585400
vt 0.120130 0.587757
vt 0.118162 0.591932
vt 0.115669 0.596200
vt 0.911283 0.832142
vt 0.911253 0.836047
vt 0.909723 0.832836
vt 0.912835 0.832370
vt 0.909444 0.834520
vt 0.908530 0.830420
vt 0.911154 0.828806
vt 0.912538 0.838891
vt 0.911056 0.837538
vt 0.908238 0.832960
vt 0.907918 0.828365
vt 0.911956 0.828667
vt 0.909782 0.828164
vt 0.914814 0.837626
vt 0.911484 0.839141
vt 0.908839 0.835382
vt 0.907350 0.830981
vt 0.906530 0.829631
vt 0.913371 0.828958
vt 0.911524 0.827362
vt 0.909564 0.826121
vt 0.913922 0.840331
vt 0.914163 0.832542
vt 0.907379 0.833510
vt 0.906475 0.831327
vt 0.908189 0.825805
vt 0.905618 0.827352
vt 0.912244 0.826971
vt 0.912576 0.840142
vt 0.915858 0.842964
vt 0.916142 0.835408
vt 0.911227 0.839603
vt 0.908653 0.836706
vt 0.906764 0.830730
vt 0.907423 0.826258
vt 0.906325 0.825769
vt 0.905181 0.829012
vt 0.913825 0.827011
vt 0.914712 0.829970
vt 0.910576 0.824851
vt 0.907869 0.822316
vt 0.913693 0.841930
vt 0.916613 0.839778
vt 0.915693 0.831628
vt 0.916909 0.837430
vt 0.912477 0.841483
vt 0.906313 0.823665
vt 0.905091 0.825301
vt 0.904155 0.826361
vt 0.911434 0.820420
vt 0.908409 0.820439
vt 0.909420 0.824009
vt 0.916290 0.843763
vt 0.917456 0.842125
vt 0.917185 0.835655
vt 0.911415 0.841052
vt 0.904899 0.826273
vt 0.903441 0.827536
vt 0.916321 0.828023
vt 0.909541 0.818920
vt 0.914426 0.824004
vt 0.904681 0.822966
vt 0.913348 0.842773
vt 0.916289 0.843576
vt 0.914460 0.843426
vt 0.918092 0.837827
vt 0.917962 0.830202
vt 0.904538 0.825113
vt 0.902752 0.825288
vt 0.910533 0.816479
vt 0.908015 0.816207
vt 0.905362 0.815901
vt 0.917526 0.843962
vt 0.915187 0.844321
vt 0.919192 0.841495
vt 0.918726 0.832613
vt 0.918774 0.835757
vt 0.901743 0.824591
vt 0.903098 0.824177
vt 0.903947 0.824957
vt 0.916671 0.822844
vt 0.918489 0.829114
vt 0.903693 0.817936
vt 0.916256 0.844172
vt 0.918401 0.843371
vt 0.918799 0.839156
vt 0.918864 0.830003
vt 0.919338 0.837259
vt 0.904180 0.824637
vt 0.901665 0.823022
vt 0.918580 0.823453
vt 0.908952 0.812535
vt 0.916945 0.819106
vt 0.905741 0.814080
vt 0.904327 0.814681
vt 0.901715 0.819804
vt 0.916661 0.844729
vt 0.918551 0.844031
vt 0.919955 0.838970
vt 0.920134 0.841801
vt 0.919988 0.832611
vt 0.903340 0.822665
vt 0.900719 0.822363
vt 0.902309 0.822228
vt 0.911666 0.812657
vt 0.906802 0.812192
vt 0.920526 0.827438
vt 0.902904 0.814170
vt 0.899881 0.814670
vt 0.918998 0.844192
vt 0.919235 0.843488
vt 0.920325 0.840435
vt 0.920792 0.829338
vt 0.900132 0.821312
vt 0.900353 0.820517
vt 0.901357 0.821250
vt 0.908721 0.807885
vt 0.915718 0.815664
vt 0.904794 0.811364
vt 0.904271 0.813104
vt 0.902497 0.814039
vt 0.899896 0.816545
vt 0.920382 0.842732
vt 0.910742 0.809888
vt 0.905576 0.807628
vt 0.914171 0.811997
vt 0.902209 0.811010
vt 0.901267 0.813395
vt 0.899929 0.818625
vt 0.899534 0.815545
vt 0.899394 0.818774
vt 0.900878 0.819779
vt 0.912585 0.810259
vt 0.910431 0.805511
vt 0.907580 0.803127
vt 0.916536 0.814900
vt 0.903501 0.809268
vt 0.900263 0.811184
vt 0.899389 0.817423
vt 0.899087 0.815254
vt 0.899544 0.819752
vt 0.899725 0.818831
vt 0.909889 0.802944
vt 0.903620 0.804424
vt 0.913480 0.809409
vt 0.914898 0.811209
vt 0.899232 0.812838
vt 0.898272 0.815489
vt 0.912250 0.807183
vt 0.911175 0.803122
vt 0.908065 0.800508
vt 0.901909 0.807821
vt 0.900850 0.809082
vt 0.898614 0.809599
vt 0.898966 0.816868
vt 0.898441 0.813537
vt 0.897791 0.814700
vt 0.898472 0.815033
vt 0.910784 0.801378
vt 0.904831 0.799471
vt 0.908699 0.798798
vt 0.913148 0.806537
vt 0.901067 0.804862
vt 0.899427 0.808089
vt 0.898111 0.811235
vt 0.898621 0.814603
vt 0.897170 0.812530
vt 0.897767 0.813365
vt 0.912771 0.804933
vt 0.905115 0.795435
vt 0.902903 0.802568
vt 0.905892 0.792705
vt 0.913798 0.807147
vt 0.900317 0.806562
vt 0.897357 0.809747
vt 0.897317 0.804985
vt 0.897761 0.812371
vt 0.909583 0.798418
vt 0.911017 0.799760
vt 0.902603 0.798488
vt 0.915061 0.809513
vt 0.898630 0.803729
vt 0.899468 0.801709
vt 0.897125 0.810646
vt 0.897051 0.808562
vt 0.896171 0.806945
vt 0.897026 0.811532
vt 0.912504 0.802421
vt 0.900907 0.792713
vt 0.902671 0.789524
vt 0.900638 0.798490
vt 0.909749 0.796292
vt 0.914408 0.806024
vt 0.915357 0.806592
vt 0.896519 0.809071
vt 0.895860 0.803370
vt 0.896264 0.800929
vt 0.913482 0.804163
vt 0.911640 0.799041
vt 0.899646 0.794942
vt 0.901552 0.790420
vt 0.903707 0.788730
vt 0.916311 0.808215
vt 0.896982 0.798193
vt 0.896164 0.809689
vt 0.896424 0.808334
vt 0.894917 0.804168
vt 0.913164 0.801164
vt 0.898008 0.792173
vt 0.898658 0.787586
vt 0.902329 0.787223
vt 0.908152 0.791631
vt 0.914526 0.804825
vt 0.917171 0.807813
vt 0.895890 0.808763
vt 0.895819 0.807812
vt 0.895232 0.800921
vt 0.894703 0.802861
vt 0.895359 0.806282
vt 0.896658 0.797667
vt 0.911156 0.796635
vt 0.914029 0.803150
vt 0.912094 0.798522
vt 0.900357 0.785897
vt 0.902883 0.786461
vt 0.906201 0.789901
vt 0.910417 0.794774
vt 0.915520 0.805424
vt 0.895271 0.808109
vt 0.893621 0.797559
vt 0.893826 0.803765
vt 0.894553 0.805766
vt 0.895091 0.795337
vt 0.914188 0.801705
vt 0.912903 0.798541
vt 0.893767 0.783819
vt 0.896065 0.794352
vt 0.899493 0.784004
vt 0.901257 0.784806
vt 0.904992 0.787941
vt 0.907275 0.789545
vt 0.908508 0.790761
vt 0.914621 0.804036
vt 0.916480 0.805944
vt 0.895046 0.807056
vt 0.893930 0.800420
vt 0.894267 0.796426
vt 0.893239 0.800892
vt 0.912071 0.796844
vt 0.911482 0.794946
vt 0.914503 0.803016
vt 0.913802 0.800020
vt 0.894742 0.790063
vt 0.903536 0.785340
vt 0.901847 0.783633
vt 0.905963 0.787289
vt 0.910146 0.792603
vt 0.915115 0.803782
vt 0.917539 0.806357
vt 0.916408 0.804813
vt 0.892865 0.798444
vt 0.892387 0.791674
vt 0.894127 0.805944
vt 0.892700 0.801595
vt 0.894611 0.806922
vt 0.893733 0.792156
vt 0.915553 0.803057
vt 0.914926 0.800500
vt 0.912878 0.795783
vt 0.914069 0.798312
vt 0.893145 0.788955
vt 0.892176 0.778488
vt 0.900086 0.782722
vt 0.904835 0.785036
vt 0.900094 0.780418
vt 0.908623 0.788576
vt 0.907109 0.787334
vt 0.909317 0.790406
vt 0.891803 0.794761
vt 0.893605 0.804622
vt 0.891692 0.797799
vt 0.911094 0.792728
vt 0.893683 0.790338
vt 0.892442 0.786041
vt 0.897597 0.779676
vt 0.891793 0.782604
vt 0.902179 0.782644
vt 0.903625 0.783713
vt 0.906020 0.785868
vt 0.910288 0.791350
vt 0.917391 0.803707
vt 0.894606 0.807332
vt 0.890990 0.791452
vt 0.894283 0.806684
vt 0.912038 0.793585
vt 0.916449 0.801766
vt 0.915372 0.798773
vt 0.914119 0.796431
vt 0.892251 0.788423
vt 0.893550 0.776025
vt 0.890201 0.780030
vt 0.897360 0.776545
vt 0.903552 0.782347
vt 0.899891 0.778742
vt 0.908441 0.786144
vt 0.910065 0.789211
vt 0.907233 0.785624
vt 0.906129 0.784712
vt 0.890497 0.793893
vt 0.891331 0.790255
vt 0.912765 0.793083
vt 0.910805 0.790855
vt 0.911881 0.791387
vt 0.916775 0.799983
vt 0.914855 0.797839
vt 0.913553 0.794594
vt 0.890973 0.784833
vt 0.891306 0.787630
vt 0.889683 0.772787
vt 0.894217 0.773581
vt 0.889975 0.782261
vt 0.889531 0.776215
vt 0.898028 0.776243
vt 0.896590 0.776407
vt 0.902266 0.780950
vt 0.905017 0.783113
vt 0.898622 0.775957
vt 0.909659 0.786865
vt 0.889131 0.789205
vt 0.890135 0.788617
vt 0.918057 0.800878
vt 0.917830 0.802192
vt 0.915391 0.796894
vt 0.917122 0.797949
vt 0.914538 0.795286
vt 0.892321 0.772659
vt 0.888428 0.779177
vt 0.896955 0.775078
vt 0.903457 0.780978
vt 0.908252 0.784230
vt 0.909548 0.783593
vt 0.910777 0.787926
vt 0.907181 0.784354
vt 0.906292 0.783883
vt 0.913438 0.792421
vt 0.912623 0.790139
vt 0.919136 0.798752
vt 0.889734 0.785396
vt 0.891648 0.769611
vt 0.886630 0.776442
vt 0.892954 0.770275
vt 0.894468 0.771328
vt 0.888610 0.781514
vt 0.897594 0.774181
vt 0.898807 0.774961
vt 0.902846 0.780062
vt 0.905217 0.782268
vt 0.910406 0.785812
vt 0.905989 0.782673
vt 0.889252 0.786687
vt 0.911190 0.786886
vt 0.921320 0.799427
vt 0.917008 0.795806
vt 0.915293 0.794955
vt 0.914521 0.793561
vt 0.889185 0.765265
vt 0.886170 0.774287
vt 0.886917 0.779067
vt 0.895293 0.771185
vt 0.901693 0.778387
vt 0.903901 0.780513
vt 0.907850 0.782777
vt 0.908852 0.781722
vt 0.910768 0.784186
vt 0.906949 0.783311
vt 0.914237 0.790554
vt 0.913321 0.787019
vt 0.920749 0.798422
vt 0.918827 0.796850
vt 0.887983 0.782516
vt 0.891526 0.767778
vt 0.887910 0.765609
vt 0.892256 0.767797
vt 0.884891 0.770427
vt 0.885553 0.776105
vt 0.894021 0.769211
vt 0.895522 0.769105
vt 0.894153 0.767806
vt 0.899706 0.775482
vt 0.902804 0.779404
vt 0.906072 0.781425
vt 0.904204 0.779505
vt 0.909183 0.779848
vt 0.910304 0.780914
vt 0.907101 0.781389
vt 0.911550 0.782713
vt 0.915861 0.793409
vt 0.918573 0.795288
vt 0.915219 0.792240
vt 0.890276 0.765022
vt 0.888252 0.763304
vt 0.884382 0.773796
vt 0.885500 0.778255
vt 0.898159 0.771452
vt 0.900392 0.775119
vt 0.901850 0.777361
vt 0.905381 0.780162
vt 0.908259 0.780093
vt 0.909573 0.780072
vt 0.915101 0.789819
vt 0.911972 0.780562
vt 0.921044 0.797311
vt 0.889599 0.763231
vt 0.891888 0.766373
vt 0.886858 0.761500
vt 0.886142 0.765058
vt 0.893004 0.767020
vt 0.882754 0.771176
vt 0.884504 0.776003
vt 0.885520 0.780348
vt 0.894352 0.766458
vt 0.903037 0.777888
vt 0.906375 0.779726
vt 0.904992 0.778400
vt 0.908359 0.775433
vt 0.908564 0.772925
vt 0.910814 0.779044
vt 0.910210 0.778196
vt 0.914121 0.786394
vt 0.913158 0.783714
vt 0.916848 0.792872
vt 0.915755 0.791542
vt 0.919897 0.794657
vt 0.890461 0.764119
vt 0.886142 0.762731
vt 0.888848 0.761268
vt 0.882432 0.767808
vt 0.882898 0.773728
vt 0.883848 0.774627
vt 0.884012 0.777479
vt 0.893189 0.766332
vt 0.896200 0.766836
vt 0.899289 0.772656
vt 0.901466 0.775468
vt 0.903931 0.777295
vt 0.907663 0.777827
vt 0.905777 0.778241
vt 0.909453 0.773643
vt 0.915225 0.786589
vt 0.910865 0.775624
vt 0.912807 0.780942
vt 0.918092 0.793009
vt 0.919099 0.793295
vt 0.921199 0.795857
vt 0.915734 0.789826
vt 0.890301 0.762806
vt 0.891408 0.764580
vt 0.892112 0.765187
vt 0.886177 0.761072
vt 0.886814 0.760329
vt 0.890092 0.761283
vt 0.884945 0.762120
vt 0.884370 0.764633
vt 0.880464 0.768499
vt 0.881305 0.771632
vt 0.883342 0.775272
vt 0.883301 0.778374
vt 0.892718 0.763992
vt 0.894443 0.764450
vt 0.897868 0.768572
vt 0.900403 0.774042
vt 0.902296 0.774671
vt 0.906711 0.777621
vt 0.905250 0.777106
vt 0.907931 0.774930
vt 0.908770 0.770414
vt 0.910287 0.776027
vt 0.913674 0.782366
vt 0.914642 0.784270
vt 0.915838 0.787026
vt 0.911833 0.777655
vt 0.912505 0.778499
vt 0.916355 0.791167
vt 0.917643 0.791027
vt 0.919989 0.792503
vt 0.921345 0.793571
vt 0.890819 0.763538
vt 0.886608 0.759444
vt 0.889569 0.759500
vt 0.882583 0.764253
vt 0.881105 0.766206
vt 0.881865 0.774096
vt 0.882762 0.775928
vt 0.895469 0.764249
vt 0.896602 0.766388
vt 0.900078 0.771714
vt 0.900223 0.772568
vt 0.901247 0.774086
vt 0.903513 0.775206
vt 0.907195 0.775207
vt 0.906189 0.777220
vt 0.904819 0.776237
vt 0.907707 0.773244
vt 0.908065 0.769397
vt 0.909290 0.769456
vt 0.909803 0.772484
vt 0.916023 0.784964
vt 0.910705 0.772913
vt 0.911663 0.775242
vt 0.913127 0.780251
vt 0.918808 0.790822
vt 0.916665 0.789407
vt 0.890758 0.762136
vt 0.891490 0.763215
vt 0.885475 0.759944
vt 0.888508 0.759130
vt 0.890836 0.759365
vt 0.882541 0.761826
vt 0.880165 0.765911
vt 0.880605 0.773331
vt 0.881474 0.775562
vt 0.893094 0.761781
vt 0.894111 0.761537
vt 0.898063 0.767685
vt 0.899479 0.769473
vt 0.902756 0.773351
vt 0.901558 0.772816
vt 0.906584 0.776434
vt 0.905336 0.774949
vt 0.906078 0.776275
vt 0.907461 0.770637
vt 0.908404 0.767401
vt 0.913993 0.780750
vt 0.915327 0.782982
vt 0.916665 0.787290
vt 0.912342 0.777004
vt 0.913514 0.778000
vt 0.920578 0.789143
vt 0.890969 0.760574
vt 0.885473 0.757727
vt 0.890382 0.757571
vt 0.880710 0.762789
vt 0.891924 0.761794
vt 0.896539 0.765345
vt 0.894948 0.761685
vt 0.898787 0.768306
vt 0.900388 0.769652
vt 0.900928 0.771295
vt 0.904034 0.773761
vt 0.906409 0.775203
vt 0.907225 0.772655
vt 0.907771 0.765360
vt 0.907108 0.767114
vt 0.908737 0.765521
vt 0.909871 0.770148
vt 0.910113 0.771378
vt 0.916322 0.782577
vt 0.917814 0.785657
vt 0.911441 0.771642
vt 0.912683 0.772545
vt 0.891243 0.761372
vt 0.886608 0.755503
vt 0.889047 0.756690
vt 0.892358 0.757915
vt 0.892006 0.759131
vt 0.896052 0.764396
vt 0.895894 0.763286
vt 0.898815 0.767805
vt 0.897493 0.765415
vt 0.899707 0.767886
vt 0.903318 0.772401
vt 0.902102 0.770924
vt 0.906802 0.774555
vt 0.906885 0.773640
vt 0.906856 0.770915
vt 0.906489 0.768609
vt 0.910110 0.767544
vt 0.910476 0.769278
vt 0.914741 0.779310
vt 0.919014 0.782757
vt 0.890986 0.755889
vt 0.891897 0.756849
vt 0.896627 0.764361
vt 0.895975 0.761470
vt 0.900553 0.767117
vt 0.905375 0.771233
vt 0.904181 0.771370
vt 0.906384 0.773894
vt 0.906734 0.772261
vt 0.907506 0.762686
vt 0.906334 0.762907
vt 0.906041 0.765141
vt 0.909843 0.763237
vt 0.917711 0.783059
vt 0.911143 0.768572
vt 0.912406 0.770243
vt 0.913720 0.772874
vt 0.922176 0.783238
vt 0.888073 0.753736
vt 0.893476 0.757138
vt 0.893985 0.758099
vt 0.897161 0.763808
vt 0.898928 0.766750
vt 0.899623 0.765819
vt 0.903567 0.770427
vt 0.906491 0.773060
vt 0.906466 0.771233
vt 0.906372 0.770169
vt 0.908302 0.761451
vt 0.905222 0.767040
vt 0.910947 0.765493
vt 0.916146 0.778203
vt 0.917672 0.780207
vt 0.915326 0.774584
vt 0.918710 0.779173
vt 0.886473 0.752245
vt 0.893164 0.756137
vt 0.894167 0.752966
vt 0.894510 0.757658
vt 0.897526 0.761380
vt 0.898096 0.764248
vt 0.902901 0.769405
vt 0.902104 0.763625
vt 0.904556 0.770122
vt 0.906142 0.772078
vt 0.905818 0.769357
vt 0.906150 0.758955
vt 0.905578 0.762465
vt 0.904590 0.762998
vt 0.909326 0.760079
vt 0.910979 0.766681
vt 0.910802 0.763785
vt 0.911690 0.766668
vt 0.914268 0.768903
vt 0.887468 0.748762
vt 0.892103 0.747274
vt 0.895051 0.757136
vt 0.894598 0.756484
vt 0.896472 0.759917
vt 0.897692 0.762990
vt 0.900022 0.763919
vt 0.901883 0.765312
vt 0.905085 0.769288
vt 0.905935 0.770755
vt 0.904178 0.768389
vt 0.908282 0.758426
vt 0.903794 0.765548
vt 0.910187 0.760665
vt 0.911223 0.764236
vt 0.910963 0.761771
vt 0.916754 0.774151
vt 0.912450 0.765659
vt 0.916048 0.767722
vt 0.884032 0.748816
vt 0.896507 0.750781
vt 0.896187 0.757477
vt 0.897907 0.759354
vt 0.898743 0.761119
vt 0.903033 0.767157
vt 0.901620 0.762090
vt 0.907742 0.756823
vt 0.903308 0.762804
vt 0.910139 0.758501
vt 0.909366 0.758203
vt 0.911494 0.763620
vt 0.912692 0.761821
vt 0.914252 0.761301
vt 0.882472 0.746082
vt 0.889814 0.744273
vt 0.895407 0.754934
vt 0.894418 0.746027
vt 0.898515 0.752473
vt 0.895732 0.756680
vt 0.898424 0.760474
vt 0.899863 0.762036
vt 0.902878 0.764310
vt 0.900812 0.761518
vt 0.902511 0.762679
vt 0.909227 0.756773
vt 0.902653 0.760484
vt 0.910815 0.759753
vt 0.911814 0.761131
vt 0.919262 0.771979
vt 0.917738 0.766527
vt 0.883360 0.744722
vt 0.892624 0.744385
vt 0.885697 0.744998
vt 0.896433 0.747073
vt 0.904026 0.744164
vt 0.897170 0.757043
vt 0.899108 0.759937
vt 0.899922 0.760464
vt 0.901575 0.760773
vt 0.902372 0.761196
vt 0.909173 0.754758
vt 0.902824 0.761279
vt 0.910246 0.756192
vt 0.911023 0.758184
vt 0.911519 0.760185
vt 0.912139 0.757585
vt 0.914618 0.756581
vt 0.879105 0.743035
vt 0.892353 0.742959
vt 0.885969 0.742531
vt 0.896933 0.755934
vt 0.901192 0.755306
vt 0.896298 0.743695
vt 0.893784 0.742905
vt 0.903982 0.747166
vt 0.897868 0.757300
vt 0.900092 0.759310
vt 0.900386 0.760994
vt 0.900867 0.760420
vt 0.909540 0.755897
vt 0.910931 0.757016
vt 0.913241 0.756688
vt 0.879200 0.740756
vt 0.884178 0.742317
vt 0.890141 0.742763
vt 0.889390 0.741289
vt 0.898642 0.755595
vt 0.902012 0.752152
vt 0.901513 0.742180
vt 0.906556 0.746839
vt 0.904083 0.750474
vt 0.898326 0.756563
vt 0.902371 0.760412
vt 0.911694 0.754818
vt 0.912230 0.755592
vt 0.914289 0.753158
vt 0.876687 0.739711
vt 0.890957 0.741295
vt 0.892366 0.741259
vt 0.887644 0.741091
vt 0.885759 0.741087
vt 0.904335 0.753061
vt 0.904505 0.741355
vt 0.895775 0.741223
vt 0.900232 0.740100
vt 0.906160 0.749244
vt 0.906226 0.744400
vt 0.910910 0.753526
vt 0.912896 0.754037
vt 0.877499 0.738370
vt 0.882903 0.739978
vt 0.893907 0.740242
vt 0.888817 0.739886
vt 0.884719 0.740523
vt 0.902989 0.740226
vt 0.897926 0.741138
vt 0.906550 0.749417
vt 0.907623 0.744348
vt 0.910663 0.751278
vt 0.912066 0.752734
vt 0.913614 0.751805
vt 0.875992 0.737543
vt 0.879169 0.738175
vt 0.880914 0.739490
vt 0.884230 0.739708
vt 0.889527 0.739536
vt 0.891574 0.740221
vt 0.892778 0.739119
vt 0.886994 0.739761
vt 0.887849 0.739413
vt 0.885901 0.739445
vt 0.906815 0.741899
vt 0.895852 0.739264
vt 0.897577 0.739719
vt 0.908464 0.746333
vt 0.911674 0.751460
vt 0.912973 0.751715
vt 0.877297 0.736927
vt 0.874886 0.738815
vt 0.878185 0.736195
vt 0.882143 0.738248
vt 0.884325 0.738843
vt 0.891004 0.739285
vt 0.894622 0.738379
vt 0.889505 0.738345
vt 0.888361 0.737981
vt 0.896986 0.738955
vt 0.909162 0.748604
vt 0.908828 0.743983
vt 0.908035 0.743036
vt 0.912186 0.749130
vt 0.912543 0.750661
vt 0.913804 0.749837
vt 0.876723 0.735181
vt 0.875489 0.736272
vt 0.880306 0.737425
vt 0.879481 0.735457
vt 0.882954 0.737866
vt 0.881922 0.737128
vt 0.893488 0.737314
vt 0.887107 0.738115
vt 0.885455 0.737398
vt 0.895510 0.737583
vt 0.896592 0.737450
vt 0.909232 0.747269
vt 0.909673 0.745286
vt 0.908653 0.741437
vt 0.911835 0.747954
vt 0.913206 0.749131
vt 0.877503 0.735560
vt 0.873376 0.737335
vt 0.878528 0.733954
vt 0.883930 0.736769
vt 0.891920 0.737594
vt 0.889438 0.736332
vt 0.887928 0.736666
vt 0.884623 0.737164
vt 0.910531 0.747218
vt 0.910077 0.742920
vt 0.912681 0.748028
vt 0.910962 0.749104
vt 0.877570 0.733457
vt 0.875404 0.734851
vt 0.880667 0.735096
vt 0.879729 0.733297
vt 0.882355 0.736199
vt 0.890858 0.736673
vt 0.895101 0.735589
vt 0.892538 0.735127
vt 0.886680 0.736246
vt 0.885209 0.735417
vt 0.910317 0.746018
vt 0.910505 0.748727
vt 0.910661 0.744730
vt 0.909254 0.751224
vt 0.911624 0.747561
vt 0.875839 0.733360
vt 0.879523 0.731455
vt 0.883491 0.734868
vt 0.893555 0.733959
vt 0.891060 0.734615
vt 0.889481 0.734183
vt 0.911132 0.747464
vt 0.876291 0.731807
vt 0.880487 0.732882
vt 0.892134 0.734445
vt 0.886930 0.733879
vt 0.911702 0.745323
vt 0.878115 0.731211
vt 0.881558 0.730060
vt 0.885334 0.732407
vt 0.892277 0.733133
vt 0.891257 0.732365
vt 0.887775 0.731402
vt 0.875120 0.730016
vt 0.880691 0.729241
vt 0.884348 0.729661
vt 0.893857 0.732372
vt 0.889848 0.731599
vt 0.886735 0.730159
vt 0.891796 0.730130
vt 0.890139 0.729000
vt 0.166048 0.405892
vt 0.165766 0.407634
vt 0.164866 0.406748
vt 0.166232 0.408310
vt 0.165651 0.409112
vt 0.166367 0.402250
vt 0.166751 0.405988
vt 0.164399 0.403428
vt 0.166475 0.404696
vt 0.166730 0.409340
vt 0.167383 0.407418
vt 0.164992 0.398780
vt 0.162804 0.406621
vt 0.166969 0.404303
vt 0.167393 0.405508
vt 0.163150 0.402599
vt 0.167430 0.393798
vt 0.167288 0.402923
vt 0.168145 0.405418
vt 0.163701 0.399215
vt 0.165547 0.394000
vt 0.168136 0.399671
vt 0.162157 0.404735
vt 0.167706 0.403976
vt 0.167443 0.401749
vt 0.162791 0.400731
vt 0.164351 0.395867
vt 0.165864 0.388544
vt 0.168876 0.395977
vt 0.162019 0.402843
vt 0.161243 0.405958
vt 0.167991 0.402211
vt 0.168336 0.403233
vt 0.163037 0.397920
vt 0.165051 0.392523
vt 0.167974 0.384801
vt 0.169388 0.398873
vt 0.169048 0.392746
vt 0.161098 0.404533
vt 0.168576 0.404108
vt 0.162133 0.401449
vt 0.162422 0.399136
vt 0.163593 0.395165
vt 0.164345 0.392818
vt 0.164989 0.390707
vt 0.168656 0.389193
vt 0.166458 0.384031
vt 0.169578 0.396413
vt 0.169010 0.400944
vt 0.168620 0.391589
vt 0.169566 0.393768
vt 0.168476 0.401814
vt 0.161032 0.403677
vt 0.159597 0.405409
vt 0.168322 0.402354
vt 0.168795 0.402919
vt 0.168854 0.404858
vt 0.161437 0.402254
vt 0.162009 0.397429
vt 0.162832 0.395724
vt 0.164662 0.388241
vt 0.168989 0.386421
vt 0.165369 0.382743
vt 0.166729 0.380233
vt 0.169581 0.400900
vt 0.169319 0.400153
vt 0.169173 0.390392
vt 0.169877 0.390312
vt 0.160449 0.404589
vt 0.161768 0.400906
vt 0.161507 0.399049
vt 0.163184 0.393087
vt 0.164640 0.390751
vt 0.164996 0.385505
vt 0.169500 0.387801
vt 0.169049 0.384628
vt 0.168217 0.379502
vt 0.170073 0.395450
vt 0.170124 0.392874
vt 0.160451 0.404097
vt 0.160315 0.402968
vt 0.159739 0.404433
vt 0.169339 0.403148
vt 0.161023 0.400950
vt 0.161098 0.394007
vt 0.162267 0.393395
vt 0.164150 0.390788
vt 0.164361 0.384971
vt 0.168960 0.383309
vt 0.164452 0.382915
vt 0.165564 0.378733
vt 0.167568 0.377474
vt 0.168458 0.381494
vt 0.171032 0.395873
vt 0.170370 0.390833
vt 0.158364 0.404767
vt 0.159943 0.396195
vt 0.162549 0.390123
vt 0.163397 0.390319
vt 0.163994 0.384561
vt 0.164075 0.389130
vt 0.169583 0.383082
vt 0.168814 0.382023
vt 0.164207 0.380237
vt 0.166300 0.378090
vt 0.168310 0.377121
vt 0.166824 0.377410
vt 0.168882 0.380195
vt 0.170469 0.392602
vt 0.170878 0.400433
vt 0.170372 0.387231
vt 0.159993 0.401119
vt 0.159009 0.403576
vt 0.161034 0.399658
vt 0.159651 0.397801
vt 0.159128 0.392331
vt 0.163955 0.387566
vt 0.163818 0.383277
vt 0.170048 0.384554
vt 0.169282 0.382047
vt 0.163517 0.381822
vt 0.164731 0.377701
vt 0.166343 0.376435
vt 0.168187 0.376096
vt 0.169029 0.377328
vt 0.167567 0.375448
vt 0.169055 0.378765
vt 0.172000 0.392763
vt 0.170868 0.392785
vt 0.171346 0.388688
vt 0.159300 0.402237
vt 0.158767 0.394997
vt 0.160983 0.390368
vt 0.162939 0.388748
vt 0.163668 0.388702
vt 0.163322 0.387445
vt 0.163489 0.383761
vt 0.169918 0.381496
vt 0.169667 0.381211
vt 0.169299 0.380794
vt 0.162849 0.380288
vt 0.163859 0.377405
vt 0.165434 0.376186
vt 0.168762 0.376150
vt 0.169467 0.379495
vt 0.171549 0.391941
vt 0.171223 0.383798
vt 0.159044 0.400600
vt 0.158258 0.396376
vt 0.160038 0.388593
vt 0.157891 0.392108
vt 0.161247 0.388388
vt 0.163108 0.382643
vt 0.170826 0.381793
vt 0.162041 0.381070
vt 0.163280 0.379233
vt 0.164433 0.376161
vt 0.166368 0.374562
vt 0.168966 0.374990
vt 0.169661 0.378188
vt 0.169407 0.375974
vt 0.172113 0.386670
vt 0.158309 0.402538
vt 0.158261 0.401366
vt 0.158105 0.394037
vt 0.158475 0.389997
vt 0.162302 0.387668
vt 0.162883 0.384436
vt 0.162431 0.383022
vt 0.170647 0.379215
vt 0.169810 0.379924
vt 0.169588 0.380292
vt 0.161458 0.379237
vt 0.162566 0.378910
vt 0.163145 0.375854
vt 0.162689 0.377165
vt 0.164986 0.375084
vt 0.165672 0.374522
vt 0.168489 0.373959
vt 0.169795 0.376833
vt 0.167750 0.373151
vt 0.169790 0.379080
vt 0.171378 0.377507
vt 0.172373 0.376356
vt 0.157590 0.399946
vt 0.157089 0.394574
vt 0.159390 0.386974
vt 0.160019 0.386718
vt 0.157767 0.390573
vt 0.161987 0.386242
vt 0.161409 0.387374
vt 0.170067 0.379064
vt 0.160173 0.376731
vt 0.164147 0.374959
vt 0.165848 0.372922
vt 0.169365 0.373937
vt 0.169848 0.374742
vt 0.170200 0.377669
vt 0.170058 0.375994
vt 0.167169 0.371185
vt 0.156791 0.398330
vt 0.158372 0.387705
vt 0.157712 0.388478
vt 0.161634 0.384207
vt 0.161011 0.382070
vt 0.170597 0.376685
vt 0.161677 0.377977
vt 0.158602 0.378861
vt 0.161828 0.375546
vt 0.162953 0.374313
vt 0.165029 0.373774
vt 0.169110 0.372554
vt 0.170206 0.376676
vt 0.168756 0.370734
vt 0.171622 0.375222
vt 0.159087 0.385270
vt 0.159933 0.384916
vt 0.156639 0.387289
vt 0.160270 0.384280
vt 0.159469 0.380342
vt 0.171116 0.375431
vt 0.157631 0.377097
vt 0.161245 0.376619
vt 0.164022 0.373606
vt 0.164591 0.372098
vt 0.165804 0.371051
vt 0.169956 0.372946
vt 0.170305 0.374011
vt 0.170394 0.375135
vt 0.168696 0.368459
vt 0.172218 0.374477
vt 0.157698 0.386785
vt 0.158217 0.384286
vt 0.160716 0.383477
vt 0.160275 0.382317
vt 0.158549 0.380374
vt 0.157701 0.379055
vt 0.161622 0.373293
vt 0.163422 0.372900
vt 0.166672 0.368729
vt 0.169719 0.371002
vt 0.169444 0.369655
vt 0.171707 0.373728
vt 0.172764 0.372843
vt 0.171356 0.374054
vt 0.159239 0.383726
vt 0.159258 0.381589
vt 0.170944 0.374215
vt 0.156757 0.378182
vt 0.162450 0.372593
vt 0.164711 0.368300
vt 0.170407 0.370132
vt 0.171035 0.372775
vt 0.168902 0.364928
vt 0.169561 0.368377
vt 0.172250 0.373068
vt 0.173145 0.371218
vt 0.158280 0.383528
vt 0.159481 0.383010
vt 0.156165 0.383927
vt 0.159012 0.382727
vt 0.158155 0.381444
vt 0.157856 0.380628
vt 0.161552 0.371912
vt 0.163117 0.371803
vt 0.163950 0.369273
vt 0.165616 0.367082
vt 0.169680 0.366000
vt 0.167209 0.365861
vt 0.170106 0.367474
vt 0.170160 0.368853
vt 0.171941 0.372277
vt 0.172432 0.371973
vt 0.172780 0.370734
vt 0.159271 0.383118
vt 0.156858 0.380881
vt 0.162002 0.371280
vt 0.163198 0.370248
vt 0.163400 0.367851
vt 0.164339 0.367209
vt 0.171644 0.370696
vt 0.170486 0.363918
vt 0.168405 0.364425
vt 0.171613 0.372915
vt 0.173554 0.367817
vt 0.156021 0.381341
vt 0.157835 0.382383
vt 0.161160 0.370631
vt 0.161831 0.370143
vt 0.162057 0.368544
vt 0.164883 0.365229
vt 0.166330 0.364695
vt 0.171476 0.368060
vt 0.171128 0.365589
vt 0.170146 0.362314
vt 0.168454 0.363182
vt 0.167620 0.363522
vt 0.172229 0.371595
vt 0.172331 0.371023
vt 0.173811 0.368172
vt 0.173178 0.367746
vt 0.161867 0.368994
vt 0.163587 0.366372
vt 0.162840 0.367434
vt 0.172424 0.369508
vt 0.171636 0.363148
vt 0.171021 0.362134
vt 0.174934 0.366798
vt 0.173500 0.366268
vt 0.161918 0.367688
vt 0.161097 0.368010
vt 0.165684 0.363413
vt 0.163729 0.364439
vt 0.166630 0.362710
vt 0.172574 0.367561
vt 0.172066 0.366367
vt 0.172518 0.364555
vt 0.169675 0.360292
vt 0.171071 0.360061
vt 0.168474 0.361675
vt 0.174003 0.365465
vt 0.173031 0.366606
vt 0.162706 0.366729
vt 0.164617 0.362887
vt 0.162773 0.365543
vt 0.167418 0.361651
vt 0.172361 0.366881
vt 0.171797 0.361262
vt 0.172929 0.361735
vt 0.174504 0.364963
vt 0.173786 0.364093
vt 0.173165 0.365202
vt 0.160924 0.366968
vt 0.161601 0.366477
vt 0.165678 0.361281
vt 0.163542 0.362611
vt 0.162736 0.363673
vt 0.166700 0.361453
vt 0.173308 0.363574
vt 0.168708 0.359514
vt 0.170529 0.357270
vt 0.172280 0.359389
vt 0.167917 0.360286
vt 0.175024 0.362834
vt 0.173990 0.363066
vt 0.162031 0.365832
vt 0.163885 0.360090
vt 0.161933 0.364566
vt 0.166876 0.360039
vt 0.168756 0.358102
vt 0.171908 0.357806
vt 0.160788 0.365683
vt 0.161434 0.365356
vt 0.165082 0.360207
vt 0.162509 0.361874
vt 0.161717 0.362826
vt 0.173242 0.358989
vt 0.173620 0.361211
vt 0.167899 0.358416
vt 0.171754 0.354864
vt 0.170146 0.355359
vt 0.172604 0.357554
vt 0.165545 0.359106
vt 0.160582 0.360157
vt 0.160832 0.363768
vt 0.174162 0.360301
vt 0.167542 0.355979
vt 0.166627 0.356724
vt 0.164604 0.356949
vt 0.162646 0.355523
vt 0.173939 0.359077
vt 0.212071 0.340698
vt 0.211493 0.344289
vt 0.212503 0.342831
vt 0.210758 0.333108
vt 0.212381 0.344459
vt 0.212524 0.341797
vt 0.212353 0.338899
vt 0.208361 0.353545
vt 0.212201 0.345759
vt 0.212502 0.340749
vt 0.211841 0.336126
vt 0.203167 0.331036
vt 0.211345 0.347809
vt 0.200131 0.343489
vt 0.208104 0.329880
vt 0.211196 0.349485
vt 0.211863 0.347381
vt 0.211646 0.348172
vt 0.774151 0.664084
vt 0.775296 0.664424
vt 0.774172 0.665882
vt 0.775439 0.663274
vt 0.776150 0.665898
vt 0.771398 0.665878
vt 0.774233 0.663479
vt 0.776087 0.664388
vt 0.775411 0.668139
vt 0.771925 0.666819
vt 0.772945 0.663543
vt 0.776923 0.665180
vt 0.773308 0.668253
vt 0.776986 0.668655
vt 0.769831 0.667447
vt 0.771203 0.664537
vt 0.773095 0.661639
vt 0.778132 0.665767
vt 0.775258 0.668884
vt 0.777119 0.666423
vt 0.769732 0.665842
vt 0.770749 0.668297
vt 0.771903 0.668019
vt 0.770931 0.662531
vt 0.775329 0.660858
vt 0.777643 0.666862
vt 0.777620 0.660955
vt 0.775574 0.668800
vt 0.771581 0.669439
vt 0.769430 0.663651
vt 0.770783 0.661338
vt 0.774418 0.659102
vt 0.775544 0.669118
vt 0.769463 0.662306
vt 0.767847 0.664889
vt 0.772372 0.659496
vt 0.776118 0.659283
vt 0.775651 0.669337
vt 0.775304 0.669625
vt 0.768137 0.663208
vt 0.771047 0.659896
vt 0.775995 0.657289
vt 0.773677 0.658149
vt 0.777294 0.657968
vt 0.771220 0.658636
vt 0.774964 0.657111
vt 0.777933 0.658261
vt 0.777990 0.654011
vt 0.775527 0.655699
vt 0.773218 0.657222
vt 0.778729 0.658086
vt 0.778913 0.654618
vt 0.776730 0.654649
vt 0.779726 0.655483
vt 0.777954 0.651260
vt 0.779459 0.651135
vt 0.775555 0.653665
vt 0.779567 0.653254
vt 0.776710 0.651681
vt 0.780704 0.651723
vt 0.777320 0.650086
vt 0.779062 0.647305
vt 0.776978 0.648413
vt 0.792882 0.661677
vt 0.794472 0.662807
vt 0.793275 0.664221
vt 0.793133 0.656654
vt 0.793842 0.665793
vt 0.791963 0.664209
vt 0.790856 0.659704
vt 0.794514 0.666066
vt 0.792775 0.666038
vt 0.787595 0.649017
vt 0.794102 0.666918
vt 0.793141 0.667876
vt 0.791698 0.666622
vt 0.790307 0.665070
vt 0.789351 0.657123
vt 0.793853 0.669743
vt 0.791266 0.665567
vt 0.789441 0.663144
vt 0.792187 0.668777
vt 0.790831 0.666366
vt 0.789100 0.659771
vt 0.792169 0.671722
vt 0.791003 0.667496
vt 0.789845 0.667338
vt 0.788575 0.653487
vt 0.791362 0.671069
vt 0.790393 0.668655
vt 0.812526 0.653524
vt 0.812013 0.653498
vt 0.812128 0.652887
vt 0.812291 0.654483
vt 0.811801 0.652678
vt 0.812898 0.654394
vt 0.811390 0.654691
vt 0.811229 0.653226
vt 0.813323 0.654671
vt 0.813192 0.655761
vt 0.811977 0.656980
vt 0.810161 0.655694
vt 0.814106 0.656387
vt 0.813562 0.658506
vt 0.810372 0.660696
vt 0.813812 0.656707
vt 0.814039 0.655853
vt 0.811413 0.665074
vt 0.814221 0.657499
vt 0.814788 0.658025
vt 0.812681 0.664923
vt 0.809635 0.666949
vt 0.814597 0.657823
vt 0.814786 0.661150
vt 0.814244 0.661857
vt 0.814948 0.659506
vt 0.815132 0.663396
vt 0.815414 0.661998
vt 0.815105 0.661237
vt 0.814868 0.662274
vt 0.813360 0.666104
vt 0.815357 0.662950
vt 0.813036 0.667501
vt 0.814909 0.665616
vt 0.815376 0.663945
vt 0.814076 0.666995
vt 0.815495 0.665194
vt 0.813576 0.669436
vt 0.815030 0.667252
vt 0.815778 0.665537
vt 0.814889 0.668883
vt 0.815286 0.666364
vt 0.815643 0.668337
vt 0.814630 0.670259
vt 0.815431 0.667157
vt 0.815311 0.668049
vt 0.815834 0.666118
vt 0.815330 0.670682
vt 0.814238 0.670952
vt 0.815900 0.669936
vt 0.815371 0.669608
vt 0.815748 0.670674
vt 0.815330 0.671726
vt 0.815542 0.670194
vt 0.815759 0.671676
vt 0.815641 0.671458
vt 0.814341 0.656572
vt 0.814328 0.655365
vt 0.815308 0.659834
vt 0.425441 0.666272
vt 0.425342 0.665920
vt 0.425551 0.665175
vt 0.425301 0.668494
vt 0.425530 0.664154
vt 0.425578 0.667671
vt 0.426121 0.664179
vt 0.426171 0.666411
vt 0.425449 0.670673
vt 0.426614 0.664675
vt 0.426145 0.663365
vt 0.426005 0.667994
vt 0.428038 0.663347
vt 0.425710 0.663343
vt 0.426850 0.666846
vt 0.426855 0.665271
vt 0.426187 0.669878
vt 0.427455 0.664395
vt 0.426308 0.662951
vt 0.426404 0.668013
vt 0.425839 0.674634
vt 0.428957 0.664707
vt 0.427872 0.662232
vt 0.427467 0.666947
vt 0.427225 0.665395
vt 0.427239 0.664807
vt 0.426704 0.674304
vt 0.427485 0.671295
vt 0.431986 0.663955
vt 0.427661 0.664860
vt 0.426427 0.662660
vt 0.432658 0.662232
vt 0.427761 0.665873
vt 0.427041 0.672895
vt 0.427263 0.672129
vt 0.430324 0.664427
vt 0.426900 0.662314
vt 0.428428 0.661788
vt 0.428063 0.667267
vt 0.427593 0.673783
vt 0.427943 0.671511
vt 0.430341 0.665224
vt 0.428567 0.666133
vt 0.427863 0.672862
vt 0.429367 0.665915
vt 0.427529 0.661812
vt 0.429155 0.666968
vt 0.428782 0.668955
vt 0.428440 0.673754
vt 0.430015 0.666356
vt 0.428966 0.671052
vt 0.429674 0.668429
vt 0.429781 0.670565
vt 0.430534 0.667589
vt 0.444092 0.667725
vt 0.444062 0.668636
vt 0.444004 0.669288
vt 0.442777 0.673231
vt 0.443716 0.670897
vt 0.444005 0.666163
vt 0.443667 0.664362
vt 0.440542 0.667272
vt 0.443031 0.662671
vt 0.439346 0.674381
vt 0.441602 0.660963
vt 0.437581 0.671576
vt 0.438044 0.662728
vt 0.437047 0.668719
vt 0.440102 0.660702
vt 0.945618 0.655686
vt 0.950195 0.653320
vt 0.948412 0.658022
vt 0.949352 0.649629
vt 0.948277 0.648551
vt 0.947434 0.648480
vt 0.948826 0.648933
vt 0.946795 0.648830
vt 0.946273 0.649439
vt 0.945492 0.651484
vt 0.910522 0.650778
vt 0.911247 0.650894
vt 0.910898 0.651379
vt 0.912032 0.650416
vt 0.911503 0.651646
vt 0.910768 0.652565
vt 0.911778 0.649573
vt 0.911705 0.650892
vt 0.909014 0.652227
vt 0.910019 0.649615
vt 0.913145 0.650021
vt 0.912228 0.651102
vt 0.912016 0.653009
vt 0.909139 0.650530
vt 0.910902 0.648813
vt 0.913090 0.650761
vt 0.912580 0.650660
vt 0.912181 0.652023
vt 0.908041 0.650793
vt 0.908623 0.649738
vt 0.909447 0.648905
vt 0.914085 0.651017
vt 0.912800 0.650970
vt 0.912809 0.651702
vt 0.912483 0.652497
vt 0.907438 0.651861
vt 0.908216 0.648542
vt 0.913393 0.651699
vt 0.912967 0.652920
vt 0.907163 0.650836
vt 0.907507 0.650004
vt 0.908085 0.649242
vt 0.913055 0.651132
vt 0.906573 0.651339
vt 0.906916 0.649463
vt 0.906764 0.650413
vt 0.906114 0.650579
vt 0.507204 0.657599
vt 0.506165 0.650752
vt 0.509766 0.653564
vt 0.666016 0.650879
vt 0.663203 0.653970
vt 0.662386 0.650189
vt 0.663441 0.647533
vt 0.665206 0.647839
vt 0.664618 0.647321
vt 0.664071 0.647224
vt 0.467730 0.653111
vt 0.465931 0.648147
vt 0.468750 0.650147
vt 0.653359 0.868279
vt 0.653915 0.869087
vt 0.652997 0.869795
vt 0.653844 0.868279
vt 0.653893 0.870648
vt 0.652123 0.868865
vt 0.654303 0.869544
vt 0.654247 0.869803
vt 0.652383 0.871942
vt 0.654448 0.870719
vt 0.653571 0.874486
vt 0.654680 0.871858
vt 0.654443 0.870385
vt 0.654862 0.872023
vt 0.515447 0.655923
vt 0.514999 0.653119
vt 0.515045 0.653120
vt 0.514184 0.649438
vt 0.122694 0.333800
vt 0.123583 0.331790
vt 0.124390 0.333496
vt 0.128549 0.333745
vt 0.129262 0.331808
vt 0.130249 0.333496
vt 0.499414 0.649681
vt 0.497713 0.650037
vt 0.500733 0.648997
vt 0.587166 0.647586
vt 0.587158 0.647508
vt 0.587602 0.647583
vt 0.587323 0.647703
vt 0.587621 0.648142
vt 0.592217 0.647531
vt 0.592545 0.647581
vt 0.592685 0.648023
vt 0.249176 0.894933
vt 0.249091 0.894763
vt 0.249091 0.894763
vt 0.248920 0.894436
vt 0.249426 0.895425
vt 0.249176 0.894933
vt 0.247984 0.892669
vt 0.248920 0.894436
vt 0.247092 0.891083
vt 0.246545 0.890131
vt 0.249426 0.895425
vt 0.249977 0.896523
vt 0.247984 0.892669
vt 0.247505 0.891798
vt 0.250302 0.897208
vt 0.250086 0.896746
vt 0.250846 0.898389
vt 0.250738 0.898150
vt 0.246545 0.890131
vt 0.246077 0.889359
vt 0.247092 0.891083
vt 0.247505 0.891798
vt 0.249977 0.896523
vt 0.250086 0.896746
vt 0.250302 0.897208
vt 0.250738 0.898150
vt 0.250846 0.898389
vt 0.251559 0.899998
vt 0.245630 0.888638
vt 0.246077 0.889359
vt 0.251645 0.900187
vt 0.251559 0.899998
vt 0.251739 0.900417
vt 0.251645 0.900187
vt 0.245630 0.888638
vt 0.245502 0.888429
vt 0.251739 0.900417
vt 0.252578 0.902438
vt 0.252765 0.902872
vt 0.252578 0.902438
vt 0.252902 0.903257
vt 0.252765 0.902872
vt 0.244768 0.887305
vt 0.244551 0.886976
vt 0.245334 0.888172
vt 0.244768 0.887305
vt 0.245334 0.888172
vt 0.245502 0.888429
vt 0.244551 0.886976
vt 0.244288 0.886591
vt 0.239784 0.880728
vt 0.239760 0.880700
vt 0.253743 0.905446
vt 0.252902 0.903257
vt 0.254488 0.907513
vt 0.254398 0.907224
vt 0.254618 0.907895
vt 0.254488 0.907513
vt 0.243554 0.885531
vt 0.244288 0.886591
vt 0.238699 0.879532
vt 0.239760 0.880700
vt 0.239784 0.880728
vt 0.240849 0.881977
vt 0.253743 0.905446
vt 0.254085 0.906342
vt 0.254085 0.906342
vt 0.254398 0.907224
vt 0.254743 0.908260
vt 0.254618 0.907895
vt 0.243554 0.885531
vt 0.243348 0.885242
vt 0.241279 0.882523
vt 0.240849 0.881977
vt 0.238699 0.879532
vt 0.238329 0.879151
vt 0.255453 0.910430
vt 0.254743 0.908260
vt 0.242581 0.884203
vt 0.243348 0.885242
vt 0.242581 0.884203
vt 0.242382 0.883934
vt 0.242382 0.883934
vt 0.242165 0.883649
vt 0.241279 0.882523
vt 0.242165 0.883649
vt 0.237650 0.878483
vt 0.238329 0.879151
vt 0.255453 0.910430
vt 0.255785 0.911446
vt 0.237650 0.878483
vt 0.237573 0.878409
vt 0.256487 0.913799
vt 0.255785 0.911446
vt 0.237026 0.877884
vt 0.237573 0.878409
vt 0.256487 0.913799
vt 0.257175 0.916157
vt 0.237026 0.877884
vt 0.236628 0.877520
vt 0.235557 0.876568
vt 0.235506 0.876522
vt 0.234742 0.875866
vt 0.234678 0.875813
vt 0.257739 0.918270
vt 0.257175 0.916157
vt 0.235557 0.876568
vt 0.236628 0.877520
vt 0.235506 0.876522
vt 0.235450 0.876472
vt 0.232582 0.874225
vt 0.232193 0.873968
vt 0.233609 0.874941
vt 0.234678 0.875813
vt 0.234742 0.875866
vt 0.235450 0.876472
vt 0.257739 0.918270
vt 0.258381 0.920998
vt 0.230843 0.873156
vt 0.232193 0.873968
vt 0.232582 0.874225
vt 0.233609 0.874941
vt 0.258565 0.921782
vt 0.258381 0.920998
vt 0.230843 0.873156
vt 0.230670 0.873063
vt 0.258727 0.922546
vt 0.258565 0.921782
vt 0.228912 0.872208
vt 0.230670 0.873063
vt 0.259105 0.924832
vt 0.258727 0.922546
vt 0.259105 0.924832
vt 0.260561 0.933081
vt 0.228193 0.871979
vt 0.228912 0.872208
vt 0.260972 0.936648
vt 0.260561 0.933081
vt 0.260972 0.936648
vt 0.261164 0.938352
vt 0.228193 0.871979
vt 0.225922 0.871135
vt 0.261164 0.938352
vt 0.261261 0.939033
vt 0.225743 0.871095
vt 0.224234 0.870765
vt 0.225743 0.871095
vt 0.225922 0.871135
vt 0.261261 0.939033
vt 0.261351 0.940171
vt 0.224234 0.870765
vt 0.223849 0.870703
vt 0.261351 0.940171
vt 0.261646 0.947612
vt 0.222131 0.870497
vt 0.223849 0.870703
vt 0.261952 0.954397
vt 0.261646 0.947612
vt 0.222131 0.870497
vt 0.221976 0.870484
vt 0.261876 0.955769
vt 0.261952 0.954397
vt 0.221976 0.870484
vt 0.221770 0.870473
vt 0.261876 0.955769
vt 0.261704 0.960928
vt 0.220605 0.870466
vt 0.221770 0.870473
vt 0.261116 0.965719
vt 0.261704 0.960928
vt 0.220605 0.870466
vt 0.220004 0.870501
vt 0.261116 0.965719
vt 0.260889 0.969394
vt 0.260889 0.969394
vt 0.260198 0.974071
vt 0.259682 0.976568
vt 0.260198 0.974071
vt 0.259682 0.976568
vt 0.258652 0.980999
vt 0.258330 0.982330
vt 0.258652 0.980999
vt 0.257488 0.984796
vt 0.258330 0.982330
vt 0.363419 0.830300
vt 0.363507 0.830405
vt 0.363507 0.830405
vt 0.364047 0.830980
vt 0.363419 0.830300
vt 0.361878 0.827866
vt 0.368288 0.835588
vt 0.369483 0.836414
vt 0.370552 0.837113
vt 0.371676 0.837479
vt 0.367489 0.834868
vt 0.364047 0.830980
vt 0.361781 0.827715
vt 0.361878 0.827866
vt 0.374182 0.838305
vt 0.375269 0.838238
vt 0.368288 0.835588
vt 0.367489 0.834868
vt 0.370552 0.837113
vt 0.369483 0.836413
vt 0.374182 0.838305
vt 0.371676 0.837479
vt 0.361781 0.827715
vt 0.360645 0.825735
vt 0.380581 0.836595
vt 0.381309 0.836287
vt 0.376569 0.838262
vt 0.375269 0.838238
vt 0.360645 0.825735
vt 0.360095 0.824706
vt 0.381309 0.836287
vt 0.381670 0.835988
vt 0.380581 0.836595
vt 0.377598 0.838057
vt 0.377598 0.838057
vt 0.376569 0.838262
vt 0.385874 0.831956
vt 0.386371 0.831327
vt 0.386371 0.831327
vt 0.387813 0.829040
vt 0.385874 0.831956
vt 0.381670 0.835988
vt 0.388288 0.828331
vt 0.389939 0.825350
vt 0.388288 0.828331
vt 0.387813 0.829040
vt 0.390197 0.824892
vt 0.391658 0.821661
vt 0.390131 0.825031
vt 0.389939 0.825350
vt 0.390197 0.824892
vt 0.390131 0.825031
vt 0.391658 0.821661
vt 0.392342 0.819908
vt 0.392903 0.818493
vt 0.393980 0.815477
vt 0.392903 0.818493
vt 0.392342 0.819908
vt 0.394393 0.814268
vt 0.393980 0.815477
vt 0.394670 0.813295
vt 0.395982 0.808894
vt 0.394670 0.813295
vt 0.394393 0.814268
vt 0.396344 0.807544
vt 0.395982 0.808894
vt 0.396344 0.807544
vt 0.396814 0.805784
vt 0.396814 0.805784
vt 0.396930 0.805299
vt 0.397361 0.803461
vt 0.396930 0.805299
vt 0.397361 0.803461
vt 0.397430 0.803134
vt 0.397430 0.803134
vt 0.397537 0.802595
vt 0.397813 0.801189
vt 0.397744 0.801578
vt 0.397537 0.802595
vt 0.397744 0.801578
vt 0.397813 0.801189
vt 0.397920 0.800183
vt 0.398176 0.798726
vt 0.397920 0.800183
vt 0.398176 0.798726
vt 0.398547 0.797061
vt 0.398787 0.795712
vt 0.398547 0.797061
vt 0.398787 0.795712
vt 0.399068 0.794418
vt 0.399955 0.788589
vt 0.399294 0.793154
vt 0.399068 0.794418
vt 0.399294 0.793154
vt 0.399955 0.788589
vt 0.400388 0.785329
vt 0.002758 0.521961
vt 0.002757 0.521972
vt 0.002758 0.521950
vt 0.002758 0.521961
vt 0.125866 0.420050
vt 0.125073 0.417242
vt 0.125866 0.420050
vt 0.127201 0.425771
vt 0.123507 0.411920
vt 0.125073 0.417242
vt 0.118606 0.401426
vt 0.116943 0.399275
vt 0.119790 0.403533
vt 0.119215 0.402413
vt 0.127314 0.426263
vt 0.127201 0.425771
vt 0.123507 0.411920
vt 0.122911 0.410295
vt 0.112571 0.397159
vt 0.111286 0.396521
vt 0.116066 0.398257
vt 0.116943 0.399275
vt 0.118606 0.401426
vt 0.119215 0.402413
vt 0.119790 0.403533
vt 0.121215 0.406224
vt 0.122177 0.408548
vt 0.121803 0.407671
vt 0.131723 0.460783
vt 0.131467 0.457559
vt 0.128145 0.430988
vt 0.128142 0.430973
vt 0.131467 0.457559
vt 0.130999 0.452916
vt 0.129821 0.441659
vt 0.129285 0.437951
vt 0.127376 0.426587
vt 0.127314 0.426263
vt 0.122177 0.408548
vt 0.122911 0.410295
vt 0.112571 0.397159
vt 0.113461 0.397633
vt 0.114904 0.397778
vt 0.116066 0.398257
vt 0.121215 0.406224
vt 0.121803 0.407671
vt 0.131723 0.460783
vt 0.132144 0.468142
vt 0.127376 0.426587
vt 0.128142 0.430973
vt 0.128145 0.430988
vt 0.128572 0.433484
vt 0.130438 0.447180
vt 0.129821 0.441659
vt 0.130515 0.447831
vt 0.130999 0.452916
vt 0.128572 0.433484
vt 0.129285 0.437951
vt 0.113461 0.397633
vt 0.114904 0.397778
vt 0.132265 0.470424
vt 0.132144 0.468142
vt 0.130438 0.447180
vt 0.130515 0.447831
vt 0.132265 0.470424
vt 0.132422 0.473589
vt 0.132575 0.478603
vt 0.132422 0.473589
vt 0.132575 0.478603
vt 0.132593 0.479050
vt 0.132593 0.479050
vt 0.132595 0.479281
vt 0.132765 0.486412
vt 0.132766 0.486430
vt 0.132765 0.486412
vt 0.132595 0.479281
vt 0.132813 0.494357
vt 0.132767 0.486546
vt 0.132827 0.496366
vt 0.132813 0.494357
vt 0.132766 0.486455
vt 0.132767 0.486546
vt 0.132706 0.500868
vt 0.132827 0.496366
vt 0.132706 0.500868
vt 0.132604 0.504246
vt 0.132604 0.504246
vt 0.132583 0.505766
vt 0.132583 0.505766
vt 0.132387 0.510123
vt 0.132286 0.512328
vt 0.132387 0.510123
vt 0.132236 0.513539
vt 0.132286 0.512328
vt 0.132236 0.513539
vt 0.131769 0.522074
vt 0.131207 0.529102
vt 0.131769 0.522074
vt 0.131207 0.529102
vt 0.131174 0.529463
vt 0.130386 0.538017
vt 0.131174 0.529463
vt 0.130386 0.538017
vt 0.130353 0.538418
vt 0.130353 0.538418
vt 0.130321 0.538714
vt 0.129528 0.546386
vt 0.130321 0.538714
vt 0.128961 0.550539
vt 0.129528 0.546386
vt 0.128379 0.555061
vt 0.128961 0.550539
vt 0.128379 0.555061
vt 0.128231 0.556181
vt 0.128231 0.556181
vt 0.128086 0.557040
vt 0.126765 0.565004
vt 0.128086 0.557040
vt 0.126240 0.567941
vt 0.126765 0.565004
vt 0.125661 0.570943
vt 0.126240 0.567941
vt 0.125661 0.570943
vt 0.125332 0.572586
vt 0.125332 0.572586
vt 0.125233 0.573001
vt 0.124194 0.577538
vt 0.125233 0.573001
vt 0.123199 0.581259
vt 0.124194 0.577538
vt 0.123199 0.581259
vt 0.122960 0.582133
vt 0.122960 0.582133
vt 0.121694 0.586696
vt 0.121364 0.587917
vt 0.121694 0.586696
vt 0.121295 0.588146
vt 0.121364 0.587917
vt 0.121274 0.588211
vt 0.120837 0.589724
vt 0.121274 0.588211
vt 0.121295 0.588146
vt 0.120837 0.589724
vt 0.120320 0.591297
vt 0.120320 0.591297
vt 0.119641 0.593248
vt 0.118497 0.596745
vt 0.119641 0.593248
vt 0.117441 0.599417
vt 0.118497 0.596745
vt 0.117441 0.599417
vt 0.115338 0.603770
g mesh
usemtl main
f 1/1 2/2 3/3
f 4/4 5/5 6/6
f 7/7 5/5 4/4
f 6/6 5/5 8/8
f 6/6 9/9 4/4
f 7/7 10/10 5/5
f 4/4 11/11 7/7
f 12/12 8/8 5/5
f 6/6 8/8 13/13
f 14/14 4/4 9/9
f 9/9 6/6 15/15
f 7/7 16/16 10/10
f 12/12 5/5 10/10
f 4/4 14/14 11/11
f 11/11 17/17 7/7
f 18/18 8/8 12/12
f 8/8 19/19 13/13
f 20/20 6/6 13/13
f 4736/5150 14/14 9/9
f 4737/5151 4736/5150 9/9
f 4737/5152 9/9 15/15
f 4738/5153 4737/5152 15/15
f 6/6 21/21 15/15
f 22/22 10/10 16/16
f 17/17 16/16 7/7
f 23/23 12/12 10/10
f 14/14 24/24 11/11
f 25/25 17/17 11/11
f 26/26 18/18 12/12
f 8/8 18/18 19/19
f 27/27 13/13 19/19
f 20/20 13/13 27/27
f 20/20 21/21 6/6
f 4739/5154 28/28 14/14
f 4736/5155 4739/5154 14/14
f 15/15 4740/5156 4738/5157
f 21/21 20/20 15/15
f 17/17 22/22 16/16
f 10/10 22/22 29/29
f 30/30 12/12 23/23
f 23/23 10/10 31/31
f 14/14 28/28 24/24
f 24/24 32/32 11/11
f 11/11 33/33 25/25
f 34/34 17/17 25/25
f 35/35 26/26 12/12
f 26/26 36/36 18/18
f 19/19 18/18 37/37
f 19/19 37/37 27/27
f 4741/5158 20/20 27/27
f 4742/5159 4741/5158 27/27
f 28/28 4739/5160 4743/5161
f 4740/5162 15/15 20/20
f 4744/5163 4740/5162 20/20
f 17/17 38/38 22/22
f 29/29 31/31 10/10
f 39/39 29/29 22/22
f 30/30 35/35 12/12
f 23/23 40/40 30/30
f 23/23 31/31 41/41
f 4745/5164 24/24 28/28
f 4746/5165 4745/5164 28/28
f 4747/5166 32/32 24/24
f 4748/5167 4747/5166 24/24
f 32/32 33/33 11/11
f 25/25 33/33 42/42
f 34/34 43/43 17/17
f 34/34 25/25 44/44
f 35/35 45/45 26/26
f 36/36 26/26 45/45
f 18/18 36/36 37/37
f 4742/5168 27/27 37/37
f 4749/5169 4742/5168 37/37
f 20/20 4741/5170 4744/5171
f 28/28 4743/5172 4746/5173
f 38/38 46/46 22/22
f 43/43 38/38 17/17
f 31/31 29/29 41/41
f 47/47 29/29 39/39
f 22/22 48/48 39/39
f 49/49 35/35 30/30
f 50/50 30/30 40/40
f 23/23 51/51 40/40
f 23/23 41/41 52/52
f 24/24 4750/5174 4748/5175
f 32/32 4751/5176 4752/5177
f 32/32 53/53 33/33
f 42/42 33/33 53/53
f 25/25 42/42 54/54
f 43/43 34/34 55/55
f 54/54 44/44 25/25
f 56/56 34/34 44/44
f 35/35 57/57 45/45
f 45/45 58/58 36/36
f 58/58 37/37 36/36
f 37/37 4753/5178 4749/5179
f 46/46 38/38 59/59
f 48/48 22/22 46/46
f 38/38 43/43 60/60
f 61/61 41/41 29/29
f 47/47 62/62 29/29
f 39/39 48/48 47/47
f 57/57 35/35 49/49
f 30/30 63/63 49/49
f 63/63 30/30 50/50
f 50/50 40/40 64/64
f 65/65 40/40 51/51
f 66/66 51/51 23/23
f 67/67 52/52 41/41
f 52/52 68/68 23/23
f 4754/5180 53/53 32/32
f 4752/5181 4754/5180 32/32
f 4755/5182 42/42 53/53
f 4754/5183 4755/5182 53/53
f 54/54 42/42 69/69
f 55/55 70/70 43/43
f 71/71 55/55 34/34
f 72/72 44/44 54/54
f 34/34 56/56 73/73
f 44/44 72/72 56/56
f 58/58 45/45 57/57
f 37/37 58/58 74/74
f 4753/5184 37/37 74/74
f 4756/5185 4753/5184 74/74
f 59/59 75/75 46/46
f 59/59 38/38 76/76
f 48/48 46/46 75/75
f 60/60 43/43 70/70
f 38/38 60/60 77/77
f 78/78 61/61 29/29
f 61/61 79/79 41/41
f 80/80 29/29 62/62
f 81/81 62/62 47/47
f 47/47 48/48 82/82
f 49/49 83/83 57/57
f 63/63 84/84 49/49
f 63/63 50/50 85/85
f 85/85 50/50 64/64
f 40/40 86/86 64/64
f 86/86 40/40 65/65
f 51/51 87/87 65/65
f 88/88 66/66 23/23
f 66/66 89/89 51/51
f 67/67 90/90 52/52
f 41/41 79/79 67/67
f 68/68 52/52 91/91
f 23/23 68/68 92/92
f 42/42 4755/5186 4757/5187
f 4758/5188 69/69 42/42
f 4757/5189 4758/5188 42/42
f 4759/5190 54/54 69/69
f 4758/5191 4759/5190 69/69
f 93/93 70/70 55/55
f 71/71 94/94 55/55
f 34/34 95/95 71/71
f 54/54 96/96 72/72
f 73/73 95/95 34/34
f 97/97 73/73 56/56
f 56/56 72/72 97/97
f 4760/5192 58/58 57/57
f 4761/5193 4760/5192 57/57
f 4762/5194 74/74 58/58
f 4760/5195 4762/5194 58/58
f 74/74 4762/5196 4756/5197
f 98/98 75/75 59/59
f 76/76 38/38 99/99
f 59/59 76/76 100/100
f 75/75 82/82 48/48
f 70/70 77/77 60/60
f 38/38 77/77 101/101
f 102/102 61/61 78/78
f 29/29 80/80 78/78
f 102/102 79/79 61/61
f 62/62 103/103 80/80
f 82/82 81/81 47/47
f 81/81 103/103 62/62
f 4761/5198 57/57 83/83
f 4763/5199 4761/5198 83/83
f 83/83 49/49 104/104
f 84/84 63/63 85/85
f 49/49 84/84 104/104
f 64/64 105/105 85/85
f 64/64 86/86 105/105
f 86/86 65/65 106/106
f 87/87 51/51 89/89
f 4764/5200 65/65 87/87
f 4765/5201 4764/5200 87/87
f 88/88 107/107 66/66
f 88/88 23/23 108/108
f 89/89 66/66 107/107
f 67/67 109/109 90/90
f 110/110 52/52 90/90
f 111/111 67/67 79/79
f 91/91 112/112 68/68
f 91/91 52/52 110/110
f 92/92 68/68 113/113
f 108/108 23/23 92/92
f 4766/5202 96/96 54/54
f 4759/5203 4766/5202 54/54
f 114/114 70/70 93/93
f 55/55 115/115 93/93
f 94/94 116/116 55/55
f 94/94 71/71 117/117
f 117/117 71/71 95/95
f 4767/5204 72/72 96/96
f 4768/5205 4767/5204 96/96
f 95/95 73/73 118/118
f 97/97 118/118 73/73
f 4769/5206 97/97 72/72
f 4767/5207 4769/5206 72/72
f 75/75 98/98 119/119
f 100/100 98/98 59/59
f 38/38 120/120 99/99
f 121/121 76/76 99/99
f 76/76 122/122 100/100
f 75/75 81/81 82/82
f 114/114 77/77 70/70
f 114/114 101/101 77/77
f 123/123 38/38 101/101
f 78/78 124/124 102/102
f 78/78 80/80 125/125
f 79/79 102/102 126/126
f 103/103 127/127 80/80
f 81/81 119/119 103/103
f 83/83 4770/5208 4763/5209
f 104/104 128/128 83/83
f 84/84 85/85 129/129
f 104/104 84/84 129/129
f 129/129 85/85 105/105
f 86/86 106/106 105/105
f 65/65 130/130 106/106
f 89/89 131/131 87/87
f 87/87 4771/5210 4765/5211
f 65/65 4764/5212 4772/5213
f 107/107 88/88 132/132
f 133/133 88/88 108/108
f 89/89 107/107 134/134
f 67/67 135/135 109/109
f 136/136 90/90 109/109
f 90/90 137/137 110/110
f 79/79 138/138 111/111
f 139/139 67/67 111/111
f 91/91 140/140 112/112
f 113/113 68/68 112/112
f 110/110 141/141 91/91
f 113/113 142/142 92/92
f 108/108 92/92 143/143
f 96/96 4766/5214 4773/5215
f 144/144 114/114 93/93
f 93/93 115/115 145/145
f 115/115 55/55 116/116
f 115/115 116/116 94/94
f 146/146 94/94 117/117
f 117/117 95/95 118/118
f 96/96 4773/5216 4768/5217
f 118/118 97/97 147/147
f 4774/5218 147/147 97/97
f 4769/5219 4774/5218 97/97
f 100/100 119/119 98/98
f 119/119 81/81 75/75
f 120/120 148/148 99/99
f 123/123 120/120 38/38
f 122/122 76/76 121/121
f 121/121 99/99 149/149
f 100/100 122/122 150/150
f 114/114 151/151 101/101
f 101/101 152/152 123/123
f 124/124 153/153 102/102
f 78/78 154/154 124/124
f 155/155 78/78 125/125
f 80/80 127/127 125/125
f 138/138 79/79 126/126
f 126/126 102/102 153/153
f 156/156 127/127 103/103
f 119/119 157/157 103/103
f 4770/5220 83/83 128/128
f 4775/5221 4770/5220 128/128
f 104/104 129/129 128/128
f 105/105 130/130 129/129
f 105/105 106/106 130/130
f 4776/5222 130/130 65/65
f 4772/5223 4776/5222 65/65
f 134/134 131/131 89/89
f 4777/5224 87/87 131/131
f 4778/5225 4777/5224 131/131
f 133/133 132/132 88/88
f 132/132 134/134 107/107
f 108/108 158/158 133/133
f 159/159 135/135 67/67
f 160/160 109/109 135/135
f 160/160 136/136 109/109
f 136/136 161/161 90/90
f 110/110 137/137 162/162
f 90/90 161/161 137/137
f 138/138 163/163 111/111
f 67/67 139/139 159/159
f 111/111 164/164 139/139
f 140/140 165/165 112/112
f 140/140 91/91 166/166
f 112/112 167/167 113/113
f 141/141 110/110 162/162
f 166/166 91/91 141/141
f 113/113 167/167 142/142
f 142/142 168/168 92/92
f 151/151 114/114 144/144
f 144/144 93/93 145/145
f 145/145 115/115 169/169
f 115/115 94/94 170/170
f 94/94 146/146 171/171
f 172/172 146/146 117/117
f 118/118 173/173 117/117
f 147/147 173/173 118/118
f 4779/5226 174/174 147/147
f 4774/5227 4779/5226 147/147
f 100/100 150/150 119/119
f 148/148 120/120 123/123
f 149/149 99/99 148/148
f 121/121 175/175 122/122
f 121/121 149/149 175/175
f 122/122 176/176 150/150
f 177/177 101/101 151/151
f 152/152 101/101 178/178
f 152/152 179/179 123/123
f 153/153 124/124 180/180
f 154/154 78/78 155/155
f 181/181 124/124 154/154
f 125/125 182/182 155/155
f 125/125 127/127 183/183
f 163/163 138/138 126/126
f 126/126 153/153 184/184
f 156/156 103/103 185/185
f 156/156 183/183 127/127
f 157/157 185/185 103/103
f 150/150 157/157 119/119
f 128/128 4780/5228 4775/5229
f 4780/5230 128/128 129/129
f 4781/5231 4780/5230 129/129
f 4781/5232 129/129 130/130
f 4782/5233 4781/5232 130/130
f 130/130 4776/5234 4782/5235
f 186/186 131/131 134/134
f 131/131 4783/5236 4778/5237
f 133/133 187/187 132/132
f 134/134 132/132 187/187
f 108/108 188/188 158/158
f 189/189 133/133 158/158
f 135/135 159/159 190/190
f 160/160 135/135 190/190
f 136/136 160/160 161/161
f 137/137 191/191 162/162
f 191/191 137/137 161/161
f 163/163 164/164 111/111
f 159/159 139/139 192/192
f 164/164 192/192 139/139
f 140/140 193/193 165/165
f 194/194 112/112 165/165
f 191/191 140/140 166/166
f 112/112 194/194 167/167
f 162/162 166/166 141/141
f 195/195 142/142 167/167
f 142/142 196/196 168/168
f 151/151 144/144 197/197
f 145/145 197/197 144/144
f 169/169 115/115 170/170
f 145/145 169/169 198/198
f 94/94 199/199 170/170
f 200/200 94/94 171/171
f 146/146 201/201 171/171
f 202/202 146/146 172/172
f 172/172 117/117 173/173
f 173/173 147/147 203/203
f 174/174 4779/5238 4784/5239
f 174/174 203/203 147/147
f 179/179 148/148 123/123
f 148/148 179/179 149/149
f 175/175 204/204 122/122
f 149/149 205/205 175/175
f 122/122 206/206 176/176
f 176/176 157/157 150/150
f 178/178 101/101 177/177
f 197/197 177/177 151/151
f 152/152 178/178 205/205
f 152/152 205/205 179/179
f 180/180 184/184 153/153
f 180/180 124/124 181/181
f 207/207 154/154 155/155
f 154/154 207/207 181/181
f 182/182 208/208 155/155
f 183/183 182/182 125/125
f 126/126 184/184 163/163
f 176/176 156/156 185/185
f 156/156 209/209 183/183
f 176/176 185/185 157/157
f 134/134 210/210 186/186
f 4783/5240 131/131 186/186
f 4785/5241 4783/5240 186/186
f 133/133 189/189 187/187
f 134/134 187/187 210/210
f 188/188 108/108 211/211
f 158/158 188/188 212/212
f 158/158 212/212 189/189
f 190/190 159/159 192/192
f 213/213 160/160 190/190
f 161/161 160/160 214/214
f 191/191 166/166 162/162
f 215/215 191/191 161/161
f 164/164 163/163 216/216
f 192/192 164/164 216/216
f 140/140 217/217 193/193
f 193/193 218/218 165/165
f 194/194 165/165 219/219
f 215/215 140/140 191/191
f 220/220 167/167 194/194
f 221/221 195/195 167/167
f 195/195 222/222 142/142
f 223/223 196/196 142/142
f 198/198 197/197 145/145
f 170/170 224/224 169/169
f 225/225 198/198 169/169
f 170/170 199/199 226/226
f 200/200 199/199 94/94
f 227/227 200/200 171/171
f 201/201 228/228 171/171
f 229/229 201/201 146/146
f 146/146 202/202 229/229
f 172/172 230/230 202/202
f 230/230 172/172 173/173
f 173/173 203/203 230/230
f 4786/5242 231/231 174/174
f 4784/5243 4786/5242 174/174
f 203/203 174/174 231/231
f 149/149 179/179 205/205
f 205/205 204/204 175/175
f 122/122 204/204 232/232
f 206/206 233/233 176/176
f 206/206 122/122 232/232
f 178/178 177/177 204/204
f 197/197 234/234 177/177
f 204/204 205/205 178/178
f 180/180 235/235 184/184
f 235/235 180/180 181/181
f 181/181 207/207 236/236
f 237/237 155/155 208/208
f 238/238 208/208 182/182
f 239/239 182/182 183/183
f 163/163 184/184 240/240
f 176/176 241/241 156/156
f 183/183 209/209 242/242
f 156/156 241/241 209/209
f 186/186 210/210 243/243
f 186/186 4787/5244 4785/5245
f 189/189 210/210 187/187
f 244/244 188/188 211/211
f 108/108 245/245 211/211
f 212/212 188/188 246/246
f 212/212 247/247 189/189
f 190/190 192/192 213/213
f 213/213 248/248 160/160
f 215/215 161/161 214/214
f 214/214 160/160 249/249
f 240/240 216/216 163/163
f 250/250 192/192 216/216
f 215/215 217/217 140/140
f 217/217 218/218 193/193
f 165/165 218/218 219/219
f 219/219 251/251 194/194
f 194/194 251/251 220/220
f 252/252 167/167 220/220
f 253/253 195/195 221/221
f 167/167 252/252 221/221
f 195/195 253/253 222/222
f 222/222 254/254 142/142
f 196/196 223/223 255/255
f 256/256 223/223 142/142
f 197/197 198/198 234/234
f 257/257 224/224 170/170
f 169/169 224/224 225/225
f 258/258 198/198 225/225
f 199/199 259/259 226/226
f 226/226 257/257 170/170
f 259/259 199/199 200/200
f 228/228 227/227 171/171
f 227/227 260/260 200/200
f 229/229 228/228 201/201
f 202/202 261/261 229/229
f 231/231 202/202 230/230
f 230/230 203/203 231/231
f 231/231 4786/5246 4788/5247
f 232/232 204/204 262/262
f 206/206 263/263 233/233
f 264/264 176/176 233/233
f 232/232 263/263 206/206
f 177/177 262/262 204/204
f 262/262 177/177 234/234
f 240/240 184/184 235/235
f 235/235 181/181 236/236
f 237/237 265/265 155/155
f 208/208 265/265 237/237
f 266/266 208/208 238/238
f 182/182 239/239 238/238
f 242/242 239/239 183/183
f 176/176 267/267 241/241
f 268/268 242/242 209/209
f 241/241 267/267 209/209
f 4787/5248 186/186 243/243
f 4789/5249 4787/5248 243/243
f 4790/5250 243/243 210/210
f 4791/5251 4790/5250 210/210
f 189/189 247/247 210/210
f 246/246 188/188 244/244
f 244/244 211/211 269/269
f 108/108 270/270 245/245
f 245/245 271/271 211/211
f 272/272 212/212 246/246
f 4792/5252 247/247 212/212
f 4793/5253 4792/5252 212/212
f 250/250 213/213 192/192
f 250/250 248/248 213/213
f 248/248 249/249 160/160
f 214/214 217/217 215/215
f 249/249 217/217 214/214
f 216/216 240/240 273/273
f 273/273 250/250 216/216
f 249/249 218/218 217/217
f 274/274 219/219 218/218
f 251/251 219/219 275/275
f 220/220 251/251 252/252
f 253/253 221/221 276/276
f 276/276 221/221 252/252
f 277/277 222/222 253/253
f 277/277 254/254 222/222
f 142/142 254/254 256/256
f 223/223 278/278 255/255
f 279/279 196/196 255/255
f 280/280 223/223 256/256
f 198/198 258/258 234/234
f 257/257 281/281 224/224
f 225/225 224/224 281/281
f 225/225 281/281 258/258
f 259/259 282/282 226/226
f 257/257 226/226 283/283
f 284/284 259/259 200/200
f 227/227 228/228 261/261
f 285/285 260/260 227/227
f 260/260 286/286 200/200
f 261/261 228/228 229/229
f 261/261 202/202 231/231
f 4794/5254 287/287 231/231
f 4788/5255 4794/5254 231/231
f 262/262 263/263 232/232
f 263/263 288/288 233/233
f 289/289 176/176 264/264
f 233/233 290/290 264/264
f 234/234 291/291 262/262
f 235/235 273/273 240/240
f 236/236 292/292 235/235
f 293/293 265/265 208/208
f 266/266 294/294 208/208
f 238/238 295/295 266/266
f 239/239 296/296 238/238
f 239/239 242/242 296/296
f 297/297 267/267 176/176
f 268/268 298/298 242/242
f 299/299 268/268 209/209
f 209/209 267/267 300/300
f 243/243 4790/5256 4789/5257
f 4791/5258 210/210 247/247
f 4795/5259 4791/5258 247/247
f 246/246 244/244 301/301
f 269/269 211/211 271/271
f 302/302 244/244 269/269
f 245/245 270/270 303/303
f 245/245 303/303 271/271
f 272/272 246/246 301/301
f 4796/5260 212/212 272/272
f 4797/5261 4796/5260 272/272
f 212/212 4798/5262 4793/5263
f 247/247 4792/5264 4795/5265
f 250/250 304/304 248/248
f 249/249 248/248 305/305
f 306/306 250/250 273/273
f 249/249 305/305 218/218
f 274/274 275/275 219/219
f 307/307 274/274 218/218
f 252/252 251/251 275/275
f 308/308 253/253 276/276
f 252/252 275/275 276/276
f 277/277 253/253 308/308
f 309/309 254/254 277/277
f 254/254 310/310 256/256
f 280/280 278/278 223/223
f 278/278 311/311 255/255
f 279/279 312/312 196/196
f 313/313 279/279 255/255
f 256/256 310/310 280/280
f 291/291 234/234 258/258
f 314/314 281/281 257/257
f 281/281 314/314 258/258
f 283/283 226/226 282/282
f 315/315 282/282 259/259
f 257/257 283/283 316/316
f 317/317 259/259 284/284
f 284/284 200/200 286/286
f 318/318 227/227 261/261
f 285/285 319/319 260/260
f 285/285 227/227 318/318
f 286/286 260/260 319/319
f 287/287 261/261 231/231
f 287/287 4794/5266 4799/5267
f 288/288 263/263 262/262
f 288/288 290/290 233/233
f 176/176 289/289 320/320
f 321/321 289/289 264/264
f 264/264 290/290 322/322
f 291/291 323/323 262/262
f 273/273 235/235 292/292
f 293/293 324/324 265/265
f 294/294 293/293 208/208
f 266/266 325/325 294/294
f 295/295 326/326 266/266
f 327/327 295/295 238/238
f 328/328 238/238 296/296
f 242/242 298/298 296/296
f 176/176 320/320 297/297
f 300/300 267/267 297/297
f 329/329 298/298 268/268
f 268/268 299/299 330/330
f 300/300 299/299 209/209
f 302/302 301/301 244/244
f 271/271 331/331 269/269
f 332/332 302/302 269/269
f 303/303 270/270 333/333
f 331/331 271/271 303/303
f 301/301 334/334 272/272
f 272/272 4800/5268 4797/5269
f 212/212 4796/5270 4798/5271
f 304/304 250/250 306/306
f 304/304 335/335 248/248
f 305/305 248/248 335/335
f 218/218 305/305 336/336
f 274/274 337/337 275/275
f 337/337 274/274 307/307
f 218/218 336/336 307/307
f 338/338 308/308 276/276
f 276/276 275/275 337/337
f 339/339 277/277 308/308
f 309/309 277/277 339/339
f 309/309 310/310 254/254
f 340/340 278/278 280/280
f 278/278 340/340 311/311
f 255/255 311/311 313/313
f 279/279 341/341 312/312
f 342/342 196/196 312/312
f 313/313 341/341 279/279
f 280/280 310/310 340/340
f 343/343 291/291 258/258
f 314/314 257/257 316/316
f 258/258 314/314 343/343
f 344/344 283/283 282/282
f 315/315 259/259 317/317
f 282/282 315/315 344/344
f 316/316 283/283 345/345
f 346/346 317/317 284/284
f 347/347 284/284 286/286
f 287/287 318/318 261/261
f 348/348 319/319 285/285
f 318/318 349/349 285/285
f 319/319 347/347 286/286
f 4801/5272 318/318 287/287
f 4799/5273 4801/5272 287/287
f 350/350 288/288 262/262
f 290/290 288/288 351/351
f 320/320 289/289 352/352
f 289/289 321/321 353/353
f 354/354 321/321 264/264
f 322/322 290/290 355/355
f 322/322 354/354 264/264
f 323/323 291/291 356/356
f 262/262 323/323 350/350
f 357/357 293/293 294/294
f 326/326 325/325 266/266
f 294/294 325/325 358/358
f 326/326 295/295 359/359
f 327/327 238/238 328/328
f 295/295 327/327 360/360
f 296/296 298/298 328/328
f 320/320 361/361 297/297
f 297/297 362/362 300/300
f 328/328 298/298 329/329
f 329/329 268/268 363/363
f 364/364 268/268 330/330
f 330/330 299/299 300/300
f 301/301 302/302 334/334
f 332/332 269/269 331/331
f 302/302 332/332 334/334
f 303/303 333/333 365/365
f 331/331 303/303 366/366
f 4800/5274 272/272 334/334
f 4802/5275 4800/5274 334/334
f 367/367 335/335 304/304
f 335/335 367/367 305/305
f 305/305 368/368 336/336
f 337/337 307/307 369/369
f 370/370 307/307 336/336
f 338/338 339/339 308/308
f 337/337 338/338 276/276
f 339/339 371/371 309/309
f 372/372 310/310 309/309
f 340/340 373/373 311/311
f 311/311 374/374 313/313
f 375/375 312/312 341/341
f 376/376 342/342 312/312
f 341/341 313/313 374/374
f 372/372 340/340 310/310
f 356/356 291/291 343/343
f 316/316 377/377 314/314
f 314/314 378/378 343/343
f 344/344 345/345 283/283
f 379/379 315/315 317/317
f 380/380 344/344 315/315
f 345/345 377/377 316/316
f 346/346 381/381 317/317
f 347/347 346/346 284/284
f 382/382 319/319 348/348
f 349/349 348/348 285/285
f 4803/5276 349/349 318/318
f 4801/5277 4803/5276 318/318
f 319/319 382/382 347/347
f 351/351 288/288 350/350
f 355/355 290/290 351/351
f 352/352 289/289 353/353
f 320/320 352/352 383/383
f 353/353 321/321 384/384
f 385/385 321/321 354/354
f 355/355 386/386 322/322
f 387/387 354/354 322/322
f 388/388 323/323 356/356
f 350/350 323/323 388/388
f 389/389 293/293 357/357
f 294/294 390/390 357/357
f 359/359 325/325 326/326
f 390/390 294/294 358/358
f 391/391 358/358 325/325
f 359/359 295/295 360/360
f 392/392 327/327 328/328
f 327/327 393/393 360/360
f 297/297 361/361 362/362
f 320/320 394/394 361/361
f 300/300 362/362 330/330
f 329/329 395/395 328/328
f 268/268 364/364 363/363
f 396/396 329/329 363/363
f 330/330 362/362 364/364
f 331/331 366/366 332/332
f 397/397 334/334 332/332
f 398/398 303/303 365/365
f 333/333 399/399 365/365
f 366/366 303/303 398/398
f 334/334 4804/5278 4802/5279
f 304/304 400/400 367/367
f 368/368 305/305 367/367
f 368/368 401/401 336/336
f 370/370 369/369 307/307
f 369/369 338/338 337/337
f 401/401 370/370 336/336
f 402/402 339/339 338/338
f 371/371 339/339 402/402
f 309/309 371/371 403/403
f 372/372 309/309 403/403
f 340/340 372/372 373/373
f 373/373 374/374 311/311
f 375/375 341/341 374/374
f 376/376 312/312 375/375
f 376/376 404/404 342/342
f 356/356 343/343 378/378
f 314/314 377/377 378/378
f 405/405 345/345 344/344
f 315/315 379/379 380/380
f 317/317 406/406 379/379
f 405/405 344/344 380/380
f 407/407 377/377 345/345
f 381/381 406/406 317/317
f 346/346 408/408 381/381
f 347/347 408/408 346/346
f 349/349 382/382 348/348
f 4805/5280 409/409 349/349
f 4803/5281 4805/5280 349/349
f 382/382 408/408 347/347
f 409/409 4805/5282 4806/5283
f 350/350 410/410 351/351
f 351/351 386/386 355/355
f 353/353 411/411 352/352
f 383/383 412/412 320/320
f 413/413 383/383 352/352
f 384/384 321/321 414/414
f 384/384 415/415 353/353
f 385/385 414/414 321/321
f 385/385 354/354 387/387
f 387/387 322/322 386/386
f 356/356 378/378 388/388
f 416/416 350/350 388/388
f 325/325 359/359 391/391
f 390/390 358/358 417/417
f 417/417 358/358 391/391
f 359/359 360/360 418/418
f 392/392 419/419 327/327
f 395/395 392/392 328/328
f 393/393 327/327 419/419
f 418/418 360/360 393/393
f 394/394 362/362 361/361
f 320/320 412/412 394/394
f 329/329 396/396 395/395
f 420/420 363/363 364/364
f 421/421 396/396 363/363
f 394/394 364/364 362/362
f 422/422 332/332 366/366
f 423/423 334/334 397/397
f 397/397 332/332 422/422
f 365/365 424/424 398/398
f 365/365 399/399 424/424
f 422/422 366/366 398/398
f 334/334 4807/5284 4804/5285
f 425/425 367/367 400/400
f 368/368 367/367 401/401
f 426/426 369/369 370/370
f 369/369 402/402 338/338
f 401/401 427/427 370/370
f 371/371 402/402 428/428
f 429/429 403/403 371/371
f 403/403 430/430 372/372
f 372/372 431/431 373/373
f 373/373 375/375 374/374
f 376/376 375/375 432/432
f 404/404 376/376 432/432
f 388/388 378/378 377/377
f 405/405 407/407 345/345
f 380/380 379/379 433/433
f 434/434 379/379 406/406
f 380/380 435/435 405/405
f 377/377 407/407 436/436
f 381/381 437/437 406/406
f 381/381 408/408 438/438
f 439/439 382/382 349/349
f 349/349 409/409 439/439
f 408/408 382/382 440/440
f 4808/5286 441/441 409/409
f 4806/5287 4808/5286 409/409
f 441/441 4808/5288 4809/5289
f 410/410 442/442 351/351
f 350/350 416/416 410/410
f 351/351 443/443 386/386
f 411/411 353/353 444/444
f 411/411 445/445 352/352
f 412/412 383/383 446/446
f 413/413 447/447 383/383
f 352/352 445/445 413/413
f 384/384 414/414 448/448
f 415/415 384/384 449/449
f 444/444 353/353 415/415
f 414/414 385/385 450/450
f 451/451 385/385 387/387
f 451/451 387/387 386/386
f 377/377 416/416 388/388
f 359/359 418/418 391/391
f 391/391 452/452 417/417
f 453/453 419/419 392/392
f 392/392 395/395 396/396
f 419/419 454/454 393/393
f 418/418 393/393 455/455
f 412/412 456/456 394/394
f 420/420 364/364 457/457
f 420/420 421/421 363/363
f 421/421 458/458 396/396
f 457/457 364/364 394/394
f 397/397 459/459 423/423
f 4807/5290 334/334 423/423
f 4810/5291 4807/5290 423/423
f 459/459 397/397 422/422
f 424/424 460/460 398/398
f 424/424 399/399 461/461
f 462/462 422/422 398/398
f 463/463 367/367 425/425
f 463/463 401/401 367/367
f 369/369 426/426 402/402
f 370/370 427/427 426/426
f 401/401 464/464 427/427
f 428/428 402/402 426/426
f 465/465 371/371 428/428
f 403/403 429/429 466/466
f 465/465 429/429 371/371
f 430/430 403/403 466/466
f 430/430 467/467 372/372
f 373/373 431/431 468/468
f 467/467 431/431 372/372
f 373/373 468/468 375/375
f 432/432 375/375 468/468
f 469/469 407/407 405/405
f 433/433 379/379 434/434
f 435/435 380/380 433/433
f 470/470 434/434 406/406
f 469/469 405/405 435/435
f 377/377 436/436 416/416
f 471/471 436/436 407/407
f 470/470 406/406 437/437
f 381/381 438/438 437/437
f 472/472 438/438 408/408
f 439/439 440/440 382/382
f 473/473 439/439 409/409
f 440/440 472/472 408/408
f 473/473 409/409 441/441
f 441/441 4809/5292 4811/5293
f 442/442 410/410 416/416
f 443/443 351/351 442/442
f 443/443 451/451 386/386
f 474/474 411/411 444/444
f 445/445 411/411 475/475
f 446/446 383/383 476/476
f 477/477 412/412 446/446
f 383/383 447/447 476/476
f 478/478 447/447 413/413
f 445/445 475/475 413/413
f 448/448 414/414 450/450
f 384/384 448/448 479/479
f 384/384 479/479 449/449
f 449/449 480/480 415/415
f 444/444 415/415 481/481
f 451/451 450/450 385/385
f 391/391 418/418 482/482
f 482/482 452/452 391/391
f 419/419 453/453 483/483
f 483/483 453/453 392/392
f 392/392 396/396 483/483
f 483/483 454/454 419/419
f 393/393 454/454 484/484
f 455/455 482/482 418/418
f 455/455 393/393 484/484
f 457/457 394/394 456/456
f 477/477 456/456 412/412
f 420/420 457/457 477/477
f 421/421 420/420 485/485
f 458/458 421/421 486/486
f 458/458 487/487 396/396
f 4812/5294 423/423 459/459
f 4813/5295 4812/5294 459/459
f 423/423 4812/5296 4810/5297
f 488/488 459/459 422/422
f 424/424 489/489 460/460
f 460/460 462/462 398/398
f 489/489 424/424 461/461
f 399/399 490/490 461/461
f 422/422 462/462 488/488
f 425/425 491/491 463/463
f 401/401 463/463 492/492
f 427/427 493/493 426/426
f 492/492 464/464 401/401
f 464/464 493/493 427/427
f 465/465 428/428 426/426
f 429/429 465/465 466/466
f 466/466 494/494 430/430
f 467/467 430/430 495/495
f 496/496 468/468 431/431
f 467/467 497/497 431/431
f 432/432 468/468 498/498
f 407/407 469/469 471/471
f 434/434 499/499 433/433
f 433/433 500/500 435/435
f 501/501 434/434 470/470
f 435/435 502/502 469/469
f 436/436 503/503 416/416
f 471/471 503/503 436/436
f 504/504 470/470 437/437
f 437/437 438/438 505/505
f 472/472 505/505 438/438
f 440/440 439/439 473/473
f 506/506 472/472 440/440
f 507/507 473/473 441/441
f 441/441 4811/5298 4814/5299
f 416/416 503/503 442/442
f 443/443 442/442 508/508
f 443/443 450/450 451/451
f 474/474 475/475 411/411
f 509/509 474/474 444/444
f 510/510 446/446 476/476
f 477/477 446/446 511/511
f 447/447 478/478 476/476
f 478/478 413/413 475/475
f 448/448 450/450 508/508
f 479/479 448/448 512/512
f 449/449 479/479 480/480
f 480/480 481/481 415/415
f 444/444 481/481 513/513
f 452/452 482/482 514/514
f 487/487 483/483 396/396
f 483/483 487/487 454/454
f 454/454 515/515 484/484
f 455/455 516/516 482/482
f 484/484 517/517 455/455
f 477/477 457/457 456/456
f 420/420 477/477 518/518
f 420/420 518/518 485/485
f 486/486 421/421 485/485
f 519/519 458/458 486/486
f 487/487 458/458 515/515
f 4813/5300 459/459 520/520
f 4815/5301 4813/5300 520/520
f 520/520 459/459 488/488
f 460/460 489/489 521/521
f 522/522 462/462 460/460
f 523/523 489/489 461/461
f 490/490 524/524 461/461
f 522/522 488/488 462/462
f 463/463 491/491 525/525
f 492/492 463/463 525/525
f 493/493 526/526 426/426
f 492/492 525/525 464/464
f 493/493 464/464 527/527
f 526/526 465/465 426/426
f 466/466 465/465 528/528
f 495/495 430/430 494/494
f 494/494 466/466 529/529
f 467/467 495/495 530/530
f 468/468 496/496 498/498
f 497/497 496/496 431/431
f 497/497 467/467 531/531
f 469/469 532/532 471/471
f 499/499 434/434 501/501
f 433/433 499/499 500/500
f 502/502 435/435 500/500
f 470/470 504/504 501/501
f 532/532 469/469 502/502
f 508/508 503/503 471/471
f 505/505 504/504 437/437
f 506/506 505/505 472/472
f 533/533 440/440 473/473
f 440/440 534/534 506/506
f 533/533 473/473 507/507
f 441/441 535/535 507/507
f 441/441 4814/5302 4816/5303
f 508/508 442/442 503/503
f 450/450 443/443 508/508
f 475/475 474/474 536/536
f 474/474 509/509 537/537
f 509/509 444/444 538/538
f 510/510 476/476 539/539
f 510/510 511/511 446/446
f 477/477 511/511 518/518
f 476/476 478/478 539/539
f 478/478 475/475 540/540
f 541/541 448/448 508/508
f 541/541 512/512 448/448
f 512/512 542/542 479/479
f 543/543 480/480 479/479
f 544/544 481/481 480/480
f 481/481 544/544 513/513
f 513/513 545/545 444/444
f 514/514 482/482 516/516
f 546/546 452/452 514/514
f 515/515 454/454 487/487
f 515/515 547/547 484/484
f 455/455 517/517 516/516
f 547/547 517/517 484/484
f 485/485 518/518 548/548
f 485/485 549/549 486/486
f 458/458 519/519 550/550
f 549/549 519/519 486/486
f 515/515 458/458 550/550
f 520/520 4817/5304 4815/5305
f 488/488 551/551 520/520
f 552/552 521/521 489/489
f 521/521 522/522 460/460
f 552/552 489/489 523/523
f 461/461 524/524 523/523
f 553/553 524/524 490/490
f 554/554 488/488 522/522
f 491/491 555/555 525/525
f 526/526 493/493 556/556
f 464/464 525/525 527/527
f 557/557 493/493 527/527
f 526/526 528/528 465/465
f 466/466 528/528 529/529
f 494/494 558/558 495/495
f 529/529 558/558 494/494
f 530/530 495/495 558/558
f 530/530 531/531 467/467
f 496/496 559/559 498/498
f 496/496 497/497 560/560
f 497/497 531/531 561/561
f 471/471 532/532 562/562
f 499/499 501/501 563/563
f 563/563 500/500 499/499
f 564/564 502/502 500/500
f 504/504 563/563 501/501
f 502/502 564/564 532/532
f 541/541 508/508 471/471
f 565/565 504/504 505/505
f 565/565 505/505 506/506
f 533/533 534/534 440/440
f 534/534 566/566 506/506
f 533/533 507/507 567/567
f 4818/5306 535/535 441/441
f 4816/5307 4818/5306 441/441
f 507/507 535/535 568/568
f 474/474 569/569 536/536
f 475/475 536/536 570/570
f 571/571 537/537 509/509
f 538/538 444/444 545/545
f 538/538 572/572 509/509
f 510/510 539/539 573/573
f 518/518 511/511 510/510
f 478/478 574/574 539/539
f 575/575 478/478 540/540
f 570/570 540/540 475/475
f 542/542 512/512 541/541
f 543/543 479/479 542/542
f 543/543 544/544 480/480
f 576/576 513/513 544/544
f 545/545 513/513 577/577
f 516/516 546/546 514/514
f 515/515 578/578 547/547
f 579/579 516/516 517/517
f 547/547 580/580 517/517
f 581/581 548/548 518/518
f 548/548 549/549 485/485
f 550/550 519/519 582/582
f 583/583 519/519 549/549
f 515/515 550/550 578/578
f 4817/5308 520/520 551/551
f 4819/5309 4817/5308 551/551
f 551/551 488/488 554/554
f 552/552 554/554 521/521
f 554/554 522/522 521/521
f 584/584 552/552 523/523
f 524/524 585/585 523/523
f 585/585 524/524 553/553
f 555/555 491/491 586/586
f 587/587 525/525 555/555
f 588/588 526/526 556/556
f 493/493 557/557 556/556
f 527/527 525/525 587/587
f 589/589 557/557 527/527
f 588/588 528/528 526/526
f 529/529 528/528 588/588
f 529/529 590/590 558/558
f 558/558 591/591 530/530
f 531/531 530/530 592/592
f 593/593 559/559 496/496
f 497/497 594/594 560/560
f 593/593 496/496 560/560
f 531/531 595/595 561/561
f 594/594 497/497 561/561
f 562/562 541/541 471/471
f 596/596 562/562 532/532
f 500/500 563/563 564/564
f 504/504 565/565 563/563
f 596/596 532/532 564/564
f 565/565 506/506 566/566
f 597/597 534/534 533/533
f 597/597 566/566 534/534
f 598/598 567/567 507/507
f 567/567 597/597 533/533
f 4820/5310 599/599 535/535
f 4818/5311 4820/5310 535/535
f 598/598 507/507 568/568
f 535/535 599/599 568/568
f 600/600 569/569 474/474
f 601/601 536/536 569/569
f 570/570 536/536 602/602
f 571/571 603/603 537/537
f 571/571 509/509 604/604
f 605/605 538/538 545/545
f 572/572 604/604 509/509
f 606/606 572/572 538/538
f 573/573 539/539 574/574
f 573/573 518/518 510/510
f 478/478 575/575 574/574
f 607/607 575/575 540/540
f 608/608 540/540 570/570
f 609/609 542/542 541/541
f 542/542 576/576 543/543
f 544/544 543/543 576/576
f 610/610 513/513 576/576
f 545/545 577/577 611/611
f 610/610 577/577 513/513
f 546/546 516/516 579/579
f 547/547 578/578 612/612
f 580/580 579/579 517/517
f 547/547 612/612 580/580
f 581/581 613/613 548/548
f 581/581 518/518 614/614
f 549/549 548/548 613/613
f 582/582 615/615 550/550
f 583/583 582/582 519/519
f 549/549 616/616 583/583
f 578/578 550/550 615/615
f 4819/5312 551/551 617/617
f 4821/5313 4819/5312 617/617
f 618/618 551/551 554/554
f 618/618 554/554 552/552
f 619/619 552/552 584/584
f 523/523 585/585 584/584
f 555/555 586/586 620/620
f 621/621 587/587 555/555
f 556/556 622/622 588/588
f 557/557 623/623 556/556
f 587/587 589/589 527/527
f 623/623 557/557 589/589
f 588/588 590/590 529/529
f 558/558 590/590 624/624
f 558/558 624/624 591/591
f 530/530 591/591 592/592
f 595/595 531/531 592/592
f 594/594 625/625 560/560
f 625/625 593/593 560/560
f 561/561 595/595 594/594
f 541/541 562/562 626/626
f 596/596 627/627 562/562
f 628/628 564/564 563/563
f 565/565 629/629 563/563
f 628/628 596/596 564/564
f 566/566 630/630 565/565
f 630/630 566/566 597/597
f 598/598 631/631 567/567
f 567/567 631/631 597/597
f 599/599 4820/5314 4822/5315
f 598/598 568/568 632/632
f 568/568 599/599 633/633
f 601/601 569/569 634/634
f 635/635 536/536 601/601
f 635/635 602/602 536/536
f 602/602 636/636 570/570
f 637/637 603/603 571/571
f 638/638 537/537 603/603
f 604/604 639/639 571/571
f 606/606 538/538 605/605
f 545/545 611/611 605/605
f 604/604 572/572 640/640
f 572/572 606/606 641/641
f 573/573 574/574 642/642
f 643/643 518/518 573/573
f 575/575 642/642 574/574
f 642/642 575/575 607/607
f 540/540 608/608 607/607
f 570/570 644/644 608/608
f 609/609 645/645 542/542
f 541/541 626/626 609/609
f 646/646 576/576 542/542
f 646/646 610/610 576/576
f 611/611 577/577 647/647
f 610/610 646/646 577/577
f 648/648 612/612 578/578
f 649/649 579/579 580/580
f 612/612 650/650 580/580
f 581/581 614/614 613/613
f 614/614 518/518 643/643
f 549/549 613/613 616/616
f 582/582 651/651 615/615
f 583/583 652/652 582/582
f 653/653 583/583 616/616
f 578/578 615/615 648/648
f 618/618 617/617 551/551
f 617/617 4823/5316 4821/5317
f 618/618 552/552 619/619
f 584/584 654/654 619/619
f 655/655 620/620 586/586
f 555/555 620/620 621/621
f 587/587 621/621 589/589
f 623/623 622/622 556/556
f 588/588 622/622 590/590
f 656/656 623/623 589/589
f 590/590 657/657 624/624
f 658/658 591/591 624/624
f 592/592 591/591 659/659
f 592/592 660/660 595/595
f 594/594 661/661 625/625
f 593/593 625/625 662/662
f 663/663 594/594 595/595
f 664/664 626/626 562/562
f 627/627 664/664 562/562
f 596/596 665/665 627/627
f 563/563 629/629 628/628
f 629/629 565/565 630/630
f 596/596 628/628 629/629
f 597/597 631/631 630/630
f 666/666 631/631 598/598
f 4824/5318 667/667 599/599
f 4822/5319 4824/5318 599/599
f 568/568 668/668 632/632
f 598/598 632/632 669/669
f 633/633 599/599 670/670
f 668/668 568/568 633/633
f 601/601 634/634 671/671
f 672/672 634/634 569/569
f 673/673 602/602 635/635
f 636/636 602/602 673/673
f 636/636 644/644 570/570
f 603/603 637/637 674/674
f 637/637 571/571 675/675
f 603/603 674/674 638/638
f 639/639 675/675 571/571
f 639/639 604/604 676/676
f 606/606 605/605 677/677
f 611/611 678/678 605/605
f 572/572 679/679 640/640
f 640/640 676/676 604/604
f 606/606 680/680 641/641
f 572/572 641/641 681/681
f 642/642 682/682 573/573
f 682/682 643/643 573/573
f 607/607 683/683 642/642
f 607/607 608/608 684/684
f 685/685 608/608 644/644
f 645/645 646/646 542/542
f 609/609 686/686 645/645
f 664/664 609/609 626/626
f 647/647 577/577 645/645
f 678/678 611/611 647/647
f 646/646 645/645 577/577
f 612/612 648/648 687/687
f 580/580 650/650 649/649
f 687/687 650/650 612/612
f 614/614 688/688 613/613
f 643/643 688/688 614/614
f 613/613 689/689 616/616
f 582/582 690/690 651/651
f 648/648 615/615 651/651
f 691/691 652/652 583/583
f 690/690 582/582 652/652
f 583/583 653/653 691/691
f 653/653 616/616 692/692
f 617/617 618/618 654/654
f 4823/5320 617/617 654/654
f 4825/5321 4823/5320 654/654
f 654/654 618/618 619/619
f 620/620 655/655 693/693
f 694/694 621/621 620/620
f 589/589 621/621 656/656
f 695/695 622/622 623/623
f 622/622 657/657 590/590
f 623/623 656/656 695/695
f 657/657 696/696 624/624
f 591/591 658/658 659/659
f 624/624 697/697 658/658
f 698/698 592/592 659/659
f 660/660 663/663 595/595
f 660/660 592/592 699/699
f 663/663 661/661 594/594
f 662/662 625/625 661/661
f 700/700 664/664 627/627
f 665/665 596/596 701/701
f 665/665 700/700 627/627
f 630/630 701/701 629/629
f 596/596 629/629 701/701
f 702/702 630/630 631/631
f 631/631 666/666 703/703
f 598/598 669/669 666/666
f 667/667 4824/5322 4826/5323
f 670/670 599/599 667/667
f 632/632 668/668 704/704
f 632/632 704/704 669/669
f 670/670 705/705 633/633
f 668/668 633/633 704/704
f 634/634 706/706 671/671
f 601/601 671/671 707/707
f 708/708 634/634 672/672
f 673/673 635/635 709/709
f 710/710 636/636 673/673
f 636/636 711/711 644/644
f 674/674 637/637 712/712
f 675/675 712/712 637/637
f 713/713 638/638 674/674
f 714/714 639/639 676/676
f 677/677 605/605 678/678
f 680/680 606/606 677/677
f 679/679 572/572 715/715
f 679/679 716/716 640/640
f 717/717 676/676 640/640
f 641/641 680/680 718/718
f 681/681 641/641 719/719
f 681/681 715/715 572/572
f 682/682 642/642 683/683
f 720/720 643/643 682/682
f 683/683 607/607 721/721
f 722/722 607/607 684/684
f 684/684 608/608 723/723
f 685/685 644/644 711/711
f 685/685 723/723 608/608
f 686/686 609/609 664/664
f 645/645 686/686 700/700
f 645/645 724/724 647/647
f 725/725 678/678 647/647
f 651/651 687/687 648/648
f 649/649 650/650 726/726
f 727/727 650/650 687/687
f 688/688 689/689 613/613
f 720/720 688/688 643/643
f 616/616 689/689 692/692
f 728/728 651/651 690/690
f 652/652 691/691 729/729
f 690/690 652/652 730/730
f 731/731 691/691 653/653
f 692/692 732/732 653/653
f 733/733 693/693 655/655
f 693/693 694/694 620/620
f 734/734 621/621 694/694
f 734/734 656/656 621/621
f 735/735 622/622 695/695
f 735/735 657/657 622/622
f 656/656 736/736 695/695
f 657/657 737/737 696/696
f 624/624 696/696 697/697
f 659/659 658/658 738/738
f 697/697 739/739 658/658
f 699/699 592/592 698/698
f 738/738 698/698 659/659
f 740/740 663/663 660/660
f 660/660 699/699 741/741
f 742/742 661/661 663/663
f 662/662 661/661 743/743
f 664/664 700/700 686/686
f 701/701 744/744 665/665
f 700/700 665/665 745/745
f 744/744 701/701 630/630
f 630/630 702/702 744/744
f 703/703 702/702 631/631
f 718/718 703/703 666/666
f 666/666 669/669 719/719
f 667/667 4826/5324 4827/5325
f 746/746 670/670 667/667
f 669/669 704/704 747/747
f 746/746 705/705 670/670
f 633/633 705/705 748/748
f 704/704 633/633 749/749
f 706/706 634/634 750/750
f 706/706 707/707 671/671
f 707/707 751/751 601/601
f 634/634 708/708 750/750
f 752/752 673/673 709/709
f 710/710 753/753 636/636
f 710/710 673/673 752/752
f 636/636 753/753 711/711
f 676/676 717/717 714/714
f 678/678 754/754 677/677
f 755/755 680/680 677/677
f 679/679 715/715 756/756
f 716/716 679/679 757/757
f 716/716 758/758 640/640
f 640/640 759/759 717/717
f 680/680 755/755 718/718
f 719/719 641/641 718/718
f 719/719 715/715 681/681
f 682/682 683/683 720/720
f 607/607 722/722 721/721
f 721/721 720/720 683/683
f 684/684 760/760 722/722
f 684/684 723/723 761/761
f 711/711 762/762 685/685
f 763/763 723/723 685/685
f 645/645 700/700 724/724
f 724/724 725/725 647/647
f 754/754 678/678 725/725
f 687/687 651/651 727/727
f 726/726 650/650 764/764
f 764/764 650/650 727/727
f 765/765 689/689 688/688
f 688/688 720/720 766/766
f 767/767 692/692 689/689
f 730/730 728/728 690/690
f 727/727 651/651 728/728
f 691/691 768/768 729/729
f 730/730 652/652 729/729
f 768/768 691/691 731/731
f 731/731 653/653 769/769
f 770/770 732/732 692/692
f 769/769 653/653 732/732
f 733/733 771/771 693/693
f 694/694 693/693 772/772
f 734/734 694/694 772/772
f 734/734 736/736 656/656
f 695/695 736/736 735/735
f 657/657 735/735 737/737
f 737/737 773/773 696/696
f 697/697 696/696 774/774
f 775/775 738/738 658/658
f 774/774 739/739 697/697
f 658/658 739/739 776/776
f 777/777 699/699 698/698
f 698/698 738/738 778/778
f 741/741 740/740 660/660
f 663/663 740/740 742/742
f 741/741 699/699 779/779
f 661/661 742/742 780/780
f 743/743 661/661 781/781
f 745/745 665/665 744/744
f 724/724 700/700 745/745
f 745/745 744/744 702/702
f 745/745 702/702 703/703
f 703/703 718/718 782/782
f 718/718 666/666 719/719
f 756/756 719/719 669/669
f 4828/5326 783/783 667/667
f 4827/5327 4828/5326 667/667
f 667/667 783/783 746/746
f 669/669 747/747 757/757
f 704/704 749/749 747/747
f 784/784 705/705 746/746
f 749/749 633/633 748/748
f 748/748 705/705 759/759
f 785/785 706/706 750/750
f 707/707 706/706 786/786
f 707/707 635/635 751/751
f 708/708 787/787 750/750
f 752/752 709/709 788/788
f 753/753 710/710 789/789
f 790/790 710/710 752/752
f 791/791 711/711 753/753
f 714/714 717/717 792/792
f 677/677 754/754 755/755
f 715/715 719/719 756/756
f 679/679 756/756 757/757
f 716/716 757/757 758/758
f 640/640 758/758 759/759
f 717/717 759/759 792/792
f 755/755 782/782 718/718
f 722/722 760/760 793/793
f 761/761 760/760 684/684
f 763/763 761/761 723/723
f 762/762 711/711 794/794
f 763/763 685/685 762/762
f 725/725 724/724 754/754
f 795/795 726/726 764/764
f 796/796 764/764 727/727
f 689/689 765/765 797/797
f 688/688 766/766 765/765
f 770/770 692/692 767/767
f 767/767 689/689 797/797
f 730/730 798/798 728/728
f 728/728 796/796 727/727
f 768/768 799/799 729/729
f 800/800 730/730 729/729
f 801/801 768/768 731/731
f 731/731 769/769 802/802
f 803/803 732/732 770/770
f 769/769 732/732 804/804
f 771/771 805/805 693/693
f 805/805 772/772 693/693
f 772/772 806/806 734/734
f 736/736 734/734 806/806
f 736/736 807/807 735/735
f 735/735 808/808 737/737
f 773/773 737/737 808/808
f 774/774 696/696 773/773
f 809/809 738/738 775/775
f 775/775 658/658 776/776
f 774/774 810/810 739/739
f 739/739 810/810 776/776
f 777/777 779/779 699/699
f 698/698 778/778 777/777
f 811/811 778/778 738/738
f 742/742 740/740 741/741
f 779/779 812/812 741/741
f 781/781 661/661 780/780
f 743/743 781/781 813/813
f 745/745 782/782 724/724
f 782/782 745/745 703/703
f 669/669 757/757 756/756
f 783/783 4829/5328 4830/5329
f 4831/5330 746/746 783/783
f 4830/5331 4831/5330 783/783
f 747/747 814/814 757/757
f 749/749 814/814 747/747
f 815/815 784/784 746/746
f 759/759 705/705 784/784
f 814/814 749/749 748/748
f 758/758 748/748 759/759
f 750/750 816/816 785/785
f 706/706 785/785 817/817
f 786/786 818/818 707/707
f 706/706 817/817 786/786
f 819/819 635/635 707/707
f 708/708 820/820 787/787
f 750/750 787/787 821/821
f 752/752 788/788 822/822
f 709/709 823/823 788/788
f 753/753 789/789 791/791
f 790/790 789/789 710/710
f 790/790 752/752 824/824
f 711/711 791/791 794/794
f 782/782 755/755 754/754
f 757/757 814/814 758/758
f 761/761 793/793 760/760
f 761/761 763/763 825/825
f 791/791 762/762 794/794
f 762/762 826/826 763/763
f 754/754 724/724 782/782
f 827/827 795/795 764/764
f 796/796 828/828 764/764
f 765/765 829/829 797/797
f 829/829 765/765 766/766
f 767/767 830/830 770/770
f 767/767 797/797 831/831
f 800/800 798/798 730/730
f 796/796 728/728 798/798
f 799/799 800/800 729/729
f 799/799 768/768 832/832
f 832/832 768/768 801/801
f 802/802 801/801 731/731
f 833/833 802/802 769/769
f 732/732 803/803 834/834
f 803/803 770/770 835/835
f 804/804 833/833 769/769
f 804/804 732/732 836/836
f 805/805 771/771 837/837
f 838/838 772/772 805/805
f 839/839 806/806 772/772
f 807/807 736/736 806/806
f 735/735 807/807 840/840
f 735/735 840/840 808/808
f 773/773 808/808 841/841
f 773/773 842/842 774/774
f 738/738 809/809 811/811
f 775/775 843/843 809/809
f 776/776 810/810 775/775
f 842/842 810/810 774/774
f 777/777 844/844 779/779
f 777/777 778/778 845/845
f 846/846 778/778 811/811
f 847/847 742/742 741/741
f 779/779 844/844 812/812
f 812/812 847/847 741/741
f 848/848 781/781 780/780
f 849/849 743/743 813/813
f 848/848 813/813 781/781
f 4832/5332 815/815 746/746
f 4831/5333 4832/5332 746/746
f 748/748 758/758 814/814
f 816/816 850/850 785/785
f 821/821 816/816 750/750
f 785/785 850/850 817/817
f 819/819 707/707 818/818
f 786/786 851/851 818/818
f 786/786 817/817 851/851
f 852/852 635/635 819/819
f 708/708 853/853 820/820
f 820/820 854/854 787/787
f 855/855 821/821 787/787
f 822/822 788/788 856/856
f 824/824 752/752 822/822
f 709/709 857/857 823/823
f 788/788 823/823 856/856
f 790/790 791/791 789/789
f 790/790 824/824 791/791
f 825/825 793/793 761/761
f 763/763 826/826 825/825
f 858/858 762/762 791/791
f 859/859 826/826 762/762
f 827/827 764/764 828/828
f 798/798 828/828 796/796
f 829/829 831/831 797/797
f 831/831 830/830 767/767
f 860/860 770/770 830/830
f 861/861 798/798 800/800
f 799/799 862/862 800/800
f 863/863 799/799 832/832
f 832/832 801/801 864/864
f 802/802 865/865 801/801
f 802/802 833/833 865/865
f 834/834 803/803 866/866
f 836/836 732/732 834/834
f 867/867 835/835 770/770
f 868/868 803/803 835/835
f 804/804 869/869 833/833
f 869/869 804/804 836/836
f 870/870 805/805 837/837
f 870/870 838/838 805/805
f 839/839 772/772 838/838
f 807/807 806/806 839/839
f 871/871 840/840 807/807
f 872/872 808/808 840/840
f 841/841 808/808 872/872
f 873/873 773/773 841/841
f 842/842 773/773 873/873
f 811/811 809/809 874/874
f 809/809 843/843 874/874
f 775/775 810/810 843/843
f 810/810 842/842 875/875
f 844/844 777/777 876/876
f 876/876 777/777 845/845
f 845/845 778/778 846/846
f 846/846 811/811 874/874
f 813/813 848/848 849/849
f 816/816 877/877 850/850
f 878/878 816/816 821/821
f 850/850 879/879 817/817
f 818/818 880/880 819/819
f 818/818 851/851 856/856
f 879/879 851/851 817/817
f 857/857 852/852 819/819
f 820/820 853/853 881/881
f 820/820 882/882 854/854
f 787/787 854/854 855/855
f 855/855 883/883 821/821
f 822/822 856/856 884/884
f 885/885 824/824 822/822
f 823/823 857/857 880/880
f 857/857 709/709 852/852
f 856/856 823/823 880/880
f 824/824 858/858 791/791
f 858/858 859/859 762/762
f 886/886 826/826 859/859
f 828/828 887/887 827/827
f 798/798 888/888 828/828
f 889/889 770/770 860/860
f 798/798 861/861 888/888
f 800/800 862/862 861/861
f 862/862 799/799 890/890
f 890/890 799/799 863/863
f 863/863 832/832 891/891
f 865/865 864/864 801/801
f 892/892 832/832 864/864
f 893/893 865/865 833/833
f 866/866 894/894 834/834
f 803/803 868/868 866/866
f 836/836 834/834 894/894
f 867/867 895/895 835/835
f 770/770 896/896 867/867
f 895/895 868/868 835/835
f 833/833 869/869 893/893
f 897/897 869/869 836/836
f 837/837 898/898 870/870
f 899/899 838/838 870/870
f 900/900 839/839 838/838
f 900/900 807/807 839/839
f 871/871 872/872 840/840
f 807/807 901/901 871/871
f 872/872 902/902 841/841
f 841/841 903/903 873/873
f 904/904 842/842 873/873
f 843/843 905/905 874/874
f 843/843 810/810 905/905
f 906/906 875/875 842/842
f 810/810 875/875 905/905
f 846/846 876/876 845/845
f 877/877 816/816 878/878
f 877/877 907/907 850/850
f 878/878 821/821 883/883
f 850/850 907/907 879/879
f 857/857 819/819 880/880
f 856/856 880/880 818/818
f 856/856 851/851 879/879
f 881/881 853/853 908/908
f 820/820 881/881 882/882
f 854/854 882/882 855/855
f 855/855 882/882 883/883
f 884/884 856/856 879/879
f 885/885 822/822 884/884
f 885/885 909/909 824/824
f 909/909 858/858 824/824
f 910/910 859/859 858/858
f 910/910 886/886 859/859
f 828/828 888/888 887/887
f 770/770 889/889 896/896
f 860/860 911/911 889/889
f 888/888 861/861 912/912
f 861/861 862/862 913/913
f 914/914 862/862 890/890
f 914/914 890/890 863/863
f 891/891 915/915 863/863
f 832/832 892/892 891/891
f 865/865 892/892 864/864
f 893/893 916/916 865/865
f 897/897 894/894 866/866
f 917/917 866/866 868/868
f 836/836 894/894 897/897
f 868/868 895/895 867/867
f 896/896 918/918 867/867
f 897/897 893/893 869/869
f 919/919 898/898 837/837
f 920/920 870/870 898/898
f 920/920 899/899 870/870
f 921/921 838/838 899/899
f 921/921 900/900 838/838
f 807/807 900/900 922/922
f 923/923 872/872 871/871
f 922/922 901/901 807/807
f 871/871 901/901 924/924
f 903/903 841/841 902/902
f 902/902 872/872 925/925
f 903/903 926/926 873/873
f 842/842 904/904 927/927
f 873/873 926/926 904/904
f 906/906 842/842 927/927
f 875/875 906/906 928/928
f 877/877 878/878 907/907
f 929/929 878/878 883/883
f 879/879 907/907 930/930
f 930/930 884/884 879/879
f 930/930 885/885 884/884
f 885/885 930/930 909/909
f 858/858 909/909 931/931
f 932/932 910/910 858/858
f 933/933 887/887 888/888
f 889/889 934/934 896/896
f 934/934 889/889 911/911
f 933/933 888/888 912/912
f 861/861 913/913 912/912
f 862/862 914/914 913/913
f 863/863 935/935 914/914
f 892/892 915/915 891/891
f 935/935 863/863 915/915
f 892/892 865/865 916/916
f 916/916 893/893 936/936
f 937/937 897/897 866/866
f 917/917 937/937 866/866
f 868/868 938/938 917/917
f 938/938 868/868 867/867
f 934/934 918/918 896/896
f 867/867 918/918 938/938
f 893/893 897/897 939/939
f 919/919 920/920 898/898
f 920/920 921/921 899/899
f 940/940 900/900 921/921
f 900/900 940/940 922/922
f 924/924 923/923 871/871
f 925/925 872/872 923/923
f 941/941 901/901 922/922
f 924/924 901/901 942/942
f 902/902 943/943 903/903
f 943/943 902/902 925/925
f 903/903 943/943 926/926
f 904/904 944/944 927/927
f 904/904 926/926 944/944
f 906/906 927/927 928/928
f 929/929 907/907 878/878
f 929/929 883/883 945/945
f 946/946 930/930 907/907
f 930/930 947/947 909/909
f 909/909 948/948 931/931
f 932/932 858/858 931/931
f 949/949 887/887 933/933
f 950/950 934/934 911/911
f 912/912 913/913 933/933
f 913/913 914/914 949/949
f 935/935 949/949 914/914
f 951/951 915/915 892/892
f 915/915 949/949 935/935
f 892/892 916/916 951/951
f 939/939 936/936 893/893
f 916/916 936/936 951/951
f 897/897 937/937 939/939
f 917/917 952/952 937/937
f 938/938 952/952 917/917
f 934/934 953/953 918/918
f 918/918 953/953 938/938
f 954/954 920/920 919/919
f 921/921 920/920 940/940
f 922/922 940/940 941/941
f 923/923 924/924 955/955
f 923/923 955/955 925/925
f 901/901 941/941 942/942
f 942/942 955/955 924/924
f 925/925 956/956 943/943
f 957/957 926/926 943/943
f 928/928 927/927 944/944
f 957/957 944/944 926/926
f 958/958 907/907 929/929
f 929/929 945/945 959/959
f 960/960 930/930 946/946
f 907/907 958/958 946/946
f 960/960 947/947 930/930
f 947/947 961/961 909/909
f 962/962 931/931 948/948
f 963/963 948/948 909/909
f 932/932 931/931 962/962
f 949/949 933/933 913/913
f 953/953 934/934 950/950
f 964/964 950/950 911/911
f 965/965 936/936 939/939
f 937/937 952/952 939/939
f 938/938 966/966 952/952
f 966/966 938/938 953/953
f 940/940 920/920 954/954
f 940/940 967/967 941/941
f 955/955 956/956 925/925
f 941/941 968/968 942/942
f 955/955 942/942 969/969
f 956/956 970/970 943/943
f 943/943 971/971 957/957
f 972/972 944/944 957/957
f 959/959 958/958 929/929
f 959/959 945/945 973/973
f 958/958 960/960 946/946
f 974/974 947/947 960/960
f 961/961 947/947 975/975
f 909/909 961/961 963/963
f 948/948 976/976 962/962
f 963/963 976/976 948/948
f 950/950 977/977 953/953
f 978/978 950/950 964/964
f 939/939 979/979 965/965
f 952/952 979/979 939/939
f 952/952 966/966 979/979
f 966/966 953/953 980/980
f 954/954 967/967 940/940
f 967/967 981/981 941/941
f 955/955 969/969 956/956
f 981/981 968/968 941/941
f 942/942 968/968 969/969
f 956/956 969/969 970/970
f 943/943 970/970 971/971
f 957/957 971/971 972/972
f 982/982 958/958 959/959
f 982/982 959/959 973/973
f 974/974 960/960 958/958
f 961/961 975/975 963/963
f 976/976 963/963 975/975
f 950/950 978/978 977/977
f 980/980 953/953 977/977
f 983/983 965/965 979/979
f 966/966 984/984 979/979
f 980/980 984/984 966/966
f 981/981 967/967 985/985
f 968/968 981/981 986/986
f 968/968 987/987 969/969
f 969/969 988/988 970/970
f 974/974 958/958 982/982
f 978/978 980/980 977/977
f 979/979 984/984 983/983
f 989/989 984/984 980/980
f 986/986 981/981 985/985
f 987/987 968/968 986/986
f 969/969 987/987 988/988
f 989/989 980/980 978/978
f 984/984 990/990 983/983
f 984/984 989/989 990/990
f 986/986 988/988 987/987
f 988/991 991/992 992/993
f 988/991 986/994 991/992
f 993/995 992/993 991/992
f 992/993 970/996 988/991
f 993/995 991/992 986/994
f 992/993 993/995 994/997
f 970/996 992/993 995/998
f 986/994 985/999 993/995
f 995/998 992/993 994/997
f 996/1000 994/997 993/995
f 997/1001 970/996 995/998
f 998/1002 993/995 985/999
f 994/997 999/1003 995/998
f 996/1000 999/1003 994/997
f 996/1000 993/995 998/1002
f 995/998 1000/1004 997/1001
f 997/1001 971/1005 970/996
f 998/1002 985/999 967/1006
f 995/998 999/1003 1001/1007
f 996/1000 1002/1008 999/1003
f 996/1000 998/1002 1003/1009
f 997/1001 1000/1004 1004/1010
f 1000/1004 995/998 1001/1007
f 1005/1011 971/1005 997/1001
f 954/1012 998/1002 967/1006
f 1001/1007 999/1003 1002/1008
f 996/1000 1003/1009 1002/1008
f 1003/1009 998/1002 1006/1013
f 1004/1010 1005/1011 997/1001
f 1004/1010 1000/1004 1007/1014
f 1000/1004 1001/1007 1008/1015
f 1005/1011 1009/1016 971/1005
f 1006/1013 998/1002 954/1012
f 1001/1007 1002/1008 1010/1017
f 1011/1018 1002/1008 1003/1009
f 1011/1018 1003/1009 1006/1013
f 1004/1010 1009/1016 1005/1011
f 1007/1014 1000/1004 1012/1019
f 1013/1020 1004/1010 1007/1014
f 1008/1015 1012/1019 1000/1004
f 1010/1017 1008/1015 1001/1007
f 1009/1016 972/1021 971/1005
f 919/1022 1006/1013 954/1012
f 1014/1023 1010/1017 1002/1008
f 1015/1024 1002/1008 1011/1018
f 1016/1025 1011/1018 1006/1013
f 1009/1016 1004/1010 1013/1020
f 1012/1019 1017/1026 1007/1014
f 1018/1027 1013/1020 1007/1014
f 1010/1017 1012/1019 1008/1015
f 972/1021 1009/1016 1019/1028
f 919/1022 1020/1029 1006/1013
f 1010/1017 1014/1023 1021/1030
f 1002/1008 1015/1024 1014/1023
f 1015/1024 1011/1018 1022/1031
f 1022/1031 1011/1018 1016/1025
f 1006/1013 1023/1032 1016/1025
f 1024/1033 1009/1016 1013/1020
f 1017/1026 1025/1034 1007/1014
f 1017/1026 1012/1019 1026/1035
f 1018/1027 1027/1036 1013/1020
f 1007/1014 1025/1034 1018/1027
f 1010/1017 1028/1037 1012/1019
f 1029/1038 972/1021 1019/1028
f 1009/1016 1024/1033 1019/1028
f 919/1022 1030/1039 1020/1029
f 1006/1013 1020/1029 1023/1032
f 1028/1037 1010/1017 1021/1030
f 1031/1040 1021/1030 1014/1023
f 1032/1041 1014/1023 1015/1024
f 1033/1042 1015/1024 1022/1031
f 1016/1025 1034/1043 1022/1031
f 1035/1044 1016/1025 1023/1032
f 1024/1033 1013/1020 1027/1036
f 1036/1045 1025/1034 1017/1026
f 1026/1035 1036/1045 1017/1026
f 1012/1019 1028/1037 1026/1035
f 1018/1027 1037/1046 1027/1036
f 1025/1034 1038/1047 1018/1027
f 1039/1048 972/1021 1029/1038
f 1040/1049 1029/1038 1019/1028
f 1041/1050 1019/1028 1024/1033
f 1042/1051 1020/1029 1030/1039
f 1043/1052 1030/1039 919/1022
f 1020/1029 1044/1053 1023/1032
f 1045/1054 1028/1037 1021/1030
f 1031/1040 1045/1054 1021/1030
f 1014/1023 1046/1055 1031/1040
f 1032/1041 1015/1024 1047/1056
f 1014/1023 1032/1041 1048/1057
f 1022/1031 1049/1058 1033/1042
f 1047/1056 1015/1024 1033/1042
f 1034/1043 1016/1025 1050/1059
f 1034/1043 1049/1058 1022/1031
f 1016/1025 1035/1044 1050/1059
f 1035/1044 1023/1032 1051/1060
f 1024/1033 1027/1036 1041/1050
f 1052/1061 1025/1034 1036/1045
f 1036/1045 1026/1035 1053/1062
f 1028/1037 1045/1054 1026/1035
f 1038/1047 1037/1046 1018/1027
f 1054/1063 1027/1036 1037/1046
f 1052/1061 1038/1047 1025/1034
f 1055/1064 1039/1048 1029/1038
f 1056/1065 972/1021 1039/1048
f 1029/1038 1040/1049 1055/1064
f 1019/1028 1041/1050 1040/1049
f 1020/1029 1042/1051 1044/1053
f 1057/1066 1042/1051 1030/1039
f 919/1022 837/1067 1043/1052
f 1057/1066 1030/1039 1043/1052
f 1044/1053 1051/1060 1023/1032
f 1031/1040 1058/1068 1045/1054
f 1059/1069 1046/1055 1014/1023
f 1046/1055 1060/1070 1031/1040
f 1032/1041 1047/1056 1061/1071
f 1059/1069 1014/1023 1048/1057
f 1032/1041 1062/1072 1048/1057
f 1049/1058 1063/1073 1033/1042
f 1064/1074 1047/1056 1033/1042
f 1065/1075 1034/1043 1050/1059
f 1066/1076 1049/1058 1034/1043
f 1050/1059 1035/1044 1067/1077
f 1035/1044 1051/1060 1068/1078
f 1041/1050 1027/1036 1069/1079
f 1070/1080 1052/1061 1036/1045
f 1071/1081 1053/1062 1026/1035
f 1036/1045 1053/1062 1070/1080
f 1026/1035 1045/1054 1071/1081
f 1037/1046 1038/1047 1072/1082
f 1054/1063 1069/1079 1027/1036
f 1054/1063 1037/1046 1072/1082
f 1073/1083 1038/1047 1052/1061
f 1055/1064 1074/1084 1039/1048
f 1074/1084 1056/1065 1039/1048
f 972/1021 1056/1065 944/1085
f 1075/1086 1055/1064 1040/1049
f 1040/1049 1041/1050 1069/1079
f 1044/1053 1042/1051 1076/1087
f 1057/1066 1077/1088 1042/1051
f 1043/1052 837/1067 771/1089
f 771/1089 1057/1066 1043/1052
f 1044/1053 1078/1090 1051/1060
f 1058/1068 1079/1091 1045/1054
f 1031/1040 1060/1070 1058/1068
f 1046/1055 1059/1069 1080/1092
f 1080/1092 1060/1070 1046/1055
f 1061/1071 1047/1056 1081/1093
f 1061/1071 1082/1094 1032/1041
f 1048/1057 1062/1072 1059/1069
f 1082/1094 1062/1072 1032/1041
f 1063/1073 1083/1095 1033/1042
f 1063/1073 1049/1058 1084/1096
f 1064/1074 1081/1093 1047/1056
f 1085/1097 1064/1074 1033/1042
f 1034/1043 1065/1075 1066/1076
f 1050/1059 1086/1098 1065/1075
f 1066/1076 1084/1096 1049/1058
f 1035/1044 1068/1078 1067/1077
f 1067/1077 1087/1099 1050/1059
f 1088/1100 1068/1078 1051/1060
f 1070/1080 1073/1083 1052/1061
f 1079/1091 1053/1062 1071/1081
f 1089/1101 1070/1080 1053/1062
f 1045/1054 1079/1091 1071/1081
f 1038/1047 1073/1083 1072/1082
f 1069/1079 1054/1063 1090/1102
f 1072/1082 1090/1102 1054/1063
f 1055/1064 1091/1103 1074/1084
f 1056/1065 1074/1084 928/1104
f 944/1085 1056/1065 928/1104
f 1092/1105 1075/1086 1040/1049
f 1055/1064 1075/1086 1091/1103
f 1040/1049 1069/1079 1092/1105
f 1076/1087 1042/1051 1077/1088
f 1076/1087 1093/1106 1044/1053
f 733/1107 1077/1088 1057/1066
f 771/1089 733/1107 1057/1066
f 1044/1053 1093/1106 1078/1090
f 1078/1090 1088/1100 1051/1060
f 1094/1108 1079/1091 1058/1068
f 1095/1109 1058/1068 1060/1070
f 1080/1092 1059/1069 1096/1110
f 1060/1070 1080/1092 1096/1110
f 1081/1093 1097/1111 1061/1071
f 1097/1111 1082/1094 1061/1071
f 1098/1112 1059/1069 1062/1072
f 1062/1072 1082/1094 1099/1113
f 1083/1095 1085/1097 1033/1042
f 1063/1073 1100/1114 1083/1095
f 1084/1096 1101/1115 1063/1073
f 1064/1074 1102/1116 1081/1093
f 1103/1117 1064/1074 1085/1097
f 1066/1076 1065/1075 1104/1118
f 1065/1075 1086/1098 1105/1119
f 1087/1099 1086/1098 1050/1059
f 1066/1076 1104/1118 1084/1096
f 1068/1078 1106/1120 1067/1077
f 1067/1077 1107/1121 1087/1099
f 1068/1078 1088/1100 1106/1120
f 1073/1083 1070/1080 1108/1122
f 1089/1101 1053/1062 1079/1091
f 1070/1080 1089/1101 1108/1122
f 1073/1083 1109/1123 1072/1082
f 1090/1102 1110/1124 1069/1079
f 1072/1082 1111/1125 1090/1102
f 1091/1103 1112/1126 1074/1084
f 928/1104 1074/1084 1113/1127
f 1092/1105 1114/1128 1075/1086
f 1091/1103 1075/1086 1114/1128
f 1069/1079 1110/1124 1092/1105
f 655/1129 1076/1087 1077/1088
f 1115/1130 1093/1106 1076/1087
f 733/1107 655/1129 1077/1088
f 1093/1106 1088/1100 1078/1090
f 1095/1109 1094/1108 1058/1068
f 1116/1131 1079/1091 1094/1108
f 1095/1109 1060/1070 1117/1132
f 1059/1069 1098/1112 1096/1110
f 1118/1133 1060/1070 1096/1110
f 1097/1111 1081/1093 1119/1134
f 1097/1111 1120/1135 1082/1094
f 1121/1136 1098/1112 1062/1072
f 1082/1094 1120/1135 1099/1113
f 1121/1136 1062/1072 1099/1113
f 1083/1095 1103/1117 1085/1097
f 1101/1115 1100/1114 1063/1073
f 1083/1095 1100/1114 1122/1137
f 1101/1115 1084/1096 1123/1138
f 1124/1139 1102/1116 1064/1074
f 1081/1093 1102/1116 1119/1134
f 1064/1074 1103/1117 1124/1139
f 1065/1075 1125/1140 1104/1118
f 1126/1141 1105/1119 1086/1098
f 1105/1119 1125/1140 1065/1075
f 1087/1099 1127/1142 1086/1098
f 1084/1096 1104/1118 1128/1143
f 1067/1077 1106/1120 1129/1144
f 1087/1099 1107/1121 1127/1142
f 1067/1077 1130/1145 1107/1121
f 1106/1120 1088/1100 1093/1106
f 1131/1146 1073/1083 1108/1122
f 1089/1101 1079/1091 1132/1147
f 1133/1148 1108/1122 1089/1101
f 1072/1082 1109/1123 1111/1125
f 1073/1083 1134/1149 1109/1123
f 1110/1124 1090/1102 1135/1150
f 1136/1151 1090/1102 1111/1125
f 1091/1103 1137/1152 1112/1126
f 1074/1084 1112/1126 1113/1127
f 928/1104 1113/1127 875/1153
f 1114/1128 1092/1105 1138/1154
f 1139/1155 1091/1103 1114/1128
f 1092/1105 1110/1124 1140/1156
f 655/1129 1115/1130 1076/1087
f 1141/1157 1093/1106 1115/1130
f 1094/1108 1095/1109 1142/1158
f 1116/1131 1143/1159 1079/1091
f 1094/1108 1144/1160 1116/1131
f 1145/1161 1095/1109 1117/1132
f 1117/1132 1060/1070 1118/1133
f 1096/1110 1098/1112 1146/1162
f 1147/1163 1118/1133 1096/1110
f 1119/1134 1148/1164 1097/1111
f 1149/1165 1120/1135 1097/1111
f 1098/1112 1121/1136 1150/1166
f 1099/1113 1120/1135 1151/1167
f 1151/1167 1121/1136 1099/1113
f 1103/1117 1083/1095 1122/1137
f 1100/1114 1101/1115 1152/1168
f 1122/1137 1100/1114 1152/1168
f 1101/1115 1123/1138 1152/1168
f 1084/1096 1128/1143 1123/1138
f 1102/1116 1124/1139 1153/1169
f 1119/1134 1102/1116 1153/1169
f 1124/1139 1103/1117 1153/1169
f 1128/1143 1104/1118 1125/1140
f 1154/1170 1105/1119 1126/1141
f 1126/1141 1086/1098 1155/1171
f 1125/1140 1105/1119 1156/1172
f 1155/1171 1086/1098 1127/1142
f 1106/1120 1141/1157 1129/1144
f 1129/1144 1130/1145 1067/1077
f 1127/1142 1107/1121 1157/1173
f 1157/1173 1107/1121 1130/1145
f 1093/1106 1141/1157 1106/1120
f 1134/1149 1073/1083 1131/1146
f 1108/1122 1158/1174 1131/1146
f 1132/1147 1079/1091 1159/1175
f 1132/1147 1160/1176 1089/1101
f 1133/1148 1158/1174 1108/1122
f 1161/1177 1133/1148 1089/1101
f 1111/1125 1109/1123 1162/1178
f 1162/1178 1109/1123 1134/1149
f 1135/1150 1090/1102 1136/1151
f 1110/1124 1135/1150 1163/1179
f 1164/1180 1136/1151 1111/1125
f 1137/1152 1091/1103 1139/1155
f 1165/1181 1112/1126 1137/1152
f 1165/1181 1113/1127 1112/1126
f 1165/1181 875/1153 1113/1127
f 1140/1156 1138/1154 1092/1105
f 1114/1128 1138/1154 1166/1182
f 1167/1183 1139/1155 1114/1128
f 1140/1156 1110/1124 1168/1184
f 655/1129 586/1185 1115/1130
f 1141/1157 1115/1130 1169/1186
f 1170/1187 1142/1158 1095/1109
f 1142/1158 1144/1160 1094/1108
f 1171/1188 1143/1159 1116/1131
f 1079/1091 1143/1159 1159/1175
f 1116/1131 1144/1160 1172/1189
f 1095/1109 1145/1161 1170/1187
f 1173/1190 1145/1161 1117/1132
f 1118/1133 1173/1190 1117/1132
f 1098/1112 1150/1166 1146/1162
f 1147/1163 1096/1110 1146/1162
f 1118/1133 1147/1163 1174/1191
f 1119/1134 1153/1169 1148/1164
f 1149/1165 1097/1111 1148/1164
f 1151/1167 1120/1135 1149/1165
f 1121/1136 1175/1192 1150/1166
f 1176/1193 1121/1136 1151/1167
f 1122/1137 1153/1169 1103/1117
f 1122/1137 1152/1168 1177/1194
f 1152/1168 1123/1138 1178/1195
f 1179/1196 1123/1138 1128/1143
f 1180/1197 1128/1143 1125/1140
f 1105/1119 1154/1170 1156/1172
f 1126/1141 1181/1198 1154/1170
f 1126/1141 1155/1171 1182/1199
f 1156/1172 1180/1197 1125/1140
f 1127/1142 1183/1200 1155/1171
f 1141/1157 1184/1201 1129/1144
f 1185/1202 1130/1145 1129/1144
f 1157/1173 1186/1203 1127/1142
f 1157/1173 1130/1145 1187/1204
f 1134/1149 1131/1146 1188/1205
f 1158/1174 1188/1205 1131/1146
f 1159/1175 1189/1206 1132/1147
f 1132/1147 1190/1207 1160/1176
f 1160/1176 1161/1177 1089/1101
f 1133/1148 1191/1208 1158/1174
f 1161/1177 1192/1209 1133/1148
f 1164/1180 1111/1125 1162/1178
f 1134/1149 1188/1205 1162/1178
f 1136/1151 1193/1210 1135/1150
f 1194/1211 1110/1124 1163/1179
f 1163/1179 1135/1150 1195/1212
f 1164/1180 1196/1213 1136/1151
f 1139/1155 1197/1214 1137/1152
f 1197/1214 1165/1181 1137/1152
f 875/1153 1165/1181 905/1215
f 1138/1154 1140/1156 1198/1216
f 1138/1154 1199/1217 1166/1182
f 1114/1128 1166/1182 1167/1183
f 1167/1183 1197/1214 1139/1155
f 1194/1211 1168/1184 1110/1124
f 1168/1184 1200/1218 1140/1156
f 1115/1130 586/1185 1169/1186
f 1201/1219 1141/1157 1169/1186
f 1202/1220 1142/1158 1170/1187
f 1202/1220 1144/1160 1142/1158
f 1203/1221 1143/1159 1171/1188
f 1171/1188 1116/1131 1172/1189
f 1143/1159 1203/1221 1159/1175
f 1172/1189 1144/1160 1204/1222
f 1174/1191 1170/1187 1145/1161
f 1145/1161 1173/1190 1205/1223
f 1174/1191 1173/1190 1118/1133
f 1150/1166 1147/1163 1146/1162
f 1174/1191 1147/1163 1206/1224
f 1148/1164 1153/1169 1207/1225
f 1149/1165 1148/1164 1208/1226
f 1149/1165 1208/1226 1151/1167
f 1175/1192 1121/1136 1176/1193
f 1150/1166 1175/1192 1209/1227
f 1176/1193 1151/1167 1208/1226
f 1122/1137 1210/1228 1153/1169
f 1122/1137 1177/1194 1210/1228
f 1177/1194 1152/1168 1178/1195
f 1178/1195 1123/1138 1179/1196
f 1179/1196 1128/1143 1180/1197
f 1211/1229 1156/1172 1154/1170
f 1212/1230 1154/1170 1181/1198
f 1181/1198 1126/1141 1182/1199
f 1182/1199 1155/1171 1183/1200
f 1213/1231 1180/1197 1156/1172
f 1183/1200 1127/1142 1214/1232
f 1129/1144 1184/1201 1185/1202
f 1184/1201 1141/1157 1201/1219
f 1185/1202 1187/1204 1130/1145
f 1127/1142 1186/1203 1215/1233
f 1186/1203 1157/1173 1216/1234
f 1216/1234 1157/1173 1187/1204
f 1217/1235 1188/1205 1158/1174
f 1189/1206 1159/1175 1218/1236
f 1189/1206 1190/1207 1132/1147
f 1190/1207 1219/1237 1160/1176
f 1161/1177 1160/1176 1219/1237
f 1191/1208 1133/1148 1192/1209
f 1191/1208 1217/1235 1158/1174
f 1220/1238 1192/1209 1161/1177
f 1221/1239 1164/1180 1162/1178
f 1162/1178 1188/1205 1217/1235
f 1193/1210 1195/1212 1135/1150
f 1196/1213 1193/1210 1136/1151
f 1163/1179 1222/1240 1194/1211
f 1195/1212 1223/1241 1163/1179
f 1196/1213 1164/1180 1221/1239
f 1224/1242 1165/1181 1197/1214
f 905/1215 1165/1181 1225/1243
f 1198/1216 1199/1217 1138/1154
f 1226/1244 1198/1216 1140/1156
f 1199/1217 1167/1183 1166/1182
f 1197/1214 1167/1183 1227/1245
f 1194/1211 1200/1218 1168/1184
f 1140/1156 1200/1218 1228/1246
f 1169/1186 586/1185 491/1247
f 491/1247 1201/1219 1169/1186
f 1229/1248 1202/1220 1170/1187
f 1144/1160 1202/1220 1204/1222
f 1203/1221 1171/1188 1230/1249
f 1203/1221 1218/1236 1159/1175
f 1229/1248 1170/1187 1174/1191
f 1145/1161 1205/1223 1174/1191
f 1205/1223 1173/1190 1174/1191
f 1147/1163 1150/1166 1209/1227
f 1174/1191 1206/1224 1229/1248
f 1147/1163 1209/1227 1206/1224
f 1210/1228 1207/1225 1153/1169
f 1148/1164 1207/1225 1231/1250
f 1148/1164 1231/1250 1208/1226
f 1209/1227 1175/1192 1176/1193
f 1232/1251 1176/1193 1208/1226
f 1233/1252 1210/1228 1177/1194
f 1178/1195 1234/1253 1177/1194
f 1235/1254 1178/1195 1179/1196
f 1236/1255 1179/1196 1180/1197
f 1212/1230 1211/1229 1154/1170
f 1156/1172 1211/1229 1237/1256
f 1238/1257 1212/1230 1181/1198
f 1238/1257 1181/1198 1182/1199
f 1183/1200 1239/1258 1182/1199
f 1156/1172 1237/1256 1213/1231
f 1240/1259 1180/1197 1213/1231
f 1127/1142 1215/1233 1214/1232
f 1241/1260 1183/1200 1214/1232
f 1184/1201 1187/1204 1185/1202
f 1242/1261 1184/1201 1201/1219
f 1186/1203 1243/1262 1215/1233
f 1243/1262 1186/1203 1216/1234
f 1187/1204 400/1263 1216/1234
f 1189/1206 1218/1236 1244/1264
f 1190/1207 1189/1206 1245/1265
f 1190/1207 1246/1266 1219/1237
f 1247/1267 1161/1177 1219/1237
f 1192/1209 1248/1268 1191/1208
f 1249/1269 1217/1235 1191/1208
f 1220/1238 1250/1270 1192/1209
f 1220/1238 1161/1177 1247/1267
f 1217/1235 1221/1239 1162/1178
f 1251/1271 1195/1212 1193/1210
f 1251/1271 1193/1210 1196/1213
f 1223/1241 1222/1240 1163/1179
f 1252/1272 1194/1211 1222/1240
f 1223/1241 1195/1212 1253/1273
f 1254/1274 1196/1213 1221/1239
f 1224/1242 1197/1214 1255/1275
f 1256/1276 1165/1181 1224/1242
f 1257/1277 905/1215 1225/1243
f 1256/1276 1225/1243 1165/1181
f 1199/1217 1198/1216 1227/1245
f 1198/1216 1226/1244 1227/1245
f 1226/1244 1140/1156 1228/1246
f 1227/1245 1167/1183 1199/1217
f 1227/1245 1255/1275 1197/1214
f 1194/1211 1258/1278 1200/1218
f 1259/1279 1228/1246 1200/1218
f 1201/1219 491/1247 425/1280
f 1229/1248 1204/1222 1202/1220
f 1230/1249 1218/1236 1203/1221
f 1260/1281 1229/1248 1206/1224
f 1206/1224 1209/1227 1260/1281
f 1207/1225 1210/1228 1261/1282
f 1262/1283 1231/1250 1207/1225
f 1208/1226 1231/1250 1263/1284
f 1176/1193 1264/1285 1209/1227
f 1208/1226 1263/1284 1232/1251
f 1176/1193 1232/1251 1264/1285
f 1233/1252 1261/1282 1210/1228
f 1233/1252 1177/1194 1265/1286
f 1235/1254 1234/1253 1178/1195
f 1234/1253 1266/1287 1177/1194
f 1179/1196 1267/1288 1235/1254
f 1180/1197 1240/1259 1236/1255
f 1267/1288 1179/1196 1236/1255
f 1211/1229 1212/1230 1268/1289
f 1211/1229 1269/1290 1237/1256
f 1268/1289 1212/1230 1238/1257
f 1182/1199 1239/1258 1238/1257
f 1270/1291 1239/1258 1183/1200
f 1237/1256 1271/1292 1213/1231
f 1213/1231 1272/1293 1240/1259
f 1215/1233 1241/1260 1214/1232
f 1183/1200 1241/1260 1273/1294
f 1187/1204 1184/1201 1242/1261
f 1201/1219 425/1280 1242/1261
f 1241/1260 1215/1233 1243/1262
f 1216/1234 1274/1295 1243/1262
f 1242/1261 400/1263 1187/1204
f 400/1263 1274/1295 1216/1234
f 1189/1206 1244/1264 1245/1265
f 1244/1264 1218/1236 1275/1296
f 1246/1266 1190/1207 1245/1265
f 1276/1297 1219/1237 1246/1266
f 1247/1267 1219/1237 1277/1298
f 1191/1208 1248/1268 1249/1269
f 1192/1209 1250/1270 1248/1268
f 1278/1299 1217/1235 1249/1269
f 1279/1300 1250/1270 1220/1238
f 1277/1298 1220/1238 1247/1267
f 1217/1235 1278/1299 1221/1239
f 1280/1301 1195/1212 1251/1271
f 1196/1213 1254/1274 1251/1271
f 1222/1240 1223/1241 1281/1302
f 1194/1211 1252/1272 1258/1278
f 1222/1240 1282/1303 1252/1272
f 1280/1301 1253/1273 1195/1212
f 1223/1241 1253/1273 1283/1304
f 1221/1239 1284/1305 1254/1274
f 1285/1306 1224/1242 1255/1275
f 1285/1306 1256/1276 1224/1242
f 1257/1277 1225/1243 1286/1307
f 874/1308 905/1215 1257/1277
f 1286/1307 1225/1243 1256/1276
f 1226/1244 1287/1309 1227/1245
f 1228/1246 1288/1310 1226/1244
f 1285/1306 1255/1275 1227/1245
f 1258/1278 1289/1311 1200/1218
f 1228/1246 1259/1279 1288/1310
f 1290/1312 1259/1279 1200/1218
f 1291/1313 1204/1222 1229/1248
f 1292/1314 1218/1236 1230/1249
f 1229/1248 1260/1281 1291/1313
f 1260/1281 1209/1227 1264/1285
f 1261/1282 1293/1315 1207/1225
f 1231/1250 1262/1283 1232/1251
f 1293/1315 1262/1283 1207/1225
f 1231/1250 1232/1251 1263/1284
f 1294/1316 1264/1285 1232/1251
f 1261/1282 1233/1252 1295/1317
f 1265/1286 1177/1194 1266/1287
f 1233/1252 1265/1286 1295/1317
f 1234/1253 1235/1254 1296/1318
f 1297/1319 1266/1287 1234/1253
f 1235/1254 1267/1288 1298/1320
f 1240/1259 1299/1321 1236/1255
f 1236/1255 1299/1321 1267/1288
f 1300/1322 1211/1229 1268/1289
f 1237/1256 1269/1290 1271/1292
f 1300/1322 1269/1290 1211/1229
f 1268/1289 1238/1257 1239/1258
f 1268/1289 1239/1258 1270/1291
f 1270/1291 1183/1200 1273/1294
f 1271/1292 1301/1323 1213/1231
f 1301/1323 1240/1259 1272/1293
f 1301/1323 1272/1293 1213/1231
f 1302/1324 1273/1294 1241/1260
f 400/1263 1242/1261 425/1280
f 1303/1325 1241/1260 1243/1262
f 1303/1325 1243/1262 1274/1295
f 400/1263 304/1326 1274/1295
f 1245/1265 1244/1264 1304/1327
f 1275/1296 1218/1236 1292/1314
f 1244/1264 1275/1296 1304/1327
f 1276/1297 1277/1298 1219/1237
f 1246/1266 1305/1328 1276/1297
f 1306/1329 1249/1269 1248/1268
f 1306/1329 1248/1268 1250/1270
f 1307/1330 1278/1299 1249/1269
f 1279/1300 1308/1331 1250/1270
f 1279/1300 1220/1238 1309/1332
f 1220/1238 1277/1298 1309/1332
f 1278/1299 1284/1305 1221/1239
f 1310/1333 1280/1301 1251/1271
f 1251/1271 1254/1274 1311/1334
f 1281/1302 1282/1303 1222/1240
f 1312/1335 1281/1302 1223/1241
f 1258/1278 1252/1272 1313/1336
f 1252/1272 1282/1303 1313/1336
f 1314/1337 1253/1273 1280/1301
f 1315/1338 1223/1241 1283/1304
f 1283/1304 1253/1273 1316/1339
f 1311/1334 1254/1274 1284/1305
f 1317/1340 1256/1276 1285/1306
f 1286/1307 1318/1341 1257/1277
f 846/1342 874/1308 1257/1277
f 1317/1340 1286/1307 1256/1276
f 1319/1343 1287/1309 1226/1244
f 1227/1245 1287/1309 1285/1306
f 1288/1310 1319/1343 1226/1244
f 1289/1311 1258/1278 1320/1344
f 1289/1311 1290/1312 1200/1218
f 1259/1279 1321/1345 1288/1310
f 1290/1312 1321/1345 1259/1279
f 1230/1249 1322/1346 1292/1314
f 1323/1347 1291/1313 1260/1281
f 1260/1281 1264/1285 1323/1347
f 1293/1315 1261/1282 1324/1348
f 1262/1283 1325/1349 1232/1251
f 1325/1349 1262/1283 1293/1315
f 1294/1316 1326/1350 1264/1285
f 1325/1349 1294/1316 1232/1251
f 1295/1317 1324/1348 1261/1282
f 1266/1287 1327/1351 1265/1286
f 1295/1317 1265/1286 1328/1352
f 1296/1318 1235/1254 1298/1320
f 1234/1253 1296/1318 1297/1319
f 1297/1319 1327/1351 1266/1287
f 1299/1321 1298/1320 1267/1288
f 1329/1353 1299/1321 1240/1259
f 1300/1322 1268/1289 1330/1354
f 1269/1290 1331/1355 1271/1292
f 1330/1354 1269/1290 1300/1322
f 1332/1356 1268/1289 1270/1291
f 1273/1294 1333/1357 1270/1291
f 1301/1323 1271/1292 1334/1358
f 1240/1259 1301/1323 1329/1353
f 1302/1324 1333/1357 1273/1294
f 1302/1324 1241/1260 1303/1325
f 1274/1295 1335/1359 1303/1325
f 1274/1295 304/1326 1336/1360
f 1337/1361 1275/1296 1292/1314
f 1304/1327 1275/1296 1337/1361
f 1305/1328 1277/1298 1276/1297
f 1307/1330 1249/1269 1306/1329
f 1308/1331 1306/1329 1250/1270
f 1338/1362 1278/1299 1307/1330
f 1339/1363 1308/1331 1279/1300
f 1309/1332 1340/1364 1279/1300
f 1277/1298 1341/1365 1309/1332
f 1338/1362 1284/1305 1278/1299
f 1310/1333 1251/1271 1311/1334
f 1280/1301 1310/1333 1342/1366
f 1343/1367 1282/1303 1281/1302
f 1281/1302 1312/1335 1344/1368
f 1223/1241 1315/1338 1312/1335
f 1258/1278 1313/1336 1320/1344
f 1282/1303 1345/1369 1313/1336
f 1314/1337 1316/1339 1253/1273
f 1346/1370 1314/1337 1280/1301
f 1316/1339 1315/1338 1283/1304
f 1347/1371 1311/1334 1284/1305
f 1285/1306 1319/1343 1317/1340
f 1318/1341 846/1342 1257/1277
f 1348/1372 1318/1341 1286/1307
f 1348/1372 1286/1307 1317/1340
f 1319/1343 1285/1306 1287/1309
f 1349/1373 1319/1343 1288/1310
f 1350/1374 1289/1311 1320/1344
f 1289/1311 1350/1374 1290/1312
f 1321/1345 1351/1375 1288/1310
f 1321/1345 1290/1312 1350/1374
f 1292/1314 1322/1346 1337/1361
f 1291/1313 1323/1347 1352/1376
f 1323/1347 1264/1285 1326/1350
f 1353/1377 1293/1315 1324/1348
f 1354/1378 1325/1349 1293/1315
f 1355/1379 1326/1350 1294/1316
f 1356/1380 1294/1316 1325/1349
f 1357/1381 1324/1348 1295/1317
f 1328/1352 1265/1286 1327/1351
f 1328/1352 1358/1382 1295/1317
f 1359/1383 1296/1318 1298/1320
f 1297/1319 1296/1318 1359/1383
f 1327/1351 1297/1319 1360/1384
f 1361/1385 1298/1320 1299/1321
f 1362/1386 1299/1321 1329/1353
f 1268/1289 1363/1387 1330/1354
f 1331/1355 1269/1290 1364/1388
f 1271/1292 1331/1355 1334/1358
f 1269/1290 1330/1354 1365/1389
f 1363/1387 1268/1289 1332/1356
f 1333/1357 1332/1356 1270/1291
f 1366/1390 1301/1323 1334/1358
f 1366/1390 1329/1353 1301/1323
f 1367/1391 1333/1357 1302/1324
f 1367/1391 1302/1324 1303/1325
f 1368/1392 1303/1325 1335/1359
f 1274/1295 1336/1360 1335/1359
f 1336/1360 304/1326 306/1393
f 1305/1328 1369/1394 1277/1298
f 1370/1395 1307/1330 1306/1329
f 1308/1331 1370/1395 1306/1329
f 1371/1396 1338/1362 1307/1330
f 1372/1397 1308/1331 1339/1363
f 1373/1398 1339/1363 1279/1300
f 1374/1399 1340/1364 1309/1332
f 1340/1364 1373/1398 1279/1300
f 1309/1332 1341/1365 1374/1399
f 1341/1365 1277/1298 1369/1394
f 1375/1400 1284/1305 1338/1362
f 1342/1366 1310/1333 1311/1334
f 1346/1370 1280/1301 1342/1366
f 1281/1302 1344/1368 1343/1367
f 1345/1369 1282/1303 1343/1367
f 1344/1368 1312/1335 1376/1401
f 1312/1335 1315/1338 1376/1401
f 1320/1344 1313/1336 1377/1402
f 1313/1336 1345/1369 1377/1402
f 1378/1403 1316/1339 1314/1337
f 1378/1403 1314/1337 1346/1370
f 1316/1339 1379/1404 1315/1338
f 1380/1405 1311/1334 1347/1371
f 1284/1305 1375/1400 1347/1371
f 1381/1406 1317/1340 1319/1343
f 1318/1341 1382/1407 846/1342
f 1318/1341 1348/1372 1383/1408
f 1384/1409 1348/1372 1317/1340
f 1349/1373 1381/1406 1319/1343
f 1351/1375 1349/1373 1288/1310
f 1320/1344 1385/1410 1350/1374
f 1351/1375 1321/1345 1350/1374
f 1323/1347 1386/1411 1352/1376
f 1326/1350 1355/1379 1323/1347
f 1354/1378 1293/1315 1353/1377
f 1357/1381 1353/1377 1324/1348
f 1325/1349 1354/1378 1387/1412
f 1355/1379 1294/1316 1356/1380
f 1387/1412 1356/1380 1325/1349
f 1357/1381 1295/1317 1358/1382
f 1328/1352 1327/1351 1388/1413
f 1388/1413 1358/1382 1328/1352
f 1298/1320 1361/1385 1359/1383
f 1360/1384 1297/1319 1359/1383
f 1388/1413 1327/1351 1360/1384
f 1299/1321 1362/1386 1361/1385
f 1389/1414 1362/1386 1329/1353
f 1363/1387 1390/1415 1330/1354
f 1365/1389 1364/1388 1269/1290
f 1334/1358 1331/1355 1364/1388
f 1390/1415 1365/1389 1330/1354
f 1332/1356 1333/1357 1363/1387
f 1334/1358 1391/1416 1366/1390
f 1329/1353 1366/1390 1392/1417
f 1333/1357 1367/1391 1393/1418
f 1394/1419 1367/1391 1303/1325
f 1394/1419 1303/1325 1368/1392
f 1335/1359 1395/1420 1368/1392
f 1336/1360 306/1393 1335/1359
f 1307/1330 1370/1395 1396/1421
f 1308/1331 1397/1422 1370/1395
f 1396/1421 1371/1396 1307/1330
f 1338/1362 1371/1396 1375/1400
f 1397/1422 1308/1331 1372/1397
f 1339/1363 1373/1398 1372/1397
f 1398/1423 1340/1364 1374/1399
f 1373/1398 1340/1364 1399/1424
f 1341/1365 1400/1425 1374/1399
f 1369/1394 1401/1426 1341/1365
f 1380/1405 1342/1366 1311/1334
f 1342/1366 1380/1405 1346/1370
f 1343/1367 1344/1368 1402/1427
f 1402/1427 1345/1369 1343/1367
f 1376/1401 1403/1428 1344/1368
f 1315/1338 1404/1429 1376/1401
f 1377/1402 1405/1430 1320/1344
f 1345/1369 1406/1431 1377/1402
f 1407/1432 1316/1339 1378/1403
f 1346/1370 1407/1432 1378/1403
f 1379/1404 1316/1339 1407/1432
f 1379/1404 1408/1433 1315/1338
f 1409/1434 1380/1405 1347/1371
f 1371/1396 1347/1371 1375/1400
f 1317/1340 1381/1406 1384/1409
f 1410/1435 1382/1407 1318/1341
f 846/1342 1382/1407 876/1436
f 1318/1341 1383/1408 1410/1435
f 1348/1372 1411/1437 1383/1408
f 1384/1409 1411/1437 1348/1372
f 1412/1438 1381/1406 1349/1373
f 1351/1375 1413/1439 1349/1373
f 1414/1440 1350/1374 1385/1410
f 1415/1441 1385/1410 1320/1344
f 1351/1375 1350/1374 1413/1439
f 1386/1411 1323/1347 1355/1379
f 1416/1442 1354/1378 1353/1377
f 1417/1443 1353/1377 1357/1381
f 1387/1412 1354/1378 1418/1444
f 1419/1445 1355/1379 1356/1380
f 1387/1412 1420/1446 1356/1380
f 1421/1447 1357/1381 1358/1382
f 1421/1447 1358/1382 1388/1413
f 1360/1384 1359/1383 1361/1385
f 1422/1448 1388/1413 1360/1384
f 1423/1449 1361/1385 1362/1386
f 1362/1386 1389/1414 1423/1449
f 1389/1414 1329/1353 1392/1417
f 1363/1387 1393/1418 1390/1415
f 1364/1388 1365/1389 1424/1450
f 1391/1416 1334/1358 1364/1388
f 1424/1450 1365/1389 1390/1415
f 1333/1357 1393/1418 1363/1387
f 1425/1451 1366/1390 1391/1416
f 1426/1452 1392/1417 1366/1390
f 1367/1391 1427/1453 1393/1418
f 1394/1419 1427/1453 1367/1391
f 1428/1454 1394/1419 1368/1392
f 1335/1359 1429/1455 1395/1420
f 1395/1420 1428/1454 1368/1392
f 306/1393 1429/1455 1335/1359
f 1370/1395 1430/1456 1396/1421
f 1430/1456 1370/1395 1397/1422
f 1347/1371 1371/1396 1396/1421
f 1399/1424 1397/1422 1372/1397
f 1373/1398 1399/1424 1372/1397
f 1398/1423 1399/1424 1340/1364
f 1431/1457 1398/1423 1374/1399
f 1432/1458 1374/1399 1400/1425
f 1341/1365 1401/1426 1400/1425
f 1380/1405 1433/1459 1346/1370
f 1344/1368 1434/1460 1402/1427
f 1435/1461 1345/1369 1402/1427
f 1403/1428 1376/1401 1436/1462
f 1434/1460 1344/1368 1403/1428
f 1315/1338 1408/1433 1404/1429
f 1436/1462 1376/1401 1404/1429
f 1437/1463 1405/1430 1377/1402
f 1405/1430 1415/1441 1320/1344
f 1437/1463 1377/1402 1406/1431
f 1406/1431 1345/1369 1435/1461
f 1407/1432 1346/1370 1438/1464
f 1439/1465 1379/1404 1407/1432
f 1379/1404 1440/1466 1408/1433
f 1396/1421 1409/1434 1347/1371
f 1409/1434 1433/1459 1380/1405
f 1384/1409 1381/1406 1412/1438
f 1382/1407 1410/1435 1441/1467
f 876/1436 1382/1407 1442/1468
f 1383/1408 1443/1469 1410/1435
f 1383/1408 1411/1437 1444/1470
f 1411/1437 1384/1409 1444/1470
f 1349/1373 1413/1439 1412/1438
f 1414/1440 1413/1439 1350/1374
f 1385/1410 1445/1471 1414/1440
f 1415/1441 1445/1471 1385/1410
f 1386/1411 1355/1379 1446/1472
f 1416/1442 1447/1473 1354/1378
f 1416/1442 1353/1377 1417/1443
f 1357/1381 1421/1447 1417/1443
f 1354/1378 1447/1473 1418/1444
f 1418/1444 1448/1474 1387/1412
f 1355/1379 1419/1445 1446/1472
f 1356/1380 1449/1475 1419/1445
f 1448/1474 1420/1446 1387/1412
f 1356/1380 1420/1446 1450/1476
f 1451/1477 1421/1447 1388/1413
f 1452/1478 1360/1384 1361/1385
f 1422/1448 1360/1384 1452/1478
f 1453/1479 1388/1413 1422/1448
f 1454/1480 1361/1385 1423/1449
f 1389/1414 1455/1481 1423/1449
f 1389/1414 1392/1417 1455/1481
f 1393/1418 1456/1482 1390/1415
f 1364/1388 1424/1450 1457/1483
f 1364/1388 1425/1451 1391/1416
f 1390/1415 1458/1484 1424/1450
f 1425/1451 1459/1485 1366/1390
f 1460/1486 1392/1417 1426/1452
f 1366/1390 1461/1487 1426/1452
f 1393/1418 1427/1453 1462/1488
f 1427/1453 1394/1419 1463/1489
f 1394/1419 1428/1454 1464/1490
f 1395/1420 1429/1455 1465/1491
f 1464/1490 1428/1454 1395/1420
f 306/1393 1465/1491 1429/1455
f 1396/1421 1430/1456 1409/1434
f 1430/1456 1397/1422 1466/1492
f 1397/1422 1399/1424 1466/1492
f 1398/1423 1467/1493 1399/1424
f 1431/1457 1468/1494 1398/1423
f 1431/1457 1374/1399 1432/1458
f 1400/1425 1469/1495 1432/1458
f 1401/1426 1470/1496 1400/1425
f 1433/1459 1438/1464 1346/1370
f 1471/1497 1402/1427 1434/1460
f 1435/1461 1402/1427 1472/1498
f 1436/1462 1473/1499 1403/1428
f 1434/1460 1403/1428 1473/1499
f 1440/1466 1404/1429 1408/1433
f 1404/1429 1474/1500 1436/1462
f 1437/1463 1475/1501 1405/1430
f 1415/1441 1405/1430 1475/1501
f 1476/1502 1437/1463 1406/1431
f 1435/1461 1477/1503 1406/1431
f 1438/1464 1478/1504 1407/1432
f 1439/1465 1440/1466 1379/1404
f 1479/1505 1439/1465 1407/1432
f 1430/1456 1433/1459 1409/1434
f 1480/1506 1384/1409 1412/1438
f 1441/1467 1410/1435 1481/1507
f 1442/1468 1382/1407 1441/1467
f 876/1436 1442/1468 1482/1508
f 1410/1435 1443/1469 1483/1509
f 1383/1408 1484/1510 1443/1469
f 1484/1510 1383/1408 1444/1470
f 1384/1409 1480/1506 1444/1470
f 1413/1439 1485/1511 1412/1438
f 1486/1512 1413/1439 1414/1440
f 1414/1440 1445/1471 1487/1513
f 1445/1471 1415/1441 1487/1513
f 1447/1473 1416/1442 1451/1477
f 1417/1443 1451/1477 1416/1442
f 1417/1443 1421/1447 1451/1477
f 1447/1473 1488/1514 1418/1444
f 1418/1444 1488/1514 1448/1474
f 1419/1445 1489/1515 1446/1472
f 1449/1475 1490/1516 1419/1445
f 1356/1380 1450/1476 1449/1475
f 1450/1476 1420/1446 1448/1474
f 1453/1479 1451/1477 1388/1413
f 1361/1385 1454/1480 1452/1478
f 1452/1478 1491/1517 1422/1448
f 1492/1518 1453/1479 1422/1448
f 1493/1519 1454/1480 1423/1449
f 1423/1449 1455/1481 949/1520
f 1392/1417 1460/1486 1455/1481
f 1462/1488 1456/1482 1393/1418
f 1456/1482 1458/1484 1390/1415
f 1457/1483 1425/1451 1364/1388
f 1457/1483 1424/1450 1494/1521
f 1424/1450 1458/1484 1494/1521
f 1459/1485 1495/1522 1366/1390
f 1459/1485 1425/1451 1496/1523
f 1426/1452 1497/1524 1460/1486
f 1426/1452 1461/1487 1498/1525
f 1366/1390 1499/1526 1461/1487
f 1427/1453 1500/1527 1462/1488
f 1501/1528 1463/1489 1394/1419
f 1500/1527 1427/1453 1463/1489
f 1464/1490 1501/1528 1394/1419
f 1465/1491 1464/1490 1395/1420
f 306/1393 273/1529 1465/1491
f 1502/1530 1430/1456 1466/1492
f 1399/1424 1503/1531 1466/1492
f 1467/1493 1398/1423 1468/1494
f 1467/1493 1504/1532 1399/1424
f 1468/1494 1431/1457 1505/1533
f 1506/1534 1431/1457 1432/1458
f 1469/1495 1400/1425 1507/1535
f 1508/1536 1432/1458 1469/1495
f 1507/1535 1400/1425 1470/1496
f 1502/1530 1438/1464 1433/1459
f 1402/1427 1471/1497 1472/1498
f 1434/1460 1473/1499 1471/1497
f 1472/1498 1477/1503 1435/1461
f 1509/1537 1473/1499 1436/1462
f 1510/1538 1404/1429 1440/1466
f 1511/1539 1436/1462 1474/1500
f 1474/1500 1404/1429 1512/1540
f 1475/1501 1437/1463 1513/1541
f 1475/1501 1514/1542 1415/1441
f 1406/1431 1515/1543 1476/1502
f 1513/1541 1437/1463 1476/1502
f 1515/1543 1406/1431 1477/1503
f 1478/1504 1479/1505 1407/1432
f 1516/1544 1478/1504 1438/1464
f 1439/1465 1517/1545 1440/1466
f 1439/1465 1479/1505 1518/1546
f 1430/1456 1502/1530 1433/1459
f 1480/1506 1412/1438 1519/1547
f 1483/1509 1481/1507 1410/1435
f 1481/1507 1520/1548 1441/1467
f 1441/1467 1521/1549 1442/1468
f 1442/1468 1522/1550 1482/1508
f 1482/1508 844/1551 876/1436
f 1523/1552 1483/1509 1443/1469
f 1443/1469 1484/1510 1523/1552
f 1524/1553 1484/1510 1444/1470
f 1444/1470 1480/1506 1524/1553
f 1485/1511 1413/1439 1525/1554
f 1519/1547 1412/1438 1485/1511
f 1413/1439 1486/1512 1525/1554
f 1414/1440 1526/1555 1486/1512
f 1487/1513 1527/1556 1414/1440
f 1487/1513 1415/1441 1514/1542
f 1453/1479 1447/1473 1451/1477
f 1528/1557 1488/1514 1447/1473
f 1448/1474 1488/1514 1529/1558
f 1419/1445 1530/1559 1489/1515
f 1530/1559 1419/1445 1490/1516
f 1531/1560 1490/1516 1449/1475
f 1449/1475 1450/1476 1532/1561
f 1450/1476 1448/1474 1529/1558
f 1452/1478 1454/1480 1491/1517
f 1491/1517 1533/1562 1422/1448
f 1534/1563 1453/1479 1492/1518
f 1422/1448 1533/1562 1492/1518
f 1454/1480 1493/1519 1535/1564
f 1423/1449 949/1520 1493/1519
f 887/1565 949/1520 1455/1481
f 1536/1566 1455/1481 1460/1486
f 1494/1521 1456/1482 1462/1488
f 1494/1521 1458/1484 1456/1482
f 1457/1483 1496/1523 1425/1451
f 1537/1567 1457/1483 1494/1521
f 1495/1522 1459/1485 1538/1568
f 1495/1522 1499/1526 1366/1390
f 1537/1567 1459/1485 1496/1523
f 1497/1524 1426/1452 1539/1569
f 1460/1486 1497/1524 1540/1570
f 1498/1525 1539/1569 1426/1452
f 1461/1487 1541/1571 1498/1525
f 1461/1487 1499/1526 1542/1572
f 1462/1488 1500/1527 1543/1573
f 1463/1489 1501/1528 1500/1527
f 1501/1528 1464/1490 1544/1574
f 292/1575 1464/1490 1465/1491
f 1465/1491 273/1529 292/1575
f 1516/1544 1502/1530 1466/1492
f 1503/1531 1516/1544 1466/1492
f 1399/1424 1504/1532 1503/1531
f 1545/1576 1467/1493 1468/1494
f 1504/1532 1467/1493 1546/1577
f 1431/1457 1547/1578 1505/1533
f 1548/1579 1468/1494 1505/1533
f 1547/1578 1431/1457 1506/1534
f 1432/1458 1549/1580 1506/1534
f 1507/1535 1550/1581 1469/1495
f 1551/1582 1432/1458 1508/1536
f 1469/1495 1552/1583 1508/1536
f 1507/1535 1470/1496 1553/1584
f 1502/1530 1516/1544 1438/1464
f 1554/1585 1472/1498 1471/1497
f 1473/1499 1555/1586 1471/1497
f 1472/1498 1556/1587 1477/1503
f 1473/1499 1509/1537 1557/1588
f 1511/1539 1509/1537 1436/1462
f 1510/1538 1512/1540 1404/1429
f 1510/1538 1440/1466 1517/1545
f 1512/1540 1511/1539 1474/1500
f 1513/1541 1514/1542 1475/1501
f 1558/1589 1476/1502 1515/1543
f 1476/1502 1559/1590 1513/1541
f 1560/1591 1515/1543 1477/1503
f 1561/1592 1479/1505 1478/1504
f 1562/1593 1478/1504 1516/1544
f 1517/1545 1439/1465 1518/1546
f 1561/1592 1518/1546 1479/1505
f 1519/1547 1524/1553 1480/1506
f 1481/1507 1483/1509 1523/1552
f 1520/1548 1481/1507 1563/1594
f 1441/1467 1520/1548 1564/1595
f 1522/1550 1442/1468 1521/1549
f 1521/1549 1441/1467 1564/1595
f 1482/1508 1522/1550 844/1551
f 1523/1552 1484/1510 1565/1596
f 1524/1553 1566/1597 1484/1510
f 1567/1598 1485/1511 1525/1554
f 1519/1547 1485/1511 1568/1599
f 1486/1512 1567/1598 1525/1554
f 1526/1555 1569/1600 1486/1512
f 1570/1601 1526/1555 1414/1440
f 1570/1601 1414/1440 1527/1556
f 1571/1602 1527/1556 1487/1513
f 1487/1513 1514/1542 1571/1602
f 1528/1557 1447/1473 1453/1479
f 1572/1603 1488/1514 1528/1557
f 1488/1514 1573/1604 1529/1558
f 1574/1605 1489/1515 1530/1559
f 1574/1605 1530/1559 1490/1516
f 1531/1560 1575/1606 1490/1516
f 1532/1561 1531/1560 1449/1475
f 1450/1476 1529/1558 1532/1561
f 1454/1480 1535/1564 1491/1517
f 1533/1562 1491/1517 1576/1607
f 1534/1563 1577/1608 1453/1479
f 1534/1563 1492/1518 1578/1609
f 1492/1518 1533/1562 1578/1609
f 1535/1564 1493/1519 1579/1610
f 949/1520 1579/1610 1493/1519
f 1455/1481 1536/1566 887/1565
f 1536/1566 1460/1486 827/1611
f 1462/1488 1580/1612 1494/1521
f 1537/1567 1496/1523 1457/1483
f 1537/1567 1494/1521 1581/1613
f 1459/1485 1537/1567 1538/1568
f 1495/1522 1538/1568 1499/1526
f 1497/1524 1539/1569 1582/1614
f 795/1615 1460/1486 1540/1570
f 1497/1524 1583/1616 1540/1570
f 1498/1525 1541/1571 1539/1569
f 1584/1617 1541/1571 1461/1487
f 1499/1526 1585/1618 1542/1572
f 1584/1617 1461/1487 1542/1572
f 1543/1573 1500/1527 155/1619
f 1462/1488 1543/1573 1580/1612
f 207/1620 1500/1527 1501/1528
f 1544/1574 1586/1621 1501/1528
f 1464/1490 292/1575 1544/1574
f 1516/1544 1503/1531 1504/1532
f 1468/1494 1587/1622 1545/1576
f 1467/1493 1545/1576 1546/1577
f 1504/1532 1546/1577 1562/1593
f 1547/1578 1548/1579 1505/1533
f 1587/1622 1468/1494 1548/1579
f 1506/1534 1549/1580 1547/1578
f 1432/1458 1551/1582 1549/1580
f 1552/1583 1469/1495 1550/1581
f 1588/1623 1550/1581 1507/1535
f 1553/1584 1588/1623 1507/1535
f 1472/1498 1554/1585 1556/1587
f 1471/1497 1589/1624 1554/1585
f 1473/1499 1557/1588 1555/1586
f 1471/1497 1555/1586 1589/1624
f 1556/1587 1590/1625 1477/1503
f 1557/1588 1509/1537 1591/1626
f 1592/1627 1509/1537 1511/1539
f 1593/1628 1512/1540 1510/1538
f 1517/1545 1594/1629 1510/1538
f 1512/1540 1595/1630 1511/1539
f 1513/1541 1596/1631 1514/1542
f 1515/1543 1597/1632 1558/1589
f 1476/1502 1558/1589 1559/1590
f 1598/1633 1513/1541 1559/1590
f 1590/1625 1560/1591 1477/1503
f 1597/1632 1515/1543 1560/1591
f 1546/1577 1561/1592 1478/1504
f 1516/1544 1504/1532 1562/1593
f 1546/1577 1478/1504 1562/1593
f 1518/1546 1594/1629 1517/1545
f 1561/1592 1599/1634 1518/1546
f 1600/1635 1524/1553 1519/1547
f 1481/1507 1523/1552 1563/1594
f 1563/1594 1601/1636 1520/1548
f 1520/1548 1601/1636 1564/1595
f 1522/1550 1521/1549 1602/1637
f 1521/1549 1564/1595 1603/1638
f 844/1551 1522/1550 1604/1639
f 1566/1597 1565/1596 1484/1510
f 1563/1594 1523/1552 1565/1596
f 1600/1635 1566/1597 1524/1553
f 1485/1511 1567/1598 1568/1599
f 1600/1635 1519/1547 1568/1599
f 1567/1598 1486/1512 1605/1640
f 1569/1600 1605/1640 1486/1512
f 1569/1600 1526/1555 1606/1641
f 1606/1641 1526/1555 1570/1601
f 1570/1601 1527/1556 1607/1642
f 1527/1556 1571/1602 1607/1642
f 1571/1602 1514/1542 1596/1631
f 1528/1557 1453/1479 1572/1603
f 1488/1514 1572/1603 1608/1643
f 1529/1558 1573/1604 1532/1561
f 1573/1604 1488/1514 1608/1643
f 1574/1605 1609/1644 1489/1515
f 1490/1516 1575/1606 1574/1605
f 1575/1606 1531/1560 1610/1645
f 1531/1560 1532/1561 1611/1646
f 1535/1564 1576/1607 1491/1517
f 1612/1647 1533/1562 1576/1607
f 1577/1608 1534/1563 1613/1648
f 1572/1603 1453/1479 1577/1608
f 1578/1609 1613/1648 1534/1563
f 1578/1609 1533/1562 1612/1647
f 1614/1649 1535/1564 1579/1610
f 949/1520 915/1650 1579/1610
f 1536/1566 827/1611 887/1565
f 795/1615 827/1611 1460/1486
f 1581/1613 1494/1521 1580/1612
f 1538/1568 1537/1567 1581/1613
f 1538/1568 1615/1651 1499/1526
f 546/1652 1582/1614 1539/1569
f 1582/1614 1583/1616 1497/1524
f 795/1615 1540/1570 726/1653
f 726/1653 1540/1570 1583/1616
f 1616/1654 1539/1569 1541/1571
f 390/1655 1541/1571 1584/1617
f 1499/1526 1615/1651 1585/1618
f 1585/1618 1617/1656 1542/1572
f 1542/1572 1617/1656 1584/1617
f 1500/1527 207/1620 155/1619
f 155/1619 1580/1612 1543/1573
f 1501/1528 1586/1621 207/1620
f 1586/1621 1544/1574 236/1657
f 236/1657 1544/1574 292/1575
f 1618/1658 1545/1576 1587/1622
f 1561/1592 1546/1577 1545/1576
f 1547/1578 1619/1659 1548/1579
f 1587/1622 1548/1579 1620/1660
f 1549/1580 1621/1661 1547/1578
f 1622/1662 1549/1580 1551/1582
f 1589/1624 1556/1587 1554/1585
f 1555/1586 1557/1588 1623/1663
f 1624/1664 1589/1624 1555/1586
f 1590/1625 1556/1587 1625/1665
f 1509/1537 1626/1666 1591/1626
f 1557/1588 1591/1626 1627/1667
f 1626/1666 1509/1537 1592/1627
f 1592/1627 1511/1539 1628/1668
f 1593/1628 1510/1538 1594/1629
f 1629/1669 1512/1540 1593/1628
f 1595/1630 1512/1540 1629/1669
f 1595/1630 1628/1668 1511/1539
f 1596/1631 1513/1541 1598/1633
f 1558/1589 1597/1632 1630/1670
f 1558/1589 1598/1633 1559/1590
f 1631/1671 1560/1591 1590/1625
f 1560/1591 1632/1672 1597/1632
f 1518/1546 1633/1673 1594/1629
f 1518/1546 1599/1634 1633/1673
f 1618/1658 1599/1634 1561/1592
f 1634/1674 1601/1636 1563/1594
f 1564/1595 1601/1636 1635/1675
f 1602/1637 1604/1639 1522/1550
f 1521/1549 1603/1638 1602/1637
f 1603/1638 1564/1595 1635/1675
f 1604/1639 812/1676 844/1551
f 1565/1596 1566/1597 1636/1677
f 1563/1594 1565/1596 1637/1678
f 1566/1597 1600/1635 1568/1599
f 1568/1599 1567/1598 1638/1679
f 1567/1598 1605/1640 1638/1679
f 1605/1640 1569/1600 1639/1680
f 1569/1600 1606/1641 1640/1681
f 1570/1601 1641/1682 1606/1641
f 1641/1682 1570/1601 1607/1642
f 1571/1602 1642/1683 1607/1642
f 1571/1602 1596/1631 1642/1683
f 1608/1643 1572/1603 1643/1684
f 1532/1561 1573/1604 1611/1646
f 1644/1685 1573/1604 1608/1643
f 1574/1605 1645/1686 1609/1644
f 1645/1686 1574/1605 1575/1606
f 1610/1645 1646/1687 1575/1606
f 1610/1645 1531/1560 1647/1688
f 1647/1688 1531/1560 1611/1646
f 1576/1607 1535/1564 1648/1689
f 983/1690 1612/1647 1576/1607
f 1577/1608 1613/1648 1643/1684
f 1572/1603 1577/1608 1643/1684
f 1578/1609 1649/1691 1613/1648
f 1650/1692 1578/1609 1612/1647
f 1614/1649 1648/1689 1535/1564
f 1579/1610 951/1693 1614/1649
f 915/1650 951/1693 1579/1610
f 265/1694 1581/1613 1580/1612
f 1615/1651 1538/1568 1581/1613
f 1651/1695 1582/1614 546/1652
f 546/1652 1539/1569 452/1696
f 1582/1614 649/1697 1583/1616
f 726/1653 1583/1616 649/1697
f 452/1696 1539/1569 1616/1654
f 1616/1654 1541/1571 417/1698
f 1541/1571 390/1655 417/1698
f 390/1655 1584/1617 357/1699
f 324/1700 1585/1618 1615/1651
f 1617/1656 1585/1618 324/1700
f 1617/1656 357/1699 1584/1617
f 155/1619 265/1694 1580/1612
f 207/1620 1586/1621 236/1657
f 1618/1658 1587/1622 1620/1660
f 1545/1576 1618/1658 1561/1592
f 1547/1578 1621/1661 1619/1659
f 1619/1659 1652/1701 1548/1579
f 1548/1579 1653/1702 1620/1660
f 1621/1661 1549/1580 1622/1662
f 1551/1582 1654/1703 1622/1662
f 1589/1624 1625/1665 1556/1587
f 1623/1663 1557/1588 1655/1704
f 1623/1663 1624/1664 1555/1586
f 1589/1624 1624/1664 1625/1665
f 1656/1705 1590/1625 1625/1665
f 1626/1666 1657/1706 1591/1626
f 1627/1667 1591/1626 1657/1706
f 1655/1704 1557/1588 1627/1667
f 1658/1707 1626/1666 1592/1627
f 1592/1627 1628/1668 1659/1708
f 1594/1629 1660/1709 1593/1628
f 1593/1628 1661/1710 1629/1669
f 1628/1668 1595/1630 1629/1669
f 1596/1631 1598/1633 1642/1683
f 1558/1589 1630/1670 1598/1633
f 1630/1670 1597/1632 1632/1672
f 1560/1591 1631/1671 1662/1711
f 1631/1671 1590/1625 1663/1712
f 1560/1591 1662/1711 1632/1672
f 1660/1709 1594/1629 1633/1673
f 1599/1634 1664/1713 1633/1673
f 1620/1660 1599/1634 1618/1658
f 1637/1678 1634/1674 1563/1594
f 1634/1674 1665/1714 1601/1636
f 1665/1714 1635/1675 1601/1636
f 812/1676 1604/1639 1602/1637
f 1602/1637 1603/1638 1666/1715
f 1603/1638 1635/1675 1667/1716
f 1636/1677 1566/1597 1638/1679
f 1636/1677 1668/1717 1565/1596
f 1565/1596 1668/1717 1637/1678
f 1566/1597 1568/1599 1638/1679
f 1638/1679 1605/1640 1669/1718
f 1639/1680 1670/1719 1605/1640
f 1640/1681 1639/1680 1569/1600
f 1606/1641 1641/1682 1640/1681
f 1607/1642 1671/1720 1641/1682
f 1607/1642 1642/1683 1672/1721
f 1643/1684 1673/1722 1608/1643
f 1611/1646 1573/1604 1644/1685
f 1608/1643 1673/1722 1644/1685
f 1674/1723 1609/1644 1645/1686
f 1645/1686 1575/1606 1675/1724
f 1675/1724 1575/1606 1646/1687
f 1676/1725 1646/1687 1610/1645
f 1647/1688 1644/1685 1610/1645
f 1611/1646 1644/1685 1647/1688
f 1648/1689 965/1726 1576/1607
f 990/1727 1612/1647 983/1690
f 1576/1607 965/1726 983/1690
f 1613/1648 1649/1691 1643/1684
f 1649/1691 1578/1609 1677/1728
f 1677/1728 1578/1609 1650/1692
f 1650/1692 1612/1647 1678/1729
f 936/1730 1648/1689 1614/1649
f 951/1693 936/1730 1614/1649
f 1615/1651 1581/1613 265/1694
f 1651/1695 546/1652 579/1731
f 1582/1614 1651/1695 649/1697
f 417/1698 452/1696 1616/1654
f 324/1700 1615/1651 265/1694
f 293/1732 1617/1656 324/1700
f 357/1699 1617/1656 389/1733
f 1619/1659 1621/1661 1679/1734
f 1653/1702 1548/1579 1652/1701
f 1652/1701 1619/1659 1679/1734
f 1653/1702 1680/1735 1620/1660
f 1681/1736 1621/1661 1622/1662
f 1682/1737 1654/1703 1551/1582
f 1683/1738 1622/1662 1654/1703
f 1655/1704 1684/1739 1623/1663
f 1624/1664 1623/1663 1685/1740
f 1625/1665 1624/1664 1685/1740
f 1656/1705 1625/1665 1686/1741
f 1590/1625 1656/1705 1663/1712
f 1657/1706 1626/1666 1687/1742
f 1657/1706 1688/1743 1627/1667
f 1689/1744 1655/1704 1627/1667
f 1658/1707 1687/1742 1626/1666
f 1659/1708 1658/1707 1592/1627
f 1629/1669 1659/1708 1628/1668
f 1660/1709 1661/1710 1593/1628
f 1659/1708 1629/1669 1661/1710
f 1598/1633 1630/1670 1642/1683
f 1690/1745 1630/1670 1632/1672
f 1631/1671 1690/1745 1662/1711
f 1663/1712 1691/1746 1631/1671
f 1690/1745 1632/1672 1662/1711
f 1633/1673 1692/1747 1660/1709
f 1693/1748 1633/1673 1664/1713
f 1664/1713 1599/1634 1680/1735
f 1620/1660 1680/1735 1599/1634
f 1634/1674 1637/1678 1694/1749
f 1695/1750 1665/1714 1634/1674
f 1635/1675 1665/1714 1667/1716
f 847/1751 812/1676 1602/1637
f 1666/1715 742/1752 1602/1637
f 1603/1638 1667/1716 1666/1715
f 1669/1718 1636/1677 1638/1679
f 1694/1749 1668/1717 1636/1677
f 1694/1749 1637/1678 1668/1717
f 1669/1718 1605/1640 1670/1719
f 1639/1680 1696/1753 1670/1719
f 1640/1681 1697/1754 1639/1680
f 1641/1682 1698/1755 1640/1681
f 1699/1756 1671/1720 1607/1642
f 1700/1757 1641/1682 1671/1720
f 1701/1758 1672/1721 1642/1683
f 1672/1721 1702/1759 1607/1642
f 1703/1760 1673/1722 1643/1684
f 1644/1685 1673/1722 1676/1725
f 1674/1723 1645/1686 1675/1724
f 1646/1687 1704/1761 1675/1724
f 1676/1725 1705/1762 1646/1687
f 1644/1685 1676/1725 1610/1645
f 936/1730 965/1726 1648/1689
f 1678/1729 1612/1647 990/1727
f 1643/1684 1649/1691 1703/1760
f 1706/1763 1649/1691 1677/1728
f 1677/1728 1650/1692 1678/1729
f 579/1731 649/1697 1651/1695
f 293/1732 389/1733 1617/1656
f 1621/1661 1681/1736 1679/1734
f 1653/1702 1652/1701 1680/1735
f 1679/1734 1707/1764 1652/1701
f 1681/1736 1622/1662 1683/1738
f 1682/1737 1708/1765 1654/1703
f 1654/1703 1708/1765 1683/1738
f 1684/1739 1709/1766 1623/1663
f 1684/1739 1655/1704 1710/1767
f 1711/1768 1685/1740 1623/1663
f 1686/1741 1625/1665 1685/1740
f 1686/1741 1712/1769 1656/1705
f 1663/1712 1656/1705 1713/1770
f 1688/1743 1657/1706 1687/1742
f 1627/1667 1688/1743 1689/1744
f 1655/1704 1689/1744 1714/1771
f 1658/1707 1715/1772 1687/1742
f 1658/1707 1659/1708 1716/1773
f 1692/1747 1661/1710 1660/1709
f 1716/1773 1659/1708 1661/1710
f 1642/1683 1630/1670 1690/1745
f 1690/1745 1631/1671 1717/1774
f 1718/1775 1691/1746 1663/1712
f 1633/1673 1693/1748 1692/1747
f 1719/1776 1693/1748 1664/1713
f 1719/1776 1664/1713 1680/1735
f 1695/1750 1634/1674 1694/1749
f 1665/1714 1695/1750 1720/1777
f 1665/1714 1720/1777 1667/1716
f 1602/1637 742/1752 847/1751
f 742/1752 1666/1715 780/1778
f 1666/1715 1667/1716 1721/1779
f 1669/1718 1695/1750 1636/1677
f 1695/1750 1694/1749 1636/1677
f 1670/1719 1722/1780 1669/1718
f 1723/1781 1696/1753 1639/1680
f 1670/1719 1696/1753 1724/1782
f 1640/1681 1698/1755 1697/1754
f 1639/1680 1697/1754 1723/1781
f 1641/1682 1725/1783 1698/1755
f 1699/1756 1726/1784 1671/1720
f 1702/1759 1699/1756 1607/1642
f 1700/1757 1725/1783 1641/1682
f 1671/1720 1726/1784 1700/1757
f 1727/1785 1672/1721 1701/1758
f 1642/1683 1728/1786 1701/1758
f 1702/1759 1672/1721 143/1787
f 1673/1722 1703/1760 1729/1788
f 1730/1789 1676/1725 1673/1722
f 1704/1761 1646/1687 1705/1762
f 1730/1789 1705/1762 1676/1725
f 1649/1691 1706/1763 1703/1760
f 1681/1736 1707/1764 1679/1734
f 1680/1735 1652/1701 1719/1776
f 1719/1776 1652/1701 1707/1764
f 1681/1736 1683/1738 1707/1764
f 1708/1765 1682/1737 1731/1790
f 1683/1738 1708/1765 1732/1791
f 1623/1663 1709/1766 1711/1768
f 1709/1766 1684/1739 1710/1767
f 1710/1767 1655/1704 1714/1771
f 1685/1740 1711/1768 1686/1741
f 1686/1741 1733/1792 1712/1769
f 1712/1769 1713/1770 1656/1705
f 1663/1712 1713/1770 1718/1775
f 1734/1793 1688/1743 1687/1742
f 1689/1744 1688/1743 1735/1794
f 1714/1771 1689/1744 1736/1795
f 1687/1742 1715/1772 1734/1793
f 1716/1773 1715/1772 1658/1707
f 1692/1747 1716/1773 1661/1710
f 1737/1796 1692/1747 1693/1748
f 1737/1796 1693/1748 1719/1776
f 1695/1750 1738/1797 1720/1777
f 1720/1777 1739/1798 1667/1716
f 1666/1715 1721/1779 780/1778
f 1667/1716 1739/1798 1721/1779
f 1695/1750 1669/1718 1738/1797
f 1722/1780 1738/1797 1669/1718
f 1722/1780 1670/1719 1724/1782
f 1740/1799 1696/1753 1723/1781
f 1740/1799 1724/1782 1696/1753
f 1697/1754 1698/1755 1741/1800
f 1723/1781 1697/1754 1742/1801
f 1725/1783 1741/1800 1698/1755
f 1702/1759 1743/1802 1699/1756
f 1700/1757 1741/1800 1725/1783
f 1744/1803 1700/1757 1726/1784
f 1745/1804 1672/1721 1727/1785
f 1701/1758 1746/1805 1727/1785
f 1728/1786 1747/1806 1701/1758
f 1672/1721 1748/1807 143/1787
f 1729/1788 1703/1760 1706/1763
f 1729/1788 1730/1789 1673/1722
f 1749/1808 1719/1776 1707/1764
f 1707/1764 1683/1738 1750/1809
f 1708/1765 1731/1790 1751/1810
f 1682/1737 1752/1811 1731/1790
f 1732/1791 1708/1765 1751/1810
f 1732/1791 1750/1809 1683/1738
f 1711/1768 1709/1766 1753/1812
f 1709/1766 1710/1767 1754/1813
f 1714/1771 1755/1814 1710/1767
f 1711/1768 1756/1815 1686/1741
f 1686/1741 1756/1815 1733/1792
f 1757/1816 1712/1769 1733/1792
f 1713/1770 1712/1769 1758/1817
f 1718/1775 1713/1770 1759/1818
f 1734/1793 1735/1794 1688/1743
f 1735/1794 1736/1795 1689/1744
f 1714/1771 1736/1795 1760/1819
f 1761/1820 1734/1793 1715/1772
f 1716/1773 1761/1820 1715/1772
f 1761/1820 1716/1773 1692/1747
f 1762/1821 1692/1747 1737/1796
f 1763/1822 1737/1796 1719/1776
f 1738/1797 1764/1823 1720/1777
f 1739/1798 1720/1777 1764/1823
f 780/1778 1721/1779 848/1824
f 1739/1798 848/1824 1721/1779
f 1722/1780 1765/1825 1738/1797
f 1722/1780 1724/1782 1765/1825
f 1723/1781 1766/1826 1740/1799
f 1740/1799 1767/1827 1724/1782
f 1741/1800 1768/1828 1697/1754
f 1768/1828 1742/1801 1697/1754
f 1723/1781 1742/1801 1769/1829
f 1741/1800 1700/1757 1770/1830
f 1770/1830 1700/1757 1744/1803
f 1727/1785 1771/1831 1745/1804
f 1672/1721 1745/1804 1748/1807
f 1701/1758 1772/1832 1746/1805
f 1773/1833 1727/1785 1746/1805
f 1728/1786 1774/1834 1747/1806
f 1775/1835 1701/1758 1747/1806
f 1748/1807 108/1836 143/1787
f 1776/1837 1749/1808 1707/1764
f 1763/1822 1719/1776 1749/1808
f 1707/1764 1750/1809 1776/1837
f 1731/1790 1777/1838 1751/1810
f 1752/1811 1778/1839 1731/1790
f 1732/1791 1751/1810 1779/1840
f 1780/1841 1750/1809 1732/1791
f 1753/1812 1709/1766 1781/1842
f 1782/1843 1711/1768 1753/1812
f 1781/1842 1709/1766 1754/1813
f 1754/1813 1710/1767 1755/1814
f 1760/1819 1755/1814 1714/1771
f 1782/1843 1756/1815 1711/1768
f 1783/1844 1733/1792 1756/1815
f 1758/1817 1712/1769 1757/1816
f 1784/1845 1757/1816 1733/1792
f 1713/1770 1758/1817 1759/1818
f 1735/1794 1734/1793 1785/1846
f 1785/1846 1736/1795 1735/1794
f 1786/1847 1760/1819 1736/1795
f 1761/1820 1785/1846 1734/1793
f 1762/1821 1761/1820 1692/1747
f 1737/1796 1787/1848 1762/1821
f 1737/1796 1763/1822 1787/1848
f 1765/1825 1764/1823 1738/1797
f 1739/1798 1764/1823 1788/1849
f 848/1824 1739/1798 1788/1849
f 1765/1825 1724/1782 1767/1827
f 1769/1829 1766/1826 1723/1781
f 1740/1799 1766/1826 1789/1850
f 1767/1827 1740/1799 1789/1850
f 1790/1851 1768/1828 1741/1800
f 1742/1801 1768/1828 1791/1852
f 1742/1801 1792/1853 1769/1829
f 1741/1800 1770/1830 1790/1851
f 1793/1854 1770/1830 1744/1803
f 1794/1855 1771/1831 1727/1785
f 1771/1831 1795/1856 1745/1804
f 1748/1807 1745/1804 1796/1857
f 1772/1832 1701/1758 1797/1858
f 1798/1859 1746/1805 1772/1832
f 1794/1855 1727/1785 1773/1833
f 1773/1833 1746/1805 1799/1860
f 1800/1861 1747/1806 1774/1834
f 1801/1862 1701/1758 1775/1835
f 1775/1835 1747/1806 1802/1863
f 108/1836 1748/1807 270/1864
f 1749/1808 1776/1837 1803/1865
f 1749/1808 1804/1866 1763/1822
f 1776/1837 1750/1809 1780/1841
f 1805/1867 1777/1838 1731/1790
f 1751/1810 1777/1838 1806/1868
f 1778/1839 1807/1869 1731/1790
f 1779/1840 1751/1810 1808/1870
f 1732/1791 1779/1840 1780/1841
f 1781/1842 1809/1871 1753/1812
f 1810/1872 1782/1843 1753/1812
f 1811/1873 1781/1842 1754/1813
f 1754/1813 1755/1814 1812/1874
f 1760/1819 1812/1874 1755/1814
f 1782/1843 1813/1875 1756/1815
f 1813/1875 1783/1844 1756/1815
f 1814/1876 1733/1792 1783/1844
f 1815/1877 1758/1817 1757/1816
f 1815/1877 1757/1816 1784/1845
f 1784/1845 1733/1792 1814/1876
f 1736/1795 1785/1846 1786/1847
f 1816/1878 1760/1819 1786/1847
f 1817/1879 1785/1846 1761/1820
f 1761/1820 1762/1821 1818/1880
f 1787/1848 1819/1881 1762/1821
f 1820/1882 1787/1848 1763/1822
f 1764/1823 1765/1825 1821/1883
f 1788/1849 1764/1823 849/1884
f 1788/1849 849/1884 848/1824
f 1765/1825 1767/1827 1822/1885
f 1769/1829 1823/1886 1766/1826
f 1824/1887 1789/1850 1766/1826
f 1825/1888 1767/1827 1789/1850
f 1768/1828 1790/1851 1826/1889
f 1742/1801 1791/1852 1827/1890
f 1826/1889 1791/1852 1768/1828
f 1792/1853 1742/1801 1827/1890
f 1823/1886 1769/1829 1792/1853
f 1770/1830 1828/1891 1790/1851
f 1793/1854 1828/1891 1770/1830
f 1794/1855 1829/1892 1771/1831
f 1771/1831 1829/1892 1795/1856
f 1795/1856 1796/1857 1745/1804
f 1748/1807 1796/1857 1830/1893
f 1831/1894 1797/1858 1701/1758
f 1797/1858 1832/1895 1772/1832
f 1798/1859 1799/1860 1746/1805
f 1772/1832 1833/1896 1798/1859
f 1834/1897 1794/1855 1773/1833
f 1773/1833 1799/1860 1835/1898
f 1747/1806 1800/1861 1836/1899
f 1800/1861 1774/1834 1837/1900
f 1801/1862 1838/1901 1701/1758
f 1839/1902 1801/1862 1775/1835
f 1802/1863 1747/1806 1840/1903
f 1841/1904 1775/1835 1802/1863
f 1830/1893 270/1864 1748/1807
f 1803/1865 1776/1837 1842/1905
f 1803/1865 1804/1866 1749/1808
f 1820/1882 1763/1822 1804/1866
f 1780/1841 1842/1905 1776/1837
f 1805/1867 1806/1868 1777/1838
f 1731/1790 1843/1906 1805/1867
f 1806/1868 1844/1907 1751/1810
f 1807/1869 1843/1906 1731/1790
f 1844/1907 1808/1870 1751/1810
f 1808/1870 1845/1908 1779/1840
f 1780/1841 1779/1840 1845/1908
f 1781/1842 1846/1909 1809/1871
f 1753/1812 1809/1871 1810/1872
f 1782/1843 1810/1872 1813/1875
f 1811/1873 1846/1909 1781/1842
f 1812/1874 1811/1873 1754/1813
f 1812/1874 1760/1819 1847/1910
f 1848/1911 1783/1844 1813/1875
f 1814/1876 1783/1844 1849/1912
f 1850/1913 1815/1877 1784/1845
f 1850/1913 1784/1845 1814/1876
f 1786/1847 1785/1846 1851/1914
f 1760/1819 1816/1878 1847/1910
f 1816/1878 1786/1847 1851/1914
f 1818/1880 1817/1879 1761/1820
f 1785/1846 1817/1879 1851/1914
f 1762/1821 1852/1915 1818/1880
f 1762/1821 1819/1881 1852/1915
f 1819/1881 1787/1848 1820/1882
f 1765/1825 1822/1885 1821/1883
f 1853/1916 1764/1823 1821/1883
f 849/1884 1764/1823 1853/1916
f 1854/1917 1822/1885 1767/1827
f 1823/1886 1824/1887 1766/1826
f 1789/1850 1824/1887 1855/1918
f 1789/1850 1856/1919 1825/1888
f 1767/1827 1825/1888 1854/1917
f 1826/1889 1790/1851 1828/1891
f 1791/1852 1857/1920 1827/1890
f 1826/1889 1857/1920 1791/1852
f 1792/1853 1827/1890 1858/1921
f 1823/1886 1792/1853 1859/1922
f 1829/1892 1794/1855 1860/1923
f 1795/1856 1829/1892 1860/1923
f 1796/1857 1795/1856 1861/1924
f 1862/1925 1830/1893 1796/1857
f 1838/1901 1831/1894 1701/1758
f 1831/1894 1863/1926 1797/1858
f 1797/1858 1864/1927 1832/1895
f 1772/1832 1832/1895 1865/1928
f 1866/1929 1799/1860 1798/1859
f 1798/1859 1833/1896 1866/1929
f 1865/1928 1833/1896 1772/1832
f 1835/1898 1834/1897 1773/1833
f 1794/1855 1834/1897 1867/1930
f 1866/1929 1835/1898 1799/1860
f 1747/1806 1836/1899 1868/1931
f 1836/1899 1800/1861 1869/1932
f 1837/1900 1774/1834 1870/1933
f 1871/1934 1800/1861 1837/1900
f 1872/1935 1838/1901 1801/1862
f 1839/1902 1873/1936 1801/1862
f 1775/1835 1874/1937 1839/1902
f 1840/1903 1875/1938 1802/1863
f 1876/1939 1840/1903 1747/1806
f 1875/1938 1841/1904 1802/1863
f 1775/1835 1841/1904 1874/1937
f 270/1864 1830/1893 1862/1925
f 1842/1905 1845/1908 1803/1865
f 1803/1865 1877/1940 1804/1866
f 1804/1866 1878/1941 1820/1882
f 1845/1908 1842/1905 1780/1841
f 1806/1868 1805/1867 1879/1942
f 1843/1906 1880/1943 1805/1867
f 1844/1907 1806/1868 1881/1944
f 1843/1906 1807/1869 1882/1945
f 1844/1907 1883/1946 1808/1870
f 1845/1908 1808/1870 1803/1865
f 1846/1909 1884/1947 1809/1871
f 1885/1948 1810/1872 1809/1871
f 1885/1948 1813/1875 1810/1872
f 1884/1947 1846/1909 1811/1873
f 1812/1874 1886/1949 1811/1873
f 1847/1910 1886/1949 1812/1874
f 1849/1912 1783/1844 1848/1911
f 1848/1911 1813/1875 1885/1948
f 1849/1912 1887/1950 1814/1876
f 1888/1951 1850/1913 1814/1876
f 1816/1878 1886/1949 1847/1910
f 1889/1952 1816/1878 1851/1914
f 1852/1915 1817/1879 1818/1880
f 1817/1879 1890/1953 1851/1914
f 1891/1954 1852/1915 1819/1881
f 1819/1881 1820/1882 1878/1941
f 1822/1885 1892/1955 1821/1883
f 1892/1955 1853/1916 1821/1883
f 1892/1955 849/1884 1853/1916
f 1854/1917 1892/1955 1822/1885
f 1824/1887 1823/1886 1859/1922
f 1789/1850 1855/1918 1893/1956
f 1824/1887 1894/1957 1855/1918
f 1856/1919 1789/1850 1893/1956
f 1794/1855 1867/1930 1860/1923
f 1860/1923 1895/1958 1795/1856
f 1895/1958 1861/1924 1795/1856
f 1796/1857 1861/1924 1862/1925
f 1831/1894 1838/1901 1896/1959
f 1831/1894 1897/1960 1863/1926
f 1863/1926 1864/1927 1797/1858
f 1898/1961 1832/1895 1864/1927
f 1865/1928 1832/1895 1898/1961
f 1899/1962 1866/1929 1833/1896
f 1833/1896 1865/1928 1899/1962
f 1835/1898 1900/1963 1834/1897
f 1901/1964 1867/1930 1834/1897
f 1835/1898 1866/1929 1900/1963
f 1868/1931 1876/1939 1747/1806
f 1836/1899 1876/1939 1868/1931
f 1836/1899 1869/1932 1902/1965
f 1800/1861 1871/1934 1869/1932
f 1888/1951 1870/1933 1774/1834
f 1870/1933 1903/1966 1837/1900
f 1837/1900 1903/1966 1871/1934
f 1838/1901 1872/1935 1896/1959
f 1904/1967 1872/1935 1801/1862
f 1801/1862 1873/1936 1904/1967
f 1905/1968 1873/1936 1839/1902
f 1906/1969 1839/1902 1874/1937
f 1907/1970 1875/1938 1840/1903
f 1907/1970 1840/1903 1876/1939
f 1841/1904 1875/1938 1908/1971
f 1874/1937 1841/1904 1909/1972
f 1862/1925 333/1973 270/1864
f 1877/1940 1803/1865 1808/1870
f 1877/1940 1878/1941 1804/1866
f 1806/1868 1879/1942 1881/1944
f 1910/1974 1879/1942 1805/1867
f 1805/1867 1880/1943 1910/1974
f 1882/1945 1880/1943 1843/1906
f 1881/1944 1911/1975 1844/1907
f 1882/1945 1807/1869 1912/1976
f 1883/1946 1844/1907 1913/1977
f 1808/1870 1883/1946 1877/1940
f 1809/1871 1884/1947 1903/1966
f 1885/1948 1809/1871 1887/1950
f 1811/1873 1914/1978 1884/1947
f 1914/1978 1811/1873 1886/1949
f 1849/1912 1848/1911 1887/1950
f 1887/1950 1848/1911 1885/1948
f 1887/1950 1809/1871 1814/1876
f 1814/1876 1870/1933 1888/1951
f 1886/1949 1816/1878 1889/1952
f 1851/1914 1890/1953 1889/1952
f 1817/1879 1852/1915 1891/1954
f 1817/1879 1915/1979 1890/1953
f 1819/1881 1916/1980 1891/1954
f 1878/1941 1916/1980 1819/1881
f 1824/1887 1859/1922 1894/1957
f 1893/1956 1855/1918 1856/1919
f 1855/1918 1894/1957 1917/1981
f 1901/1964 1860/1923 1867/1930
f 1860/1923 1918/1982 1895/1958
f 1919/1983 1861/1924 1895/1958
f 1919/1983 1862/1925 1861/1924
f 1831/1894 1896/1959 1897/1960
f 1897/1960 1864/1927 1863/1926
f 1864/1927 1920/1984 1898/1961
f 1865/1928 1898/1961 1899/1962
f 1900/1963 1866/1929 1899/1962
f 1834/1897 1900/1963 1901/1964
f 1876/1939 1836/1899 1921/1985
f 1902/1965 1922/1986 1836/1899
f 1869/1932 1923/1987 1902/1965
f 1869/1932 1871/1934 1924/1988
f 1903/1966 1870/1933 1809/1871
f 1903/1966 1924/1988 1871/1934
f 1925/1989 1896/1959 1872/1935
f 1904/1967 1925/1989 1872/1935
f 1905/1968 1904/1967 1873/1936
f 1839/1902 1926/1990 1905/1968
f 1906/1969 1874/1937 1909/1972
f 1839/1902 1906/1969 1926/1990
f 1927/1991 1875/1938 1907/1970
f 1876/1939 1928/1992 1907/1970
f 1875/1938 1927/1991 1908/1971
f 1908/1971 1909/1972 1841/1904
f 1862/1925 1919/1983 333/1973
f 1878/1941 1877/1940 1883/1946
f 1881/1944 1879/1942 1929/1993
f 1930/1994 1879/1942 1910/1974
f 1880/1943 1931/1995 1910/1974
f 1880/1943 1882/1945 1931/1995
f 1932/1996 1911/1975 1881/1944
f 1913/1977 1844/1907 1911/1975
f 1933/1997 1882/1945 1912/1976
f 1913/1977 1934/1998 1883/1946
f 1884/1947 1935/1999 1903/1966
f 1914/1978 1935/1999 1884/1947
f 1914/1978 1886/1949 1936/2000
f 1809/1871 1870/1933 1814/1876
f 1886/1949 1889/1952 1936/2000
f 1890/1953 1937/2001 1889/1952
f 1891/1954 1938/2002 1817/1879
f 1890/1953 1915/1979 1939/2003
f 1915/1979 1817/1879 1940/2004
f 1891/1954 1916/1980 1941/2005
f 1878/1941 1942/2006 1916/1980
f 1917/1981 1856/1919 1855/1918
f 1860/1923 1901/1964 1943/2007
f 1895/1958 1918/1982 1944/2008
f 1943/2007 1918/1982 1860/1923
f 1895/1958 1944/2008 1919/1983
f 1896/1959 1925/1989 1897/1960
f 1897/1960 1945/2009 1864/1927
f 1898/1961 1920/1984 1946/2010
f 1864/1927 1945/2009 1920/1984
f 1899/1962 1898/1961 1947/2011
f 1948/2012 1900/1963 1899/1962
f 1901/1964 1900/1963 1949/2013
f 1921/1985 1950/2014 1876/1939
f 1836/1899 1951/2015 1921/1985
f 1951/2015 1836/1899 1922/1986
f 1952/2016 1922/1986 1902/1965
f 1923/1987 1953/2017 1902/1965
f 1954/2018 1923/1987 1869/1932
f 1924/1988 1955/2019 1869/1932
f 1924/1988 1903/1966 1935/1999
f 1956/2020 1925/1989 1904/1967
f 1956/2020 1904/1967 1905/1968
f 1926/1990 1957/2021 1905/1968
f 1909/1972 1958/2022 1906/1969
f 1959/2023 1926/1990 1906/1969
f 1907/1970 1928/1992 1927/1991
f 1928/1992 1876/1939 1960/2024
f 1908/1971 1927/1991 1961/2025
f 1909/1972 1908/1971 1962/2026
f 399/2027 333/1973 1919/1983
f 1878/1941 1883/1946 1934/1998
f 1963/2028 1881/1944 1929/1993
f 1879/1942 1964/2029 1929/1993
f 1964/2029 1879/1942 1930/1994
f 1910/1974 1965/2030 1930/1994
f 1965/2030 1910/1974 1931/1995
f 1966/2031 1931/1995 1882/1945
f 1881/1944 1967/2032 1932/1996
f 1968/2033 1911/1975 1932/1996
f 1969/2034 1913/1977 1911/1975
f 1933/1997 1966/2031 1882/1945
f 1970/2035 1934/1998 1913/1977
f 1935/1999 1914/1978 1971/2036
f 1971/2036 1914/1978 1936/2000
f 1889/1952 1937/2001 1936/2000
f 1937/2001 1890/1953 1939/2003
f 1941/2005 1938/2002 1891/1954
f 1817/1879 1938/2002 1940/2004
f 1972/2037 1939/2003 1915/1979
f 1940/2004 1938/2002 1915/1979
f 1970/2035 1941/2005 1916/1980
f 1916/1980 1942/2006 1970/2035
f 1942/2006 1878/1941 1934/1998
f 1973/2038 1943/2007 1901/1964
f 1944/2008 1918/1982 490/2039
f 1918/1982 1943/2007 553/2040
f 1919/1983 1944/2008 399/2027
f 1925/1989 1945/2009 1897/1960
f 1946/2010 1920/1984 1974/2041
f 1946/2010 1975/2042 1898/1961
f 1974/2041 1920/1984 1945/2009
f 1947/2011 1948/2012 1899/1962
f 1898/1961 1975/2042 1947/2011
f 1900/1963 1948/2012 1949/2013
f 1973/2038 1901/1964 1949/2013
f 1976/2043 1950/2014 1921/1985
f 1950/2014 1977/2044 1876/1939
f 1951/2015 1978/2045 1921/1985
f 1978/2045 1951/2015 1922/1986
f 1953/2017 1952/2016 1902/1965
f 1922/1986 1952/2016 1979/2046
f 1980/2047 1953/2017 1923/1987
f 1955/2019 1954/2018 1869/1932
f 1923/1987 1954/2018 1980/2047
f 1955/2019 1924/1988 1971/2036
f 1935/1999 1971/2036 1924/1988
f 1956/2020 1945/2009 1925/1989
f 1957/2021 1956/2020 1905/1968
f 1926/1990 1981/2048 1957/2021
f 1958/2022 1909/1972 1962/2026
f 1959/2023 1906/1969 1958/2022
f 1981/2048 1926/1990 1959/2023
f 1982/2049 1927/1991 1928/1992
f 1960/2024 1876/1939 1977/2044
f 1928/1992 1960/2024 1983/2050
f 1982/2049 1961/2025 1927/1991
f 1962/2026 1908/1971 1961/2025
f 1963/2028 1967/2032 1881/1944
f 1984/2051 1963/2028 1929/1993
f 1964/2029 1985/2052 1929/1993
f 1964/2029 1930/1994 1986/2053
f 1930/1994 1965/2030 1987/2054
f 1965/2030 1931/1995 1988/2055
f 1966/2031 1989/2056 1931/1995
f 1932/1996 1967/2032 1990/2057
f 1932/1996 1990/2057 1968/2033
f 1911/1975 1968/2033 1969/2034
f 1991/2058 1913/1977 1969/2034
f 1989/2056 1966/2031 1933/1997
f 1934/1998 1970/2035 1942/2006
f 1991/2058 1970/2035 1913/1977
f 1992/2059 1971/2036 1936/2000
f 1937/2001 1992/2059 1936/2000
f 1939/2003 1993/2060 1937/2001
f 1938/2002 1941/2005 1994/2061
f 1972/2037 1993/2060 1939/2003
f 1995/2062 1972/2037 1915/1979
f 1915/1979 1938/2002 1996/2063
f 1991/2058 1941/2005 1970/2035
f 1943/2007 1973/2038 553/2040
f 553/2040 490/2039 1918/1982
f 490/2039 399/2027 1944/2008
f 1974/2041 1997/2064 1946/2010
f 1998/2065 1975/2042 1946/2010
f 1945/2009 1956/2020 1974/2041
f 1947/2011 1999/2066 1948/2012
f 1975/2042 2000/2067 1947/2011
f 1948/2012 2001/2068 1949/2013
f 2002/2069 1973/2038 1949/2013
f 1921/1985 2003/2070 1976/2043
f 1950/2014 1976/2043 2004/2071
f 2005/2072 1977/2044 1950/2014
f 1978/2045 2006/2073 1921/1985
f 1922/1986 2007/2074 1978/2045
f 1952/2016 1953/2017 2008/2075
f 1922/1986 1979/2046 2007/2074
f 1979/2046 1952/2016 2008/2075
f 2009/2076 1953/2017 1980/2047
f 2010/2077 1954/2018 1955/2019
f 1954/2018 2010/2077 1980/2047
f 1955/2019 1971/2036 1992/2059
f 1997/2064 1956/2020 1957/2021
f 1981/2048 1997/2064 1957/2021
f 2011/2078 1958/2022 1962/2026
f 2012/2079 1959/2023 1958/2022
f 2013/2080 1981/2048 1959/2023
f 2014/2081 1982/2049 1928/1992
f 1960/2024 1977/2044 2015/2082
f 2014/2081 1928/1992 1983/2050
f 1983/2050 1960/2024 2016/2083
f 2017/2084 1961/2025 1982/2049
f 1961/2025 2011/2078 1962/2026
f 1967/2032 1963/2028 2018/2085
f 2018/2085 1963/2028 1984/2051
f 1985/2052 1984/2051 1929/1993
f 1985/2052 1964/2029 1986/2053
f 2019/2086 1986/2053 1930/1994
f 1987/2054 1965/2030 2020/2087
f 2021/2088 1930/1994 1987/2054
f 1989/2056 1988/2055 1931/1995
f 1965/2030 1988/2055 2020/2087
f 1990/2057 1967/2032 2022/2089
f 1969/2034 1968/2033 1990/2057
f 1990/2057 1991/2058 1969/2034
f 1937/2001 2023/2090 1992/2059
f 2023/2090 1937/2001 1993/2060
f 1938/2002 1994/2061 1996/2063
f 1994/2061 1941/2005 1991/2058
f 1972/2037 2023/2090 1993/2060
f 1972/2037 1995/2062 2024/2091
f 1995/2062 1915/1979 1996/2063
f 1973/2038 2002/2069 553/2040
f 1956/2020 1997/2064 1974/2041
f 1997/2064 2025/2092 1946/2010
f 2026/2093 1998/2065 1946/2010
f 1998/2065 2000/2067 1975/2042
f 2000/2067 1999/2066 1947/2011
f 1999/2066 2001/2068 1948/2012
f 2001/2068 2002/2069 1949/2013
f 2027/2094 1976/2043 2003/2070
f 2006/2073 2003/2070 1921/1985
f 2004/2071 1976/2043 2028/2095
f 2004/2071 2029/2096 1950/2014
f 1950/2014 2029/2096 2005/2072
f 1977/2044 2005/2072 2015/2082
f 1978/2045 2030/2097 2006/2073
f 1978/2045 2007/2074 2030/2097
f 2008/2075 1953/2017 2031/2098
f 1979/2046 2032/2099 2007/2074
f 2008/2075 2033/2100 1979/2046
f 1980/2047 2034/2101 2009/2076
f 1953/2017 2009/2076 2031/2098
f 2010/2077 1955/2019 1992/2059
f 2010/2077 2034/2101 1980/2047
f 1981/2048 2035/2102 1997/2064
f 2011/2078 2012/2079 1958/2022
f 2013/2080 1959/2023 2012/2079
f 1981/2048 2013/2080 2036/2103
f 2014/2081 2017/2084 1982/2049
f 2015/2082 2037/2104 1960/2024
f 1983/2050 2038/2105 2014/2081
f 2039/2106 2016/2083 1960/2024
f 2016/2083 2038/2105 1983/2050
f 2017/2084 2011/2078 1961/2025
f 1967/2032 2018/2085 2040/2107
f 2041/2108 2018/2085 1984/2051
f 2041/2108 1984/2051 1985/2052
f 2042/2109 1985/2052 1986/2053
f 2019/2086 2043/2110 1986/2053
f 2019/2086 1930/1994 2021/2088
f 2044/2111 1987/2054 2020/2087
f 1987/2054 2045/2112 2021/2088
f 2020/2087 1988/2055 2046/2113
f 2022/2089 1967/2032 2040/2107
f 2022/2089 2047/2114 1990/2057
f 2047/2114 1991/2058 1990/2057
f 2024/2091 1992/2059 2023/2090
f 1994/2061 2048/2115 1996/2063
f 1994/2061 1991/2058 2049/2116
f 2023/2090 1972/2037 2024/2091
f 2024/2091 1995/2062 2050/2117
f 1996/2063 2050/2117 1995/2062
f 2002/2069 585/2118 553/2040
f 1997/2064 2035/2102 2025/2092
f 2025/2092 2026/2093 1946/2010
f 2026/2093 2051/2119 1998/2065
f 2051/2119 2000/2067 1998/2065
f 1999/2066 2000/2067 2052/2120
f 1999/2066 2053/2121 2001/2068
f 2001/2068 585/2118 2002/2069
f 1976/2043 2027/2094 2028/2095
f 2054/2122 2027/2094 2003/2070
f 2055/2123 2003/2070 2006/2073
f 2004/2071 2028/2095 2056/2124
f 2057/2125 2029/2096 2004/2071
f 2029/2096 2058/2126 2005/2072
f 2015/2082 2005/2072 2059/2127
f 2030/2097 2055/2123 2006/2073
f 2007/2074 2032/2099 2030/2097
f 2031/2098 2060/2128 2008/2075
f 2032/2099 1979/2046 2061/2129
f 1979/2046 2033/2100 2061/2129
f 2060/2128 2033/2100 2008/2075
f 2062/2130 2009/2076 2034/2101
f 2063/2131 2031/2098 2009/2076
f 2024/2091 2010/2077 1992/2059
f 2034/2101 2010/2077 2064/2132
f 2035/2102 1981/2048 2036/2103
f 2012/2079 2011/2078 2065/2133
f 2036/2103 2013/2080 2012/2079
f 2017/2084 2014/2081 2038/2105
f 2059/2127 2037/2104 2015/2082
f 1960/2024 2037/2104 2039/2106
f 2016/2083 2039/2106 2066/2134
f 2038/2105 2016/2083 2067/2135
f 2011/2078 2017/2084 2067/2135
f 2040/2107 2018/2085 2068/2136
f 2041/2108 2068/2136 2018/2085
f 2041/2108 1985/2052 2069/2137
f 2043/2110 2042/2109 1986/2053
f 2042/2109 2069/2137 1985/2052
f 2042/2109 2043/2110 2019/2086
f 2070/2138 2019/2086 2021/2088
f 2045/2112 1987/2054 2044/2111
f 2046/2113 2044/2111 2020/2087
f 2021/2088 2045/2112 2071/2139
f 2022/2089 2040/2107 2072/2140
f 2047/2114 2022/2089 2073/2141
f 2047/2114 2049/2116 1991/2058
f 2049/2116 2048/2115 1994/2061
f 1996/2063 2048/2115 2050/2117
f 2050/2117 2010/2077 2024/2091
f 2035/2102 2026/2093 2025/2092
f 2026/2093 2035/2102 2051/2119
f 2051/2119 2052/2120 2000/2067
f 2053/2121 1999/2066 2052/2120
f 2053/2121 2074/2142 2001/2068
f 2001/2068 2074/2142 585/2118
f 2027/2094 2075/2143 2028/2095
f 2076/2144 2027/2094 2054/2122
f 2003/2070 2055/2123 2054/2122
f 2056/2124 2077/2145 2004/2071
f 2056/2124 2028/2095 2075/2143
f 2078/2146 2029/2096 2057/2125
f 2004/2071 2079/2147 2057/2125
f 2029/2096 2078/2146 2058/2126
f 2005/2072 2058/2126 2059/2127
f 2030/2097 2032/2099 2055/2123
f 2031/2098 2080/2148 2060/2128
f 2032/2099 2061/2129 2081/2149
f 2082/2150 2061/2129 2033/2100
f 2033/2100 2060/2128 2083/2151
f 2084/2152 2009/2076 2062/2130
f 2034/2101 2085/2153 2062/2130
f 2080/2148 2031/2098 2063/2131
f 2063/2131 2009/2076 2084/2152
f 2050/2117 2064/2132 2010/2077
f 2034/2101 2064/2132 2085/2153
f 2036/2103 2086/2154 2035/2102
f 2065/2133 2011/2078 2067/2135
f 2036/2103 2012/2079 2065/2133
f 2017/2084 2038/2105 2067/2135
f 2037/2104 2059/2127 2087/2155
f 2088/2156 2039/2106 2037/2104
f 2039/2106 2088/2156 2066/2134
f 2066/2134 2067/2135 2016/2083
f 2040/2107 2068/2136 2072/2140
f 2068/2136 2041/2108 2089/2157
f 2083/2151 2041/2108 2069/2137
f 2069/2137 2042/2109 2070/2138
f 2019/2086 2070/2138 2042/2109
f 2071/2139 2070/2138 2021/2088
f 2044/2111 2090/2158 2045/2112
f 2046/2113 2091/2159 2044/2111
f 2090/2158 2071/2139 2045/2112
f 2073/2141 2022/2089 2072/2140
f 2073/2141 2049/2116 2047/2114
f 2073/2141 2048/2115 2049/2116
f 2048/2115 2064/2132 2050/2117
f 2092/2160 2051/2119 2035/2102
f 2093/2161 2052/2120 2051/2119
f 4833/5334 2053/2121 2052/2120
f 4834/5335 4833/5334 2052/2120
f 2074/2142 2053/2121 584/2162
f 585/2118 2074/2142 584/2162
f 2027/2094 2094/2163 2075/2143
f 2027/2094 2076/2144 2094/2163
f 2054/2122 2095/2164 2076/2144
f 2095/2164 2054/2122 2055/2123
f 2096/2165 2077/2145 2056/2124
f 2004/2071 2077/2145 2079/2147
f 2056/2124 2075/2143 2097/2166
f 2098/2167 2078/2146 2057/2125
f 2079/2147 2099/2168 2057/2125
f 2078/2146 2059/2127 2058/2126
f 2095/2164 2055/2123 2032/2099
f 2083/2151 2060/2128 2080/2148
f 2082/2150 2081/2149 2061/2129
f 2095/2164 2032/2099 2081/2149
f 2033/2100 2100/2169 2082/2150
f 2033/2100 2083/2151 2069/2137
f 2062/2130 2101/2170 2084/2152
f 2102/2171 2062/2130 2085/2153
f 2080/2148 2063/2131 2089/2157
f 2063/2131 2084/2152 2089/2157
f 2085/2153 2064/2132 2048/2115
f 2103/2172 2086/2154 2036/2103
f 2035/2102 2086/2154 2104/2173
f 2103/2172 2065/2133 2067/2135
f 2065/2133 2103/2172 2036/2103
f 2087/2155 2059/2127 2078/2146
f 2037/2104 2087/2155 2088/2156
f 2088/2156 2103/2172 2066/2134
f 2103/2172 2067/2135 2066/2134
f 2068/2136 2105/2174 2072/2140
f 2105/2174 2068/2136 2089/2157
f 2089/2157 2041/2108 2080/2148
f 2080/2148 2041/2108 2083/2151
f 2106/2175 2069/2137 2070/2138
f 2070/2138 2071/2139 2106/2175
f 2090/2158 2044/2111 2107/2176
f 2091/2159 2046/2113 2108/2177
f 2109/2178 2044/2111 2091/2159
f 2110/2179 2071/2139 2090/2158
f 2072/2140 2102/2171 2073/2141
f 2048/2115 2073/2141 2102/2171
f 2092/2160 2093/2161 2051/2119
f 2035/2102 2104/2173 2092/2160
f 4834/5336 2052/2120 2093/2161
f 4835/5337 4834/5336 2093/2161
f 2053/2121 4833/5338 4836/5339
f 584/2162 2053/2121 654/2180
f 2075/2143 2094/2163 2111/2181
f 2112/2182 2094/2163 2076/2144
f 2076/2144 2095/2164 2113/2183
f 2096/2165 2056/2124 2114/2184
f 2077/2145 2096/2165 2115/2185
f 2116/2186 2079/2147 2077/2145
f 2097/2166 2075/2143 2111/2181
f 2097/2166 2117/2187 2056/2124
f 2099/2168 2098/2167 2057/2125
f 2118/2188 2078/2146 2098/2167
f 2079/2147 2116/2186 2099/2168
f 2119/2189 2081/2149 2082/2150
f 2081/2149 2113/2183 2095/2164
f 2033/2100 2106/2175 2100/2169
f 2082/2150 2100/2169 2120/2190
f 2069/2137 2106/2175 2033/2100
f 2101/2170 2089/2157 2084/2152
f 2101/2170 2062/2130 2072/2140
f 2085/2153 2048/2115 2102/2171
f 2062/2130 2102/2171 2072/2140
f 2086/2154 2103/2172 2121/2191
f 2122/2192 2104/2173 2086/2154
f 2078/2146 2123/2193 2087/2155
f 2124/2194 2088/2156 2087/2155
f 2103/2172 2088/2156 2124/2194
f 2105/2174 2101/2170 2072/2140
f 2105/2174 2089/2157 2101/2170
f 2125/2195 2106/2175 2071/2139
f 2110/2179 2090/2158 2107/2176
f 2109/2178 2107/2176 2044/2111
f 2091/2159 2108/2177 2126/2196
f 2127/2197 2108/2177 2046/2113
f 2109/2178 2091/2159 2126/2196
f 2071/2139 2110/2179 2128/2198
f 4837/5340 2093/2161 2092/2160
f 4838/5341 4837/5340 2092/2160
f 4839/5342 2092/2160 2104/2173
f 4840/5343 4839/5342 2104/2173
f 2093/2161 4841/5344 4835/5345
f 4842/5346 654/2180 2053/2121
f 4836/5347 4842/5346 2053/2121
f 2094/2163 2129/2199 2111/2181
f 2094/2163 2112/2182 2130/2200
f 2112/2182 2076/2144 2113/2183
f 2114/2184 2056/2124 2117/2187
f 2096/2165 2114/2184 2131/2201
f 2096/2165 2132/2202 2115/2185
f 2116/2186 2077/2145 2115/2185
f 2133/2203 2097/2166 2111/2181
f 2117/2187 2097/2166 2133/2203
f 2099/2168 2116/2186 2098/2167
f 2118/2188 2123/2193 2078/2146
f 2134/2204 2118/2188 2098/2167
f 2113/2183 2081/2149 2119/2189
f 2082/2150 2135/2205 2119/2189
f 2106/2175 2125/2195 2100/2169
f 2136/2206 2120/2190 2100/2169
f 2120/2190 2137/2207 2082/2150
f 2103/2172 2138/2208 2121/2191
f 2121/2191 2122/2192 2086/2154
f 4843/5348 2104/2173 2122/2192
f 4844/5349 4843/5348 2122/2192
f 2123/2193 2124/2194 2087/2155
f 2124/2194 2123/2193 2103/2172
f 2071/2139 2128/2198 2125/2195
f 2110/2179 2107/2176 2139/2209
f 2140/2210 2107/2176 2109/2178
f 2126/2196 2108/2177 2141/2211
f 2108/2177 2127/2197 2142/2212
f 2140/2210 2109/2178 2126/2196
f 2110/2179 2143/2213 2128/2198
f 2093/2161 4837/5350 4841/5351
f 2092/2160 4839/5352 4838/5353
f 2104/2173 4843/5354 4840/5355
f 654/2180 4842/5356 4845/5357
f 2130/2200 2129/2199 2094/2163
f 2111/2181 2129/2199 2144/2214
f 2112/2182 2145/2215 2130/2200
f 2112/2182 2113/2183 2119/2189
f 2114/2184 2117/2187 2146/2216
f 2131/2201 2114/2184 2147/2217
f 2132/2202 2096/2165 2131/2201
f 2115/2185 2132/2202 2148/2218
f 2115/2185 2148/2218 2116/2186
f 2144/2214 2133/2203 2111/2181
f 2133/2203 2149/2219 2117/2187
f 2150/2220 2098/2167 2116/2186
f 2118/2188 2151/2221 2123/2193
f 2152/2222 2118/2188 2134/2204
f 2150/2220 2134/2204 2098/2167
f 2135/2205 2153/2223 2119/2189
f 2135/2205 2082/2150 2137/2207
f 2136/2206 2100/2169 2125/2195
f 2120/2190 2136/2206 2154/2224
f 2155/2225 2137/2207 2120/2190
f 2123/2193 2138/2208 2103/2172
f 2138/2208 2151/2221 2121/2191
f 4846/5358 2122/2192 2121/2191
f 4847/5359 4846/5358 2121/2191
f 2122/2192 4848/5360 4844/5361
f 2125/2195 2128/2198 2136/2206
f 2107/2176 2140/2210 2139/2209
f 2139/2209 2143/2213 2110/2179
f 2141/2211 2156/2226 2126/2196
f 2141/2211 2108/2177 2142/2212
f 2140/2210 2126/2196 2157/2227
f 2136/2206 2128/2198 2143/2213
f 654/2180 4845/5362 4825/5363
f 2145/2215 2129/2199 2130/2200
f 2158/2228 2144/2214 2129/2199
f 2145/2215 2112/2182 2119/2189
f 2117/2187 2149/2219 2146/2216
f 2147/2217 2114/2184 2146/2216
f 2147/2217 2159/2229 2131/2201
f 2131/2201 2160/2230 2132/2202
f 2161/2231 2148/2218 2132/2202
f 2148/2218 2150/2220 2116/2186
f 2162/2232 2133/2203 2144/2214
f 2149/2219 2133/2203 2163/2233
f 2151/2221 2118/2188 2152/2222
f 2151/2221 2138/2208 2123/2193
f 2134/2204 2164/2234 2152/2222
f 2150/2220 2161/2231 2134/2204
f 2119/2189 2153/2223 2158/2228
f 2135/2205 2137/2207 2153/2223
f 2165/2235 2154/2224 2136/2206
f 2154/2224 2155/2225 2120/2190
f 2137/2207 2155/2225 2166/2236
f 4847/5364 2121/2191 2151/2221
f 4849/5365 4847/5364 2151/2221
f 2122/2192 4846/5366 4850/5367
f 2122/2192 4850/5368 4848/5369
f 2139/2209 2140/2210 2167/2237
f 2168/2238 2143/2213 2139/2209
f 2169/2239 2156/2226 2141/2211
f 2126/2196 2156/2226 2157/2227
f 2170/2240 2141/2211 2142/2212
f 2157/2227 2167/2237 2140/2210
f 2143/2213 2165/2235 2136/2206
f 2129/2199 2145/2215 2158/2228
f 2158/2228 2153/2223 2144/2214
f 2158/2228 2145/2215 2119/2189
f 2146/2216 2149/2219 2163/2233
f 2146/2216 2171/2241 2147/2217
f 2147/2217 2172/2242 2159/2229
f 2159/2229 2173/2243 2131/2201
f 2131/2201 2173/2243 2160/2230
f 2160/2230 2161/2231 2132/2202
f 2148/2218 2161/2231 2150/2220
f 2153/2223 2162/2232 2144/2214
f 2162/2232 2174/2244 2133/2203
f 2133/2203 2175/2245 2163/2233
f 4851/5370 2151/2221 2152/2222
f 4852/5371 4851/5370 2152/2222
f 2134/2204 2176/2246 2164/2234
f 4852/5372 2152/2222 2164/2234
f 4853/5373 4852/5372 2164/2234
f 2134/2204 2161/2231 2177/2247
f 2153/2223 2137/2207 2166/2236
f 2165/2235 2178/2248 2154/2224
f 2179/2249 2155/2225 2154/2224
f 2155/2225 2179/2249 2166/2236
f 2151/2221 4851/5374 4849/5375
f 2139/2209 2167/2237 2168/2238
f 2180/2250 2143/2213 2168/2238
f 2169/2239 2157/2227 2156/2226
f 2141/2211 2170/2240 2169/2239
f 2142/2212 2181/2251 2170/2240
f 2167/2237 2157/2227 2182/2252
f 2165/2235 2143/2213 2183/2253
f 2184/2254 2146/2216 2163/2233
f 2172/2242 2147/2217 2171/2241
f 2171/2241 2146/2216 2184/2254
f 2159/2229 2172/2242 2171/2241
f 2173/2243 2159/2229 2185/2255
f 2160/2230 2173/2243 2186/2256
f 2177/2247 2161/2231 2160/2230
f 2162/2232 2153/2223 2166/2236
f 2175/2245 2133/2203 2174/2244
f 2166/2236 2174/2244 2162/2232
f 2175/2245 2187/2257 2163/2233
f 2177/2247 2176/2246 2134/2204
f 4854/5376 2164/2234 2176/2246
f 4855/5377 4854/5376 2176/2246
f 2164/2234 4854/5378 4853/5379
f 2188/2258 2178/2248 2165/2235
f 2189/2259 2154/2224 2178/2248
f 2179/2249 2154/2224 2189/2259
f 2166/2236 2179/2249 2174/2244
f 2167/2237 2190/2260 2168/2238
f 2183/2253 2143/2213 2180/2250
f 2168/2238 2191/2261 2180/2250
f 2169/2239 2182/2252 2157/2227
f 2169/2239 2170/2240 2192/2262
f 2170/2240 2181/2251 2193/2263
f 2167/2237 2182/2252 2194/2264
f 2183/2253 2188/2258 2165/2235
f 2184/2254 2163/2233 2195/2265
f 2196/2266 2171/2241 2184/2254
f 2159/2229 2171/2241 2197/2267
f 2198/2268 2173/2243 2185/2255
f 2197/2267 2185/2255 2159/2229
f 2186/2256 2173/2243 2198/2268
f 2177/2247 2160/2230 2186/2256
f 2179/2249 2175/2245 2174/2244
f 2175/2245 2179/2249 2187/2257
f 2199/2269 2163/2233 2187/2257
f 4856/5380 2176/2246 2177/2247
f 4857/5381 4856/5380 2177/2247
f 2176/2246 4858/5382 4855/5383
f 2188/2258 2189/2259 2178/2248
f 2187/2257 2179/2249 2189/2259
f 2190/2260 2167/2237 2194/2264
f 2190/2260 2191/2261 2168/2238
f 2183/2253 2180/2250 2200/2270
f 2191/2261 2201/2271 2180/2250
f 2192/2262 2182/2252 2169/2239
f 2193/2263 2192/2262 2170/2240
f 2181/2251 2202/2272 2193/2263
f 2182/2252 2203/2273 2194/2264
f 2200/2270 2188/2258 2183/2253
f 2199/2269 2195/2265 2163/2233
f 2184/2254 2195/2265 2196/2266
f 2171/2241 2196/2266 2204/2274
f 2197/2267 2171/2241 2204/2274
f 2205/2275 2198/2268 2185/2255
f 2205/2275 2185/2255 2197/2267
f 2198/2268 2206/2276 2186/2256
f 2206/2276 2177/2247 2186/2256
f 2199/2269 2187/2257 2207/2277
f 2176/2246 4856/5384 4858/5385
f 4857/5386 2177/2247 2206/2276
f 4859/5387 4857/5386 2206/2276
f 2188/2258 2208/2278 2189/2259
f 2209/2279 2187/2257 2189/2259
f 2194/2264 2210/2280 2190/2260
f 2210/2280 2191/2261 2190/2260
f 2211/2281 2200/2270 2180/2250
f 2212/2282 2201/2271 2191/2261
f 2180/2250 2201/2271 2213/2283
f 2192/2262 2203/2273 2182/2252
f 2193/2263 2214/2284 2192/2262
f 2202/2272 2181/2251 2215/2285
f 2193/2263 2202/2272 2216/2286
f 2217/2287 2194/2264 2203/2273
f 2188/2258 2200/2270 2208/2278
f 2195/2265 2199/2269 2218/2288
f 2196/2266 2195/2265 2219/2289
f 2204/2274 2196/2266 2220/2290
f 2197/2267 2204/2274 2205/2275
f 2221/2291 2198/2268 2205/2275
f 4860/5388 2206/2276 2198/2268
f 4861/5389 4860/5388 2198/2268
f 2187/2257 2222/2292 2207/2277
f 2207/2277 2223/2293 2199/2269
f 2206/2276 4860/5390 4859/5391
f 2189/2259 2208/2278 2209/2279
f 2209/2279 2222/2292 2187/2257
f 2194/2264 2224/2294 2210/2280
f 2212/2282 2191/2261 2210/2280
f 2211/2281 2180/2250 2213/2283
f 2200/2270 2211/2281 2209/2279
f 2201/2271 2212/2282 2213/2283
f 2192/2262 2225/2295 2203/2273
f 2193/2263 2216/2286 2214/2284
f 2214/2284 2225/2295 2192/2262
f 2226/2296 2202/2272 2215/2285
f 2216/2286 2202/2272 2226/2296
f 2224/2294 2194/2264 2217/2287
f 2217/2287 2203/2273 2227/2297
f 2208/2278 2200/2270 2209/2279
f 2218/2288 2228/2298 2195/2265
f 2199/2269 2223/2293 2218/2288
f 2229/2299 2196/2266 2219/2289
f 2219/2289 2195/2265 2228/2298
f 2220/2290 2196/2266 2229/2299
f 2220/2290 2230/2300 2204/2274
f 2205/2275 2204/2274 2230/2300
f 2231/2301 2198/2268 2221/2291
f 2205/2275 2232/2302 2221/2291
f 2198/2268 4862/5392 4861/5393
f 2223/2293 2207/2277 2222/2292
f 2211/2281 2222/2292 2209/2279
f 2212/2282 2210/2280 2224/2294
f 2233/2303 2211/2281 2213/2283
f 2213/2283 2212/2282 2234/2304
f 2225/2295 2235/2305 2203/2273
f 2214/2284 2216/2286 2226/2296
f 2235/2305 2225/2295 2214/2284
f 2217/2287 2236/2306 2224/2294
f 2203/2273 2235/2305 2227/2297
f 2227/2297 2236/2306 2217/2287
f 2218/2288 2237/2307 2228/2298
f 2223/2293 2238/2308 2218/2288
f 2219/2289 2239/2309 2229/2299
f 2239/2309 2219/2289 2228/2298
f 2229/2299 2240/2310 2220/2290
f 2220/2290 2240/2310 2230/2300
f 2205/2275 2230/2300 2232/2302
f 4863/5394 2198/2268 2231/2301
f 4864/5395 4863/5394 2231/2301
f 2232/2302 2231/2301 2221/2291
f 2198/2268 4863/5396 4862/5397
f 2223/2293 2222/2292 2241/2311
f 2211/2281 2233/2303 2222/2292
f 2242/2312 2212/2282 2224/2294
f 2234/2304 2233/2303 2213/2283
f 2234/2304 2212/2282 2242/2312
f 2224/2294 2236/2306 2243/2313
f 2244/2314 2227/2297 2235/2305
f 2236/2306 2227/2297 2244/2314
f 2238/2308 2237/2307 2218/2288
f 2245/2315 2228/2298 2237/2307
f 2223/2293 2246/2316 2238/2308
f 2247/2317 2229/2299 2239/2309
f 2239/2309 2228/2298 2248/2318
f 2240/2310 2229/2299 2247/2317
f 2249/2319 2230/2300 2240/2310
f 2230/2300 2249/2319 2232/2302
f 2231/2301 4865/5398 4864/5399
f 2231/2301 2232/2302 2249/2319
f 2246/2316 2223/2293 2241/2311
f 2222/2292 2233/2303 2241/2311
f 2243/2313 2242/2312 2224/2294
f 2241/2311 2233/2303 2234/2304
f 2234/2304 2242/2312 2250/2320
f 2243/2313 2236/2306 2251/2321
f 2251/2321 2236/2306 2244/2314
f 2237/2307 2238/2308 2252/2322
f 2248/2318 2228/2298 2245/2315
f 2237/2307 2252/2322 2245/2315
f 2238/2308 2246/2316 2252/2322
f 2239/2309 2253/2323 2247/2317
f 2253/2323 2239/2309 2248/2318
f 2254/2324 2240/2310 2247/2317
f 2240/2310 2254/2324 2249/2319
f 4865/5400 2231/2301 2249/2319
f 4866/5401 4865/5400 2249/2319
f 2241/2311 2255/2325 2246/2316
f 2243/2313 2250/2320 2242/2312
f 2234/2304 2250/2320 2241/2311
f 2243/2313 2251/2321 2256/2326
f 2251/2321 2244/2314 2257/2327
f 2245/2315 2258/2328 2248/2318
f 2245/2315 2252/2322 2258/2328
f 2252/2322 2246/2316 2255/2325
f 2247/2317 2253/2323 2254/2324
f 2259/2329 2253/2323 2248/2318
f 4866/5402 2249/2319 2254/2324
f 4867/5403 4866/5402 2254/2324
f 2241/2311 2260/2330 2255/2325
f 2261/2331 2250/2320 2243/2313
f 2241/2311 2250/2320 2260/2330
f 2251/2321 2262/2332 2256/2326
f 2256/2326 2261/2331 2243/2313
f 2262/2332 2251/2321 2257/2327
f 2244/2314 2263/2333 2257/2327
f 2248/2318 2258/2328 2259/2329
f 2264/2334 2258/2328 2252/2322
f 2265/2335 2252/2322 2255/2325
f 2254/2324 2253/2323 2259/2329
f 2254/2324 4868/5404 4867/5405
f 2260/2330 2266/2336 2255/2325
f 2250/2320 2261/2331 2256/2326
f 2256/2326 2260/2330 2250/2320
f 2262/2332 2267/2337 2256/2326
f 2268/2338 2262/2332 2257/2327
f 2257/2327 2263/2333 2268/2338
f 2259/2329 2258/2328 2269/2339
f 2270/2340 2264/2334 2252/2322
f 2264/2334 2271/2341 2258/2328
f 2252/2322 2265/2335 2272/2342
f 2273/2343 2265/2335 2255/2325
f 4868/5406 2254/2324 2259/2329
f 4869/5407 4868/5406 2259/2329
f 2266/2336 2273/2343 2255/2325
f 2256/2326 2266/2336 2260/2330
f 2267/2337 2262/2332 2274/2344
f 2266/2336 2256/2326 2267/2337
f 2262/2332 2268/2338 2274/2344
f 2268/2338 2263/2333 2275/2345
f 2269/2339 2258/2328 2271/2341
f 4869/5408 2259/2329 2269/2339
f 4870/5409 4869/5408 2269/2339
f 2270/2340 2271/2341 2264/2334
f 2272/2342 2270/2340 2252/2322
f 2276/2346 2272/2342 2265/2335
f 2273/2343 2276/2346 2265/2335
f 2277/2347 4871/5410 4872/5411
f 2266/2336 2267/2337 2273/2343
f 2274/2344 2278/2348 2267/2337
f 2268/2338 2279/2349 2274/2344
f 2275/2345 2279/2349 2268/2338
f 2271/2341 2277/2347 2269/2339
f 4870/5412 2269/2339 2277/2347
f 4872/5413 4870/5412 2277/2347
f 2280/2350 2271/2341 2270/2340
f 2270/2340 2272/2342 2281/2351
f 2272/2342 2276/2346 2282/2352
f 2276/2346 2273/2343 2278/2348
f 4871/5414 2277/2347 2271/2341
f 4873/5415 4871/5414 2271/2341
f 2267/2337 2278/2348 2273/2343
f 2274/2344 2276/2346 2278/2348
f 2279/2349 2283/2353 2274/2344
f 2279/2349 2275/2345 2284/2354
f 2285/2355 2271/2341 2280/2350
f 2270/2340 2281/2351 2280/2350
f 2272/2342 2282/2352 2281/2351
f 2276/2346 2274/2344 2282/2352
f 2271/2341 4874/5416 4873/5417
f 2283/2353 2282/2352 2274/2344
f 2286/2356 2283/2353 2279/2349
f 2284/2354 2286/2356 2279/2349
f 2285/2355 2280/2350 2287/2357
f 4874/5418 2271/2341 2285/2355
f 4875/5419 4874/5418 2285/2355
f 2280/2350 2281/2351 2288/2358
f 2282/2352 2283/2353 2281/2351
f 2285/2355 4876/5420 4875/5421
f 2283/2353 2286/2356 2289/2359
f 2284/2354 2290/2360 2286/2356
f 2287/2357 2280/2350 2288/2358
f 2291/2361 2285/2355 2287/2357
f 2283/2353 2288/2358 2281/2351
f 4876/5422 2285/2355 2291/2361
f 4877/5423 4876/5422 2291/2361
f 2292/2362 4878/5424 4879/5425
f 2289/2359 2286/2356 2290/2360
f 2288/2358 2283/2353 2289/2359
f 2290/2360 2284/2354 2293/2363
f 2288/2358 2294/2364 2287/2357
f 2291/2361 2287/2357 2295/2365
f 4877/5426 2291/2361 2292/2362
f 4879/5427 4877/5426 2292/2362
f 4878/5428 2292/2362 2296/2366
f 4880/5429 4878/5428 2296/2366
f 2290/2360 2297/2367 2289/2359
f 2288/2358 2289/2359 2294/2364
f 2298/2368 2290/2360 2293/2363
f 2295/2365 2287/2357 2294/2364
f 2292/2362 2291/2361 2295/2365
f 2292/2362 2299/2369 2296/2366
f 2290/2360 2300/2370 2297/2367
f 2300/2370 2289/2359 2297/2367
f 2294/2364 2289/2359 2301/2371
f 2290/2360 2298/2368 2300/2370
f 2293/2363 2302/2372 2298/2368
f 2295/2365 2294/2364 2301/2371
f 2295/2365 2303/2373 2292/2362
f 2299/2369 2292/2362 2303/2373
f 2289/2359 2300/2370 2301/2371
f 2304/2374 2300/2370 2298/2368
f 2302/2372 2304/2374 2298/2368
f 2301/2371 2303/2373 2295/2365
f 2303/2373 2305/2375 2299/2369
f 2301/2371 2300/2370 2304/2374
f 2305/2375 2304/2374 2302/2372
f 2303/2373 2301/2371 2304/2374
f 2304/2374 2305/2375 2303/2373
f 2306/2376 4881/5430 4882/5431
f 2306/2376 4883/5432 4881/5433
f 2307/2377 2308/2378 2309/2379
f 2307/2377 2310/2380 2308/2378
f 2309/2379 2308/2378 2311/2381
f 2312/2382 2307/2377 2309/2379
f 2310/2380 2307/2377 2313/2383
f 2311/2381 2314/2384 2309/2379
f 2314/2384 2312/2382 2309/2379
f 2315/2385 2307/2377 2312/2382
f 2315/2385 2313/2383 2307/2377
f 2310/2380 2313/2383 2316/2386
f 2314/2384 2311/2381 2317/2387
f 2312/2382 2314/2384 2318/2388
f 2312/2382 2319/2389 2315/2385
f 2320/2390 2313/2383 2315/2385
f 2316/2386 2313/2383 2321/2391
f 2314/2384 2317/2387 2318/2388
f 2317/2387 2311/2381 2322/2392
f 2318/2388 2323/2393 2312/2382
f 2324/2394 2319/2389 2312/2382
f 2319/2389 2325/2395 2315/2385
f 2320/2390 2326/2396 2313/2383
f 2315/2385 2325/2395 2320/2390
f 2326/2396 2321/2391 2313/2383
f 2317/2387 2327/2397 2318/2388
f 2328/2398 2322/2392 2311/2381
f 2322/2392 2327/2397 2317/2387
f 2323/2393 2318/2388 2329/2399
f 2312/2382 2323/2393 2324/2394
f 2324/2394 2330/2400 2319/2389
f 2325/2395 2319/2389 2331/2401
f 2332/2402 2326/2396 2320/2390
f 2325/2395 2332/2402 2320/2390
f 2326/2396 2333/2403 2321/2391
f 2327/2397 2329/2399 2318/2388
f 2322/2392 2328/2398 2334/2404
f 2322/2392 2335/2405 2327/2397
f 2336/2406 2323/2393 2329/2399
f 2323/2393 2336/2406 2324/2394
f 2337/2407 2330/2400 2324/2394
f 2331/2401 2319/2389 2330/2400
f 2331/2401 2338/2408 2325/2395
f 2332/2402 2333/2403 2326/2396
f 2332/2402 2325/2395 2339/2409
f 2340/2410 2321/2391 2333/2403
f 2335/2405 2329/2399 2327/2397
f 2341/2411 2334/2404 2328/2398
f 2342/2412 2322/2392 2334/2404
f 2342/2412 2335/2405 2322/2392
f 2335/2405 2336/2406 2329/2399
f 2336/2406 2343/2413 2324/2394
f 2343/2413 2337/2407 2324/2394
f 2337/2407 2344/2414 2330/2400
f 2344/2414 2331/2401 2330/2400
f 2338/2408 2345/2415 2325/2395
f 2331/2401 2346/2416 2338/2408
f 2347/2417 2333/2403 2332/2402
f 2345/2415 2339/2409 2325/2395
f 2339/2409 2347/2417 2332/2402
f 2348/2418 2321/2391 2340/2410
f 2333/2403 2349/2419 2340/2410
f 2341/2411 2350/2420 2334/2404
f 2351/2421 2342/2412 2334/2404
f 2342/2412 2352/2422 2335/2405
f 2343/2413 2336/2406 2335/2405
f 2353/2423 2337/2407 2343/2413
f 2344/2414 2337/2407 2354/2424
f 2346/2416 2331/2401 2344/2414
f 2355/2425 2345/2415 2338/2408
f 2356/2426 2338/2408 2346/2416
f 2349/2419 2333/2403 2347/2417
f 2339/2409 2345/2415 2357/2427
f 2358/2428 2347/2417 2339/2409
f 2349/2419 2348/2418 2340/2410
f 2350/2420 2341/2411 2359/2429
f 2334/2404 2350/2420 2351/2421
f 2342/2412 2351/2421 2360/2430
f 2360/2430 2352/2422 2342/2412
f 2361/2431 2335/2405 2352/2422
f 2353/2423 2343/2413 2335/2405
f 2354/2424 2337/2407 2353/2423
f 2344/2414 2354/2424 2362/2432
f 2362/2432 2346/2416 2344/2414
f 2345/2415 2355/2425 2363/2433
f 2364/2434 2355/2425 2338/2408
f 2365/2435 2356/2426 2346/2416
f 2356/2426 2364/2434 2338/2408
f 2366/2436 2349/2419 2347/2417
f 2345/2415 2363/2433 2357/2427
f 2339/2409 2357/2427 2367/2437
f 2367/2437 2358/2428 2339/2409
f 2358/2428 2368/2438 2347/2417
f 2366/2436 2348/2418 2349/2419
f 2369/2439 2350/2420 2359/2429
f 2351/2421 2350/2420 2370/2440
f 2360/2430 2351/2421 2371/2441
f 2372/2442 2352/2422 2360/2430
f 2335/2405 2361/2431 2353/2423
f 2373/2443 2361/2431 2352/2422
f 2374/2444 2354/2424 2353/2423
f 2354/2424 2375/2445 2362/2432
f 2362/2432 2365/2435 2346/2416
f 2376/2446 2363/2433 2355/2425
f 2364/2434 2377/2447 2355/2425
f 2365/2435 2378/2448 2356/2426
f 2378/2448 2364/2434 2356/2426
f 2347/2417 2379/2449 2366/2436
f 2363/2433 2367/2437 2357/2427
f 2367/2437 2380/2450 2358/2428
f 2347/2417 2368/2438 2379/2449
f 2368/2438 2358/2428 2381/2451
f 2348/2418 2366/2436 2382/2452
f 2369/2439 2370/2440 2350/2420
f 2383/2453 2369/2439 2359/2429
f 2370/2440 2371/2441 2351/2421
f 2371/2441 2384/2454 2360/2430
f 2372/2442 2360/2430 2384/2454
f 2372/2442 2385/2455 2352/2422
f 2374/2444 2353/2423 2361/2431
f 2385/2455 2373/2443 2352/2422
f 2373/2443 2386/2456 2361/2431
f 2354/2424 2374/2444 2375/2445
f 2375/2445 2365/2435 2362/2432
f 2355/2425 2387/2457 2376/2446
f 2363/2433 2376/2446 2367/2437
f 2377/2447 2364/2434 2388/2458
f 2355/2425 2377/2447 2389/2459
f 2378/2448 2365/2435 2390/2460
f 2364/2434 2378/2448 2388/2458
f 2379/2449 2391/2461 2366/2436
f 2367/2437 2376/2446 2380/2450
f 2358/2428 2380/2450 2381/2451
f 2368/2438 2392/2462 2379/2449
f 2368/2438 2381/2451 2392/2462
f 2382/2452 2366/2436 2391/2461
f 2393/2463 2370/2440 2369/2439
f 2394/2464 2369/2439 2383/2453
f 2371/2441 2370/2440 2393/2463
f 2371/2441 2395/2465 2384/2454
f 2372/2442 2384/2454 2396/2466
f 2385/2455 2372/2442 2396/2466
f 2361/2431 2397/2467 2374/2444
f 2373/2443 2385/2455 2398/2468
f 2373/2443 2399/2469 2386/2456
f 2386/2456 2397/2467 2361/2431
f 2400/2470 2375/2445 2374/2444
f 2365/2435 2375/2445 2390/2460
f 2355/2425 2389/2459 2387/2457
f 2376/2446 2387/2457 2380/2450
f 2388/2458 2401/2471 2377/2447
f 2389/2459 2377/2447 2402/2472
f 2403/2473 2378/2448 2390/2460
f 2388/2458 2378/2448 2403/2473
f 2381/2451 2380/2450 2404/2474
f 2379/2449 2392/2462 2405/2475
f 2381/2451 2404/2474 2392/2462
f 2393/2463 2369/2439 2406/2476
f 2369/2439 2394/2464 2406/2476
f 2407/2477 2394/2464 2383/2453
f 2393/2463 2395/2465 2371/2441
f 2395/2465 2408/2478 2384/2454
f 2384/2454 2409/2479 2396/2466
f 2385/2455 2396/2466 2410/2480
f 2374/2444 2397/2467 2400/2470
f 2398/2468 2399/2469 2373/2443
f 2385/2455 2411/2481 2398/2468
f 2386/2456 2399/2469 2412/2482
f 2397/2467 2386/2456 2412/2482
f 2413/2483 2375/2445 2400/2470
f 2390/2460 2375/2445 2413/2483
f 2389/2459 2414/2484 2387/2457
f 2380/2450 2387/2457 2414/2484
f 2415/2485 2377/2447 2401/2471
f 2388/2458 2416/2486 2401/2471
f 2377/2447 2415/2485 2402/2472
f 2414/2484 2389/2459 2402/2472
f 2417/2487 2403/2473 2390/2460
f 2418/2488 2388/2458 2403/2473
f 2404/2474 2380/2450 2419/2489
f 2420/2490 2405/2475 2392/2462
f 2421/2491 2392/2462 2404/2474
f 2406/2476 2422/2492 2393/2463
f 2423/2493 2406/2476 2394/2464
f 2407/2477 2383/2453 713/2494
f 2407/2477 2424/2495 2394/2464
f 2395/2465 2393/2463 2422/2492
f 2408/2478 2395/2465 2425/2496
f 2409/2479 2384/2454 2408/2478
f 2409/2479 2410/2480 2396/2466
f 2410/2480 2426/2497 2385/2455
f 2400/2470 2397/2467 2412/2482
f 2398/2468 2427/2498 2399/2469
f 2426/2497 2411/2481 2385/2455
f 2398/2468 2411/2481 2428/2499
f 2412/2482 2399/2469 2429/2500
f 2413/2483 2400/2470 2430/2501
f 2390/2460 2413/2483 2417/2487
f 2380/2450 2414/2484 2431/2502
f 2415/2485 2401/2471 2432/2503
f 2401/2471 2416/2486 2433/2504
f 2388/2458 2418/2488 2416/2486
f 2402/2472 2415/2485 2434/2505
f 2434/2505 2414/2484 2402/2472
f 2417/2487 2435/2506 2403/2473
f 2403/2473 2436/2507 2418/2488
f 2431/2502 2419/2489 2380/2450
f 2404/2474 2419/2489 2437/2508
f 2392/2462 2421/2491 2420/2490
f 2438/2509 2405/2475 2420/2490
f 2439/2510 2421/2491 2404/2474
f 2422/2492 2406/2476 2440/2511
f 2440/2511 2406/2476 2423/2493
f 2423/2493 2394/2464 2424/2495
f 2407/2477 713/2494 2441/2512
f 2424/2495 2407/2477 2442/2513
f 2395/2465 2422/2492 2443/2514
f 2425/2496 2395/2465 2443/2514
f 2444/2515 2408/2478 2425/2496
f 2409/2479 2408/2478 2444/2515
f 2445/2516 2410/2480 2409/2479
f 2426/2497 2410/2480 2446/2517
f 2412/2482 2430/2501 2400/2470
f 2427/2498 2447/2518 2399/2469
f 2398/2468 2448/2519 2427/2498
f 2411/2481 2426/2497 2449/2520
f 2428/2499 2448/2519 2398/2468
f 2450/2521 2428/2499 2411/2481
f 2429/2500 2451/2522 2412/2482
f 2447/2518 2429/2500 2399/2469
f 2430/2501 2452/2523 2413/2483
f 2453/2524 2417/2487 2413/2483
f 2454/2525 2431/2502 2414/2484
f 2432/2503 2434/2505 2415/2485
f 2432/2503 2401/2471 2433/2504
f 2416/2486 2455/2526 2433/2504
f 2418/2488 2455/2526 2416/2486
f 2414/2484 2434/2505 2454/2525
f 2403/2473 2435/2506 2456/2527
f 2417/2487 2453/2524 2435/2506
f 2457/2528 2418/2488 2436/2507
f 2456/2527 2436/2507 2403/2473
f 2437/2508 2419/2489 2431/2502
f 2404/2474 2437/2508 2458/2529
f 2420/2490 2421/2491 2438/2509
f 2438/2509 2459/2530 2405/2475
f 2421/2491 2439/2510 2460/2531
f 2439/2510 2404/2474 2458/2529
f 2422/2492 2440/2511 2443/2514
f 2461/2532 2440/2511 2423/2493
f 2423/2493 2424/2495 2462/2533
f 713/2494 674/2534 2441/2512
f 2442/2513 2407/2477 2441/2512
f 2424/2495 2442/2513 2463/2535
f 2443/2514 2464/2536 2425/2496
f 2464/2536 2444/2515 2425/2496
f 2445/2516 2409/2479 2444/2515
f 2445/2516 2446/2517 2410/2480
f 2465/2537 2426/2497 2446/2517
f 2466/2538 2430/2501 2412/2482
f 2429/2500 2447/2518 2427/2498
f 2448/2519 2467/2539 2427/2498
f 2426/2497 2465/2537 2449/2520
f 2449/2520 2450/2521 2411/2481
f 2468/2540 2448/2519 2428/2499
f 2428/2499 2450/2521 2468/2540
f 2429/2500 2469/2541 2451/2522
f 2412/2482 2451/2522 2466/2538
f 2466/2538 2452/2523 2430/2501
f 2453/2524 2413/2483 2452/2523
f 2431/2502 2454/2525 2470/2542
f 2434/2505 2432/2503 2454/2525
f 2471/2543 2432/2503 2433/2504
f 2455/2526 2472/2544 2433/2504
f 2418/2488 2473/2545 2455/2526
f 2435/2506 2474/2546 2456/2527
f 2452/2523 2435/2506 2453/2524
f 2436/2507 2475/2547 2457/2528
f 2418/2488 2457/2528 2476/2548
f 2456/2527 2477/2549 2436/2507
f 2437/2508 2431/2502 2478/2550
f 2458/2529 2437/2508 2479/2551
f 2438/2509 2421/2491 2480/2552
f 2438/2509 2481/2553 2459/2530
f 2482/2554 2405/2475 2459/2530
f 2483/2555 2460/2531 2439/2510
f 2421/2491 2460/2531 2480/2552
f 2483/2555 2439/2510 2458/2529
f 2464/2536 2443/2514 2440/2511
f 2484/2556 2440/2511 2461/2532
f 2461/2532 2423/2493 2485/2557
f 2423/2493 2462/2533 2485/2557
f 2486/2558 2462/2533 2424/2495
f 2441/2512 674/2534 2487/2559
f 2463/2535 2442/2513 2441/2512
f 2486/2558 2424/2495 2463/2535
f 2444/2515 2464/2536 2488/2560
f 2444/2515 2489/2561 2445/2516
f 2490/2562 2446/2517 2445/2516
f 2446/2517 2491/2563 2465/2537
f 2469/2541 2429/2500 2427/2498
f 2467/2539 2469/2541 2427/2498
f 2492/2564 2467/2539 2448/2519
f 2493/2565 2449/2520 2465/2537
f 2493/2565 2450/2521 2449/2520
f 2492/2564 2448/2519 2468/2540
f 2494/2566 2468/2540 2450/2521
f 2469/2541 2495/2567 2451/2522
f 2466/2538 2451/2522 2495/2567
f 2452/2523 2466/2538 2474/2546
f 2470/2542 2454/2525 2496/2568
f 2497/2569 2431/2502 2470/2542
f 2498/2570 2454/2525 2432/2503
f 2433/2504 2499/2571 2471/2543
f 2498/2570 2432/2503 2471/2543
f 2433/2504 2472/2544 2499/2571
f 2473/2545 2472/2544 2455/2526
f 2473/2545 2418/2488 2476/2548
f 2477/2549 2456/2527 2474/2546
f 2474/2546 2435/2506 2452/2523
f 2477/2549 2475/2547 2436/2507
f 2500/2572 2457/2528 2475/2547
f 2500/2572 2476/2548 2457/2528
f 2501/2573 2437/2508 2478/2550
f 2431/2502 2497/2569 2478/2550
f 2437/2508 2501/2573 2479/2551
f 2479/2551 2483/2555 2458/2529
f 2438/2509 2480/2552 2481/2553
f 2481/2553 2502/2574 2459/2530
f 2482/2554 2459/2530 2502/2574
f 2460/2531 2483/2555 2503/2575
f 2480/2552 2460/2531 2504/2576
f 2484/2556 2464/2536 2440/2511
f 2484/2556 2461/2532 2505/2577
f 2506/2578 2461/2532 2485/2557
f 2462/2533 2507/2579 2485/2557
f 2486/2558 2508/2580 2462/2533
f 2487/2559 674/2534 712/2581
f 2487/2559 2509/2582 2441/2512
f 2509/2582 2463/2535 2441/2512
f 2510/2583 2486/2558 2463/2535
f 2488/2560 2489/2561 2444/2515
f 2464/2536 2511/2584 2488/2560
f 2490/2562 2445/2516 2489/2561
f 2491/2563 2446/2517 2490/2562
f 2491/2563 2512/2585 2465/2537
f 2469/2541 2467/2539 2513/2586
f 2467/2539 2492/2564 2513/2586
f 2465/2537 2512/2585 2493/2565
f 2514/2587 2450/2521 2493/2565
f 2515/2588 2492/2564 2468/2540
f 2516/2589 2468/2540 2494/2566
f 2450/2521 2517/2590 2494/2566
f 2518/2591 2495/2567 2469/2541
f 2495/2567 2474/2546 2466/2538
f 2454/2525 2519/2592 2496/2568
f 2496/2568 2520/2593 2470/2542
f 976/2594 2497/2569 2470/2542
f 2519/2592 2454/2525 2498/2570
f 2499/2571 2521/2595 2471/2543
f 2498/2570 2471/2543 2522/2596
f 2472/2544 2523/2597 2499/2571
f 2472/2544 2473/2545 2524/2598
f 2473/2545 2476/2548 2525/2599
f 2526/2600 2477/2549 2474/2546
f 2527/2601 2475/2547 2477/2549
f 2527/2601 2500/2572 2475/2547
f 2500/2572 2528/2602 2476/2548
f 2501/2573 2478/2550 2529/2603
f 2497/2569 2529/2603 2478/2550
f 2479/2551 2501/2573 2530/2604
f 2479/2551 2531/2605 2483/2555
f 2481/2553 2480/2552 2504/2576
f 2502/2574 2481/2553 2532/2606
f 2533/2607 2460/2531 2503/2575
f 2483/2555 2534/2608 2503/2575
f 2460/2531 2533/2607 2504/2576
f 2484/2556 2511/2584 2464/2536
f 2461/2532 2506/2578 2505/2577
f 2535/2609 2484/2556 2505/2577
f 2485/2557 2507/2579 2506/2578
f 2508/2580 2507/2579 2462/2533
f 2486/2558 2536/2610 2508/2580
f 2537/2611 2487/2559 712/2581
f 2509/2582 2487/2559 2538/2612
f 2509/2582 2510/2583 2463/2535
f 2539/2613 2486/2558 2510/2583
f 2489/2561 2488/2560 2540/2614
f 2511/2584 2541/2615 2488/2560
f 2540/2614 2490/2562 2489/2561
f 2490/2562 2542/2616 2491/2563
f 2543/2617 2512/2585 2491/2563
f 2469/2541 2513/2586 2544/2618
f 2513/2586 2492/2564 2545/2619
f 2514/2587 2493/2565 2512/2585
f 2450/2521 2514/2587 2517/2590
f 2492/2564 2515/2588 2546/2620
f 2547/2621 2515/2588 2468/2540
f 2516/2589 2547/2621 2468/2540
f 2548/2622 2516/2589 2494/2566
f 2494/2566 2517/2590 2549/2623
f 2469/2541 2544/2618 2518/2591
f 2474/2546 2495/2567 2518/2591
f 2550/2624 2496/2568 2519/2592
f 2520/2593 2496/2568 2551/2625
f 2520/2593 976/2594 2470/2542
f 2497/2569 976/2594 975/2626
f 2498/2570 2522/2596 2519/2592
f 2521/2595 2499/2571 2552/2627
f 2471/2543 2521/2595 2522/2596
f 2472/2544 2524/2598 2523/2597
f 2523/2597 2552/2627 2499/2571
f 2473/2545 2553/2628 2524/2598
f 2476/2548 2528/2602 2525/2599
f 2525/2599 2553/2628 2473/2545
f 2554/2629 2477/2549 2526/2600
f 2526/2600 2474/2546 2518/2591
f 2527/2601 2477/2549 2554/2629
f 2500/2572 2527/2601 2555/2630
f 2556/2631 2528/2602 2500/2572
f 2529/2603 2557/2632 2501/2573
f 975/2626 2529/2603 2497/2569
f 2530/2604 2501/2573 2557/2632
f 2530/2604 2531/2605 2479/2551
f 2531/2605 2534/2608 2483/2555
f 2481/2553 2504/2576 2532/2606
f 2503/2575 973/2633 2533/2607
f 2503/2575 2534/2608 973/2633
f 2504/2576 2533/2607 2558/2634
f 2484/2556 2541/2615 2511/2584
f 2506/2578 2559/2635 2505/2577
f 2484/2556 2535/2609 2560/2636
f 2561/2637 2535/2609 2505/2577
f 2562/2638 2506/2578 2507/2579
f 2562/2638 2507/2579 2508/2580
f 2508/2580 2536/2610 2563/2639
f 2536/2610 2486/2558 2539/2613
f 2538/2612 2487/2559 2537/2611
f 712/2581 2564/2640 2537/2611
f 2565/2641 2509/2582 2538/2612
f 2566/2642 2510/2583 2509/2582
f 2539/2613 2510/2583 2567/2643
f 2488/2560 2568/2644 2540/2614
f 2541/2615 2569/2645 2488/2560
f 2542/2616 2490/2562 2540/2614
f 2543/2617 2491/2563 2542/2616
f 2543/2617 2514/2587 2512/2585
f 2570/2646 2544/2618 2513/2586
f 2571/2647 2545/2619 2492/2564
f 2545/2619 2572/2648 2513/2586
f 2573/2649 2517/2590 2514/2587
f 2547/2621 2546/2620 2515/2588
f 2546/2620 2571/2647 2492/2564
f 2574/2650 2547/2621 2516/2589
f 2516/2589 2548/2622 2575/2651
f 2549/2623 2548/2622 2494/2566
f 2517/2590 2573/2649 2549/2623
f 2544/2618 2576/2652 2518/2591
f 2522/2596 2550/2624 2519/2592
f 2550/2624 2551/2625 2496/2568
f 962/2653 2520/2593 2551/2625
f 976/2594 2520/2593 962/2653
f 2521/2595 2552/2627 2577/2654
f 2522/2596 2521/2595 2578/2655
f 2523/2597 2524/2598 2579/2656
f 2552/2627 2523/2597 2579/2656
f 2553/2628 2579/2656 2524/2598
f 2525/2599 2528/2602 2580/2657
f 2553/2628 2525/2599 2581/2658
f 2554/2629 2526/2600 2582/2659
f 2518/2591 2582/2659 2526/2600
f 2583/2660 2527/2601 2554/2629
f 2584/2661 2500/2572 2555/2630
f 2555/2630 2527/2601 2585/2662
f 2586/2663 2528/2602 2556/2631
f 2584/2661 2556/2631 2500/2572
f 2529/2603 947/2664 2557/2632
f 975/2626 947/2664 2529/2603
f 2557/2632 982/2665 2530/2604
f 2530/2604 2534/2608 2531/2605
f 2532/2606 2504/2576 2587/2666
f 2558/2634 2533/2607 973/2633
f 973/2633 2534/2608 982/2665
f 2504/2576 2558/2634 2587/2666
f 2560/2636 2541/2615 2484/2556
f 2559/2635 2506/2578 2588/2667
f 2559/2635 2561/2637 2505/2577
f 2589/2668 2560/2636 2535/2609
f 2590/2669 2535/2609 2561/2637
f 2506/2578 2562/2638 2588/2667
f 2562/2638 2508/2580 2563/2639
f 2591/2670 2563/2639 2536/2610
f 2536/2610 2539/2613 2591/2670
f 2537/2611 2592/2671 2538/2612
f 2593/2672 2564/2640 712/2581
f 2537/2611 2564/2640 2594/2673
f 2509/2582 2565/2641 2566/2642
f 2592/2671 2565/2641 2538/2612
f 2510/2583 2566/2642 2567/2643
f 2591/2670 2539/2613 2567/2643
f 2569/2645 2568/2644 2488/2560
f 2568/2644 2595/2674 2540/2614
f 2541/2615 2589/2668 2569/2645
f 2595/2674 2542/2616 2540/2614
f 2542/2616 2596/2675 2543/2617
f 2543/2617 2597/2676 2514/2587
f 2576/2652 2544/2618 2570/2646
f 2513/2586 2598/2677 2570/2646
f 2545/2619 2571/2647 2572/2648
f 2572/2648 2598/2677 2513/2586
f 2573/2649 2514/2587 2597/2676
f 2547/2621 2599/2678 2546/2620
f 2600/2679 2571/2647 2546/2620
f 2547/2621 2574/2650 2601/2680
f 2574/2650 2516/2589 2575/2651
f 2602/2681 2575/2651 2548/2622
f 2548/2622 2549/2623 2603/2682
f 2573/2649 2604/2683 2549/2623
f 2576/2652 2605/2684 2518/2591
f 2606/2685 2550/2624 2522/2596
f 2607/2686 2551/2625 2550/2624
f 962/2653 2551/2625 2607/2686
f 2552/2627 2579/2656 2577/2654
f 2577/2654 2608/2687 2521/2595
f 2606/2685 2522/2596 2578/2655
f 2578/2655 2521/2595 2609/2688
f 2579/2656 2553/2628 2581/2658
f 2610/2689 2580/2657 2528/2602
f 2580/2657 2611/2690 2525/2599
f 2581/2658 2525/2599 2611/2690
f 2582/2659 2583/2660 2554/2629
f 2518/2591 2605/2684 2582/2659
f 2585/2662 2527/2601 2583/2660
f 2555/2630 2612/2691 2584/2661
f 2613/2692 2555/2630 2585/2662
f 2586/2663 2610/2689 2528/2602
f 2614/2693 2586/2663 2556/2631
f 2556/2631 2584/2661 2614/2693
f 2557/2632 947/2664 974/2694
f 982/2665 2534/2608 2530/2604
f 974/2694 982/2665 2557/2632
f 2560/2636 2589/2668 2541/2615
f 2588/2667 2615/2695 2559/2635
f 2561/2637 2559/2635 2616/2696
f 2589/2668 2535/2609 2590/2669
f 2590/2669 2561/2637 2617/2697
f 2588/2667 2562/2638 2615/2695
f 2618/2698 2562/2638 2563/2639
f 2618/2698 2563/2639 2591/2670
f 2537/2611 2594/2673 2592/2671
f 2619/2699 2564/2640 2593/2672
f 712/2581 675/2700 2593/2672
f 2619/2699 2594/2673 2564/2640
f 2567/2643 2566/2642 2565/2641
f 2592/2671 2620/2701 2565/2641
f 2567/2643 2621/2702 2591/2670
f 2568/2644 2569/2645 2622/2703
f 2622/2703 2595/2674 2568/2644
f 2589/2668 2623/2704 2569/2645
f 2542/2616 2595/2674 2596/2675
f 2596/2675 2624/2705 2543/2617
f 2597/2676 2543/2617 2624/2705
f 2576/2652 2570/2646 2605/2684
f 2598/2677 2625/2706 2570/2646
f 2626/2707 2572/2648 2571/2647
f 2627/2708 2598/2677 2572/2648
f 2573/2649 2597/2676 2604/2683
f 2599/2678 2600/2679 2546/2620
f 2547/2621 2628/2709 2599/2678
f 2600/2679 2629/2710 2571/2647
f 2574/2650 2630/2711 2601/2680
f 2601/2680 2628/2709 2547/2621
f 2574/2650 2575/2651 2630/2711
f 2602/2681 2631/2712 2575/2651
f 2548/2622 2632/2713 2602/2681
f 2549/2623 2604/2683 2603/2682
f 2603/2682 2632/2713 2548/2622
f 2550/2624 2606/2685 2607/2686
f 962/2653 2607/2686 932/2714
f 2633/2715 2577/2654 2579/2656
f 2577/2654 2633/2715 2608/2687
f 2608/2687 2634/2716 2521/2595
f 2606/2685 2578/2655 2635/2717
f 2635/2717 2578/2655 2609/2688
f 2521/2595 2634/2716 2609/2688
f 2633/2715 2579/2656 2581/2658
f 2580/2657 2610/2689 2636/2718
f 2611/2690 2580/2657 2636/2718
f 2581/2658 2611/2690 2637/2719
f 2583/2660 2582/2659 2605/2684
f 2585/2662 2583/2660 2638/2720
f 2639/2721 2612/2691 2555/2630
f 2612/2691 2640/2722 2584/2661
f 2639/2721 2555/2630 2613/2692
f 2585/2662 2638/2720 2613/2692
f 2586/2663 2641/2723 2610/2689
f 2586/2663 2614/2693 2642/2724
f 2584/2661 2640/2722 2614/2693
f 2616/2696 2559/2635 2615/2695
f 2643/2725 2561/2637 2616/2696
f 2590/2669 2623/2704 2589/2668
f 2623/2704 2590/2669 2617/2697
f 2617/2697 2561/2637 2643/2725
f 2562/2638 2618/2698 2615/2695
f 2591/2670 2644/2726 2618/2698
f 2594/2673 2645/2727 2592/2671
f 2593/2672 2646/2728 2619/2699
f 2593/2672 675/2700 2647/2729
f 2594/2673 2619/2699 2645/2727
f 2565/2641 2620/2701 2567/2643
f 2645/2727 2620/2701 2592/2671
f 2621/2702 2567/2643 2620/2701
f 2644/2726 2591/2670 2621/2702
f 2569/2645 2648/2730 2622/2703
f 2595/2674 2622/2703 2649/2731
f 2623/2704 2648/2730 2569/2645
f 2596/2675 2595/2674 2650/2732
f 2624/2705 2596/2675 2651/2733
f 2597/2676 2624/2705 2652/2734
f 2605/2684 2570/2646 2653/2735
f 2570/2646 2625/2706 2653/2735
f 2625/2706 2598/2677 2627/2708
f 2571/2647 2629/2710 2626/2707
f 2626/2707 2654/2736 2572/2648
f 2572/2648 2654/2736 2627/2708
f 2604/2683 2597/2676 2655/2737
f 2656/2738 2600/2679 2599/2678
f 2657/2739 2599/2678 2628/2709
f 2629/2710 2600/2679 2656/2738
f 2658/2740 2601/2680 2630/2711
f 2658/2740 2628/2709 2601/2680
f 2575/2651 2659/2741 2630/2711
f 2575/2651 2631/2712 2659/2741
f 2631/2712 2602/2681 2660/2742
f 2660/2742 2602/2681 2632/2713
f 2603/2682 2604/2683 2661/2743
f 2603/2682 2662/2744 2632/2713
f 2663/2745 2607/2686 2606/2685
f 2607/2686 2663/2745 932/2714
f 2664/2746 2608/2687 2633/2715
f 2665/2747 2634/2716 2608/2687
f 2635/2717 2663/2745 2606/2685
f 2666/2748 2635/2717 2609/2688
f 2665/2747 2609/2688 2634/2716
f 2667/2749 2633/2715 2581/2658
f 2636/2718 2610/2689 2668/2750
f 2669/2751 2611/2690 2636/2718
f 2669/2751 2637/2719 2611/2690
f 2637/2719 2667/2749 2581/2658
f 2605/2684 2638/2720 2583/2660
f 2639/2721 2670/2752 2612/2691
f 2671/2753 2640/2722 2612/2691
f 2672/2754 2639/2721 2613/2692
f 2638/2720 2673/2755 2613/2692
f 2610/2689 2641/2723 2674/2756
f 2642/2724 2641/2723 2586/2663
f 2675/2757 2642/2724 2614/2693
f 2614/2693 2640/2722 2675/2757
f 2615/2695 2676/2758 2616/2696
f 2676/2758 2643/2725 2616/2696
f 2677/2759 2623/2704 2617/2697
f 2643/2725 2678/2760 2617/2697
f 2618/2698 2676/2758 2615/2695
f 2644/2726 2679/2761 2618/2698
f 2680/2762 2619/2699 2646/2728
f 2646/2728 2593/2672 2647/2729
f 675/2700 639/2763 2647/2729
f 2680/2762 2645/2727 2619/2699
f 2681/2764 2620/2701 2645/2727
f 2620/2701 2681/2764 2621/2702
f 2644/2726 2621/2702 2681/2764
f 2648/2730 2682/2765 2622/2703
f 2595/2674 2649/2731 2650/2732
f 2682/2765 2649/2731 2622/2703
f 2648/2730 2623/2704 2677/2759
f 2596/2675 2650/2732 2649/2731
f 2683/2766 2624/2705 2651/2733
f 2684/2767 2651/2733 2596/2675
f 2652/2734 2624/2705 2685/2768
f 2655/2737 2597/2676 2652/2734
f 2638/2720 2605/2684 2653/2735
f 2625/2706 2686/2769 2653/2735
f 2627/2708 2687/2770 2625/2706
f 2629/2710 2688/2771 2626/2707
f 2626/2707 2689/2772 2654/2736
f 2654/2736 2689/2772 2627/2708
f 2604/2683 2655/2737 2661/2743
f 2599/2678 2657/2739 2656/2738
f 2690/2773 2657/2739 2628/2709
f 2629/2710 2656/2738 2691/2774
f 2630/2711 2692/2775 2658/2740
f 2690/2773 2628/2709 2658/2740
f 2630/2711 2659/2741 2692/2775
f 2693/2776 2659/2741 2631/2712
f 2694/2777 2631/2712 2660/2742
f 2662/2744 2660/2742 2632/2713
f 2661/2743 2662/2744 2603/2682
f 2695/2778 932/2714 2663/2745
f 2667/2749 2664/2746 2633/2715
f 2696/2779 2608/2687 2664/2746
f 2608/2687 2696/2779 2665/2747
f 2695/2778 2663/2745 2635/2717
f 2635/2717 2666/2748 2695/2778
f 2666/2748 2609/2688 2697/2780
f 2665/2747 2697/2780 2609/2688
f 2668/2750 2669/2751 2636/2718
f 2668/2750 2610/2689 2674/2756
f 2698/2781 2637/2719 2669/2751
f 2637/2719 2699/2782 2667/2749
f 2700/2783 2670/2752 2639/2721
f 2612/2691 2670/2752 2671/2753
f 2640/2722 2671/2753 2675/2757
f 2639/2721 2672/2754 2700/2783
f 2613/2692 2701/2784 2672/2754
f 2701/2784 2613/2692 2673/2755
f 2687/2770 2673/2755 2638/2720
f 2702/2785 2674/2756 2641/2723
f 2675/2757 2641/2723 2642/2724
f 2643/2725 2676/2758 2703/2786
f 2704/2787 2677/2759 2617/2697
f 2643/2725 2703/2786 2678/2760
f 2617/2697 2678/2760 2704/2787
f 2676/2758 2618/2698 2679/2761
f 2679/2761 2644/2726 2705/2788
f 2680/2762 2646/2728 2706/2789
f 2707/2790 2646/2728 2647/2729
f 639/2763 714/2791 2647/2729
f 2645/2727 2680/2762 2708/2792
f 2708/2792 2681/2764 2645/2727
f 2705/2788 2644/2726 2681/2764
f 2682/2765 2648/2730 2709/2793
f 2649/2731 2682/2765 2710/2794
f 2648/2730 2677/2759 2709/2793
f 2684/2767 2596/2675 2649/2731
f 2683/2766 2651/2733 2711/2795
f 2685/2768 2624/2705 2683/2766
f 2712/2796 2651/2733 2684/2767
f 2685/2768 2713/2797 2652/2734
f 2652/2734 2714/2798 2655/2737
f 2686/2769 2638/2720 2653/2735
f 2686/2769 2625/2706 2687/2770
f 2627/2708 2689/2772 2687/2770
f 2691/2774 2688/2771 2629/2710
f 2626/2707 2688/2771 2715/2799
f 2626/2707 2715/2799 2689/2772
f 2661/2743 2655/2737 2716/2800
f 2657/2739 2717/2801 2656/2738
f 2657/2739 2690/2773 2717/2801
f 2718/2802 2691/2774 2656/2738
f 2692/2775 2719/2803 2658/2740
f 2690/2773 2658/2740 2719/2803
f 2720/2804 2692/2775 2659/2741
f 2659/2741 2693/2776 2721/2805
f 2631/2712 2694/2777 2693/2776
f 2660/2742 2722/2806 2694/2777
f 2662/2744 2723/2807 2660/2742
f 2723/2807 2662/2744 2661/2743
f 932/2714 2695/2778 910/2808
f 2664/2746 2667/2749 2724/2809
f 2725/2810 2696/2779 2664/2746
f 2726/2811 2665/2747 2696/2779
f 2666/2748 2727/2812 2695/2778
f 2697/2780 2728/2813 2666/2748
f 2697/2780 2665/2747 2729/2814
f 2669/2751 2668/2750 2730/2815
f 2674/2756 2702/2785 2668/2750
f 2637/2719 2698/2781 2699/2782
f 2730/2815 2698/2781 2669/2751
f 2667/2749 2699/2782 2731/2816
f 2732/2817 2670/2752 2700/2783
f 2732/2817 2671/2753 2670/2752
f 2733/2818 2675/2757 2671/2753
f 2700/2783 2672/2754 2734/2819
f 2735/2820 2672/2754 2701/2784
f 2736/2821 2701/2784 2673/2755
f 2687/2770 2638/2720 2686/2769
f 2673/2755 2687/2770 2736/2821
f 2702/2785 2641/2723 2737/2822
f 2641/2723 2675/2757 2737/2822
f 2703/2786 2676/2758 2738/2823
f 2677/2759 2704/2787 2739/2824
f 2740/2825 2678/2760 2703/2786
f 2704/2787 2678/2760 2739/2824
f 2738/2823 2676/2758 2679/2761
f 2679/2761 2705/2788 2741/2826
f 2706/2789 2646/2728 2742/2827
f 2680/2762 2706/2789 2743/2828
f 2707/2790 2742/2827 2646/2728
f 714/2791 2707/2790 2647/2729
f 2743/2828 2708/2792 2680/2762
f 2744/2829 2681/2764 2708/2792
f 2705/2788 2681/2764 2744/2829
f 2710/2794 2682/2765 2709/2793
f 2745/2830 2649/2731 2710/2794
f 2709/2793 2677/2759 2746/2831
f 2649/2731 2747/2832 2684/2767
f 2711/2795 2651/2733 2712/2796
f 2711/2795 2748/2833 2683/2766
f 2683/2766 2749/2834 2685/2768
f 2750/2835 2712/2796 2684/2767
f 2652/2734 2713/2797 2714/2798
f 2749/2834 2713/2797 2685/2768
f 2716/2800 2655/2737 2714/2798
f 2736/2821 2687/2770 2689/2772
f 2688/2771 2691/2774 2718/2802
f 2751/2836 2715/2799 2688/2771
f 2715/2799 2752/2837 2689/2772
f 2716/2800 2753/2838 2661/2743
f 2656/2738 2717/2801 2718/2802
f 2717/2801 2690/2773 2754/2839
f 2719/2803 2692/2775 2755/2840
f 2756/2841 2690/2773 2719/2803
f 2720/2804 2757/2842 2692/2775
f 2721/2805 2720/2804 2659/2741
f 2721/2805 2693/2776 2758/2843
f 2693/2776 2694/2777 2759/2844
f 2660/2742 2723/2807 2722/2806
f 2760/2845 2694/2777 2722/2806
f 2753/2838 2723/2807 2661/2743
f 910/2808 2695/2778 2727/2812
f 2731/2816 2724/2809 2667/2749
f 2664/2746 2724/2809 2725/2810
f 2725/2810 2761/2846 2696/2779
f 2665/2747 2726/2811 2729/2814
f 2761/2846 2726/2811 2696/2779
f 2666/2748 2762/2847 2727/2812
f 2729/2814 2728/2813 2697/2780
f 2666/2748 2728/2813 2763/2848
f 2764/2849 2730/2815 2668/2750
f 2702/2785 2764/2849 2668/2750
f 2765/2850 2699/2782 2698/2781
f 2698/2781 2730/2815 2766/2851
f 2731/2816 2699/2782 2767/2852
f 2768/2853 2732/2817 2700/2783
f 2671/2753 2732/2817 2733/2818
f 2675/2757 2733/2818 2737/2822
f 2769/2854 2734/2819 2672/2754
f 2734/2819 2770/2855 2700/2783
f 2672/2754 2735/2820 2769/2854
f 2735/2820 2701/2784 2736/2821
f 2771/2856 2702/2785 2737/2822
f 2738/2823 2740/2825 2703/2786
f 2746/2831 2677/2759 2739/2824
f 2678/2760 2740/2825 2772/2857
f 2678/2760 2772/2857 2739/2824
f 2679/2761 2741/2826 2738/2823
f 2741/2826 2705/2788 2773/2858
f 2706/2789 2742/2827 2774/2859
f 2743/2828 2706/2789 2774/2859
f 2742/2827 2707/2790 714/2791
f 2775/2860 2708/2792 2743/2828
f 2775/2860 2744/2829 2708/2792
f 2705/2788 2744/2829 2776/2861
f 2746/2831 2710/2794 2709/2793
f 2747/2832 2649/2731 2745/2830
f 2745/2830 2710/2794 2777/2862
f 2684/2767 2747/2832 2750/2835
f 2712/2796 2750/2835 2711/2795
f 2778/2863 2748/2833 2711/2795
f 2779/2864 2683/2766 2748/2833
f 2749/2834 2683/2766 2779/2864
f 2780/2865 2714/2798 2713/2797
f 2781/2866 2713/2797 2749/2834
f 2716/2800 2714/2798 2782/2867
f 2736/2821 2689/2772 2783/2868
f 2688/2771 2718/2802 2784/2869
f 2785/2870 2715/2799 2751/2836
f 2784/2869 2751/2836 2688/2771
f 2785/2870 2752/2837 2715/2799
f 2689/2772 2752/2837 2783/2868
f 2782/2867 2753/2838 2716/2800
f 2786/2871 2718/2802 2717/2801
f 2787/2872 2754/2839 2690/2773
f 2717/2801 2754/2839 2786/2871
f 2719/2803 2755/2840 2756/2841
f 2757/2842 2755/2840 2692/2775
f 2690/2773 2756/2841 2787/2872
f 2720/2804 2788/2873 2757/2842
f 2720/2804 2721/2805 2758/2843
f 2758/2843 2693/2776 2789/2874
f 2759/2844 2694/2777 2760/2845
f 2789/2874 2693/2776 2759/2844
f 2760/2845 2722/2806 2723/2807
f 2723/2807 2753/2838 2790/2875
f 910/2808 2727/2812 2791/2876
f 2725/2810 2724/2809 2731/2816
f 2725/2810 2792/2877 2761/2846
f 2726/2811 2793/2878 2729/2814
f 2761/2846 2794/2879 2726/2811
f 2762/2847 2666/2748 2795/2880
f 2727/2812 2762/2847 2796/2881
f 2797/2882 2728/2813 2729/2814
f 2797/2882 2763/2848 2728/2813
f 2666/2748 2763/2848 2798/2883
f 2764/2849 2766/2851 2730/2815
f 2702/2785 2799/2884 2764/2849
f 2698/2781 2766/2851 2765/2850
f 2767/2852 2699/2782 2765/2850
f 2767/2852 2792/2877 2731/2816
f 2800/2885 2768/2853 2700/2783
f 2732/2817 2768/2853 2733/2818
f 2733/2818 2771/2856 2737/2822
f 2770/2855 2734/2819 2769/2854
f 2700/2783 2770/2855 2800/2885
f 2801/2886 2769/2854 2735/2820
f 2735/2820 2736/2821 2783/2868
f 2771/2856 2802/2887 2702/2785
f 2740/2825 2738/2823 2741/2826
f 2746/2831 2739/2824 2803/2888
f 2772/2857 2740/2825 2804/2889
f 2739/2824 2772/2857 2805/2890
f 2741/2826 2773/2858 2740/2825
f 2776/2861 2773/2858 2705/2788
f 2774/2859 2742/2827 792/2891
f 2743/2828 2774/2859 2775/2860
f 2742/2827 714/2791 792/2891
f 2806/2892 2744/2829 2775/2860
f 2776/2861 2744/2829 2806/2892
f 2746/2831 2777/2862 2710/2794
f 2747/2832 2745/2830 2807/2893
f 2745/2830 2777/2862 2807/2893
f 2750/2835 2747/2832 2808/2894
f 2750/2835 2778/2863 2711/2795
f 2748/2833 2778/2863 2809/2895
f 2779/2864 2748/2833 2810/2896
f 2749/2834 2779/2864 2781/2866
f 2781/2866 2780/2865 2713/2797
f 2811/2897 2714/2798 2780/2865
f 2782/2867 2714/2798 2811/2897
f 2786/2871 2784/2869 2718/2802
f 2751/2836 2812/2898 2785/2870
f 2784/2869 2813/2899 2751/2836
f 2785/2870 2814/2900 2752/2837
f 2814/2900 2783/2868 2752/2837
f 2782/2867 2815/2901 2753/2838
f 2816/2902 2754/2839 2787/2872
f 2786/2871 2754/2839 2817/2903
f 2818/2904 2756/2841 2755/2840
f 2757/2842 2819/2905 2755/2840
f 2756/2841 2818/2904 2787/2872
f 2820/2906 2788/2873 2720/2804
f 2821/2907 2757/2842 2788/2873
f 2758/2843 2820/2906 2720/2804
f 2789/2874 2822/2908 2758/2843
f 2760/2845 2823/2909 2759/2844
f 2759/2844 2824/2910 2789/2874
f 2723/2807 2825/2911 2760/2845
f 2825/2911 2723/2807 2790/2875
f 2790/2875 2753/2838 2826/2912
f 2791/2876 2727/2812 2827/2913
f 910/2808 2791/2876 886/2914
f 2731/2816 2792/2877 2725/2810
f 2761/2846 2792/2877 2794/2879
f 2793/2878 2726/2811 2828/2915
f 2793/2878 2797/2882 2729/2814
f 2829/2916 2726/2811 2794/2879
f 2795/2880 2666/2748 2798/2883
f 2762/2847 2795/2880 2830/2917
f 2762/2847 2830/2917 2796/2881
f 2727/2812 2796/2881 2827/2913
f 2831/2918 2763/2848 2797/2882
f 2798/2883 2763/2848 2831/2918
f 2766/2851 2764/2849 2832/2919
f 2799/2884 2832/2919 2764/2849
f 2802/2887 2799/2884 2702/2785
f 2765/2850 2766/2851 2833/2920
f 2833/2920 2767/2852 2765/2850
f 2792/2877 2767/2852 2794/2879
f 2768/2853 2800/2885 2834/2921
f 2768/2853 2834/2921 2733/2818
f 2733/2818 2834/2921 2771/2856
f 2801/2886 2770/2855 2769/2854
f 2770/2855 2835/2922 2800/2885
f 2836/2923 2801/2886 2735/2820
f 2837/2924 2735/2820 2783/2868
f 2802/2887 2771/2856 2838/2925
f 2803/2888 2777/2862 2746/2831
f 2739/2824 2805/2890 2803/2888
f 2740/2825 2839/2926 2804/2889
f 2804/2889 2840/2927 2772/2857
f 2772/2857 2840/2927 2805/2890
f 2740/2825 2773/2858 2839/2926
f 2773/2858 2776/2861 2841/2928
f 759/2929 2774/2859 792/2891
f 2774/2859 2842/2930 2775/2860
f 2843/2931 2806/2892 2775/2860
f 2776/2861 2806/2892 2841/2928
f 2807/2893 2803/2888 2747/2832
f 2807/2893 2777/2862 2803/2888
f 2808/2894 2747/2832 2803/2888
f 2750/2835 2808/2894 2778/2863
f 2809/2895 2778/2863 2803/2888
f 2809/2895 2844/2932 2748/2833
f 2748/2833 2844/2932 2810/2896
f 2845/2933 2779/2864 2810/2896
f 2779/2864 2845/2933 2781/2866
f 2845/2933 2780/2865 2781/2866
f 2780/2865 2846/2934 2811/2897
f 2811/2897 2815/2901 2782/2867
f 2786/2871 2813/2899 2784/2869
f 2847/2935 2812/2898 2751/2836
f 2812/2898 2848/2936 2785/2870
f 2847/2935 2751/2836 2813/2899
f 2848/2936 2814/2900 2785/2870
f 2837/2924 2783/2868 2814/2900
f 2815/2901 2826/2912 2753/2838
f 2817/2903 2754/2839 2816/2902
f 2816/2902 2787/2872 2849/2937
f 2850/2938 2786/2871 2817/2903
f 2818/2904 2755/2840 2851/2939
f 2757/2842 2821/2907 2819/2905
f 2755/2840 2819/2905 2851/2939
f 2849/2937 2787/2872 2818/2904
f 2788/2873 2820/2906 2852/2940
f 2821/2907 2788/2873 2852/2940
f 2758/2843 2822/2908 2820/2906
f 2789/2874 2853/2941 2822/2908
f 2825/2911 2823/2909 2760/2845
f 2759/2844 2823/2909 2824/2910
f 2854/2942 2789/2874 2824/2910
f 2855/2943 2825/2911 2790/2875
f 2856/2944 2790/2875 2826/2912
f 2791/2876 2827/2913 2857/2945
f 886/2914 2791/2876 2858/2946
f 2726/2811 2829/2916 2828/2915
f 2828/2915 2859/2947 2793/2878
f 2793/2878 2859/2947 2797/2882
f 2860/2948 2829/2916 2794/2879
f 2861/2949 2795/2880 2798/2883
f 2795/2880 2862/2950 2830/2917
f 2796/2881 2830/2917 2863/2951
f 2827/2913 2796/2881 2864/2952
f 2797/2882 2859/2947 2831/2918
f 2831/2918 2861/2949 2798/2883
f 2766/2851 2832/2919 2833/2920
f 2865/2953 2832/2919 2799/2884
f 2799/2884 2802/2887 2866/2954
f 2794/2879 2767/2852 2833/2920
f 2800/2885 2835/2922 2834/2921
f 2867/2955 2771/2856 2834/2921
f 2801/2886 2835/2922 2770/2855
f 2801/2886 2836/2923 2835/2922
f 2735/2820 2837/2924 2836/2923
f 2868/2956 2802/2887 2838/2925
f 2838/2925 2771/2856 2867/2955
f 2809/2895 2803/2888 2805/2890
f 2839/2926 2869/2957 2804/2889
f 2804/2889 2870/2958 2840/2927
f 2840/2927 2871/2959 2805/2890
f 2839/2926 2773/2858 2869/2957
f 4884/5434 2773/2858 2841/2928
f 4885/5435 4884/5434 2841/2928
f 2774/2859 759/2929 2842/2930
f 815/2960 2775/2860 2842/2930
f 2806/2892 2843/2931 2872/2961
f 2775/2860 815/2960 2843/2931
f 2841/2928 2806/2892 2873/2962
f 2778/2863 2808/2894 2803/2888
f 2809/2895 2874/2963 2844/2932
f 2844/2932 2875/2964 2810/2896
f 2810/2896 2875/2964 2845/2933
f 2780/2865 2845/2933 2875/2964
f 2846/2934 2780/2865 2875/2964
f 2846/2934 2876/2965 2811/2897
f 2811/2897 2877/2966 2815/2901
f 2813/2899 2786/2871 2878/2967
f 2838/2925 2812/2898 2847/2935
f 2812/2898 2838/2925 2848/2936
f 2813/2899 2878/2967 2847/2935
f 2814/2900 2848/2936 2867/2955
f 2867/2955 2837/2924 2814/2900
f 2879/2968 2826/2912 2815/2901
f 2817/2903 2816/2902 2880/2969
f 2849/2937 2881/2970 2816/2902
f 2880/2969 2850/2938 2817/2903
f 2878/2967 2786/2871 2850/2938
f 2882/2971 2818/2904 2851/2939
f 2883/2972 2819/2905 2821/2907
f 2819/2905 2883/2972 2851/2939
f 2849/2937 2818/2904 2882/2971
f 2820/2906 2884/2973 2852/2940
f 2821/2907 2852/2940 2885/2974
f 2822/2908 2886/2975 2820/2906
f 2853/2941 2789/2874 2854/2942
f 2822/2908 2853/2941 2887/2976
f 2824/2910 2823/2909 2825/2911
f 2888/2977 2854/2942 2824/2910
f 2856/2944 2855/2943 2790/2875
f 2889/2978 2825/2911 2855/2943
f 2856/2944 2826/2912 2890/2979
f 2857/2945 2858/2946 2791/2876
f 2827/2913 2891/2980 2857/2945
f 2858/2946 826/2981 886/2914
f 2828/2915 2829/2916 2860/2948
f 2828/2915 2892/2982 2859/2947
f 2860/2948 2794/2879 2833/2920
f 2795/2880 2861/2949 2831/2918
f 2830/2917 2862/2950 2893/2983
f 2831/2918 2862/2950 2795/2880
f 2894/2984 2863/2951 2830/2917
f 2796/2881 2863/2951 2864/2952
f 2827/2913 2864/2952 2895/2985
f 2831/2918 2859/2947 2893/2983
f 2832/2919 2896/2986 2833/2920
f 2832/2919 2865/2953 2897/2987
f 2898/2988 2865/2953 2799/2884
f 2899/2989 2799/2884 2866/2954
f 2802/2887 2900/2990 2866/2954
f 2835/2922 2836/2923 2834/2921
f 2837/2924 2867/2955 2834/2921
f 2836/2923 2837/2924 2834/2921
f 2802/2887 2868/2956 2900/2990
f 2868/2956 2838/2925 2847/2935
f 2838/2925 2867/2955 2848/2936
f 2809/2895 2805/2890 2871/2959
f 2804/2889 2869/2957 2901/2991
f 2871/2959 2840/2927 2870/2958
f 2870/2958 2804/2889 2901/2991
f 2902/2992 2869/2957 2773/2858
f 2773/2858 4884/5436 4886/5437
f 2841/2928 4887/5438 4885/5439
f 784/2993 2842/2930 759/2929
f 784/2993 815/2960 2842/2930
f 2843/2931 815/2960 2872/2961
f 4888/5440 2806/2892 2872/2961
f 4889/5441 4888/5440 2872/2961
f 4890/5442 2873/2962 2806/2892
f 4891/5443 4890/5442 2806/2892
f 2903/2994 2841/2928 2873/2962
f 2904/2995 2874/2963 2809/2895
f 2875/2964 2844/2932 2874/2963
f 2875/2964 2905/2996 2846/2934
f 2905/2996 2876/2965 2846/2934
f 2876/2965 2877/2966 2811/2897
f 2877/2966 2906/2997 2815/2901
f 2878/2967 2868/2956 2847/2935
f 2890/2979 2826/2912 2879/2968
f 2815/2901 2907/2998 2879/2968
f 2816/2902 2881/2970 2880/2969
f 2849/2937 2908/2999 2881/2970
f 2909/3000 2850/2938 2880/2969
f 2850/2938 2909/3000 2878/2967
f 2851/2939 2883/2972 2882/2971
f 2883/2972 2821/2907 2885/2974
f 2882/2971 2908/2999 2849/2937
f 2884/2973 2910/3001 2852/2940
f 2820/2906 2886/2975 2884/2973
f 2885/2974 2852/2940 2911/3002
f 2887/2976 2886/2975 2822/2908
f 2853/2941 2854/2942 2912/3003
f 2913/3004 2887/2976 2853/2941
f 2824/2910 2825/2911 2889/2978
f 2888/2977 2914/3005 2854/2942
f 2889/2978 2888/2977 2824/2910
f 2856/2944 2915/3006 2855/2943
f 2916/3007 2889/2978 2855/2943
f 2917/3008 2856/2944 2890/2979
f 2918/3009 2858/2946 2857/2945
f 2895/2985 2891/2980 2827/2913
f 2891/2980 2918/3009 2857/2945
f 825/3010 826/2981 2858/2946
f 2892/2982 2828/2915 2860/2948
f 2892/2982 2893/2983 2859/2947
f 2896/2986 2860/2948 2833/2920
f 2893/2983 2862/2950 2831/2918
f 2894/2984 2830/2917 2893/2983
f 2863/2951 2894/2984 2919/3011
f 2895/2985 2864/2952 2863/2951
f 2896/2986 2832/2919 2920/3012
f 2897/2987 2865/2953 2898/2988
f 2897/2987 2920/3012 2832/2919
f 2899/2989 2898/2988 2799/2884
f 2866/2954 2921/3013 2899/2989
f 2866/2954 2900/2990 2921/3013
f 2868/2956 2909/3000 2900/2990
f 2809/2895 2871/2959 2904/2995
f 2922/3014 2901/2991 2869/2957
f 2871/2959 2870/2958 2923/3015
f 2924/3016 2870/2958 2901/2991
f 2922/3014 2869/2957 2902/2992
f 4892/5444 2902/2992 2773/2858
f 4886/5445 4892/5444 2773/2858
f 4893/5446 2841/2928 2903/2994
f 4894/5447 4893/5446 2903/2994
f 4895/5448 2872/2961 815/2960
f 4832/5449 4895/5448 815/2960
f 2872/2961 4896/5450 4889/5451
f 2806/2892 4888/5452 4897/5453
f 2873/2962 4890/5454 4898/5455
f 4899/5456 2903/2994 2873/2962
f 4900/5457 4899/5456 2873/2962
f 2925/3017 2874/2963 2904/2995
f 2905/2996 2875/2964 2874/2963
f 2926/3018 2876/2965 2905/2996
f 2876/2965 2906/2997 2877/2966
f 2906/2997 2907/2998 2815/2901
f 2878/2967 2909/3000 2868/2956
f 2890/2979 2879/2968 2927/3019
f 2927/3019 2879/2968 2907/2998
f 2900/2990 2880/2969 2881/2970
f 2881/2970 2908/2999 2921/3013
f 2880/2969 2900/2990 2909/3000
f 2928/3020 2882/2971 2883/2972
f 2929/3021 2883/2972 2885/2974
f 2882/2971 2930/3022 2908/2999
f 2931/3023 2910/3001 2884/2973
f 2910/3001 2911/3002 2852/2940
f 2886/2975 2931/3023 2884/2973
f 2911/3002 2929/3021 2885/2974
f 2931/3023 2886/2975 2887/2976
f 2932/3024 2853/2941 2912/3003
f 2912/3003 2854/2942 2914/3005
f 2853/2941 2932/3024 2913/3004
f 2913/3004 2933/3025 2887/2976
f 2914/3005 2888/2977 2889/2978
f 2915/3006 2916/3007 2855/2943
f 2915/3006 2856/2944 2934/3026
f 2916/3007 2935/3027 2889/2978
f 2856/2944 2917/3008 2936/3028
f 2890/2979 2937/3029 2917/3008
f 2858/2946 2918/3009 825/3010
f 2895/2985 2938/3030 2891/2980
f 2939/3031 2918/3009 2891/2980
f 2860/2948 2940/3032 2892/2982
f 2892/2982 2941/3033 2893/2983
f 2896/2986 2940/3032 2860/2948
f 2941/3033 2894/2984 2893/2983
f 2894/2984 2941/3033 2919/3011
f 2895/2985 2863/2951 2919/3011
f 2920/3012 2942/3034 2896/2986
f 2943/3035 2897/2987 2898/2988
f 2944/3036 2920/3012 2897/2987
f 2899/2989 2945/3037 2898/2988
f 2946/3038 2899/2989 2921/3013
f 2900/2990 2881/2970 2921/3013
f 4901/5458 2904/2995 2871/2959
f 4902/5459 4901/5458 2871/2959
f 4903/5460 2901/2991 2922/3014
f 4904/5461 4903/5460 2922/3014
f 2924/3016 2923/3015 2870/2958
f 4902/5462 2871/2959 2923/3015
f 4905/5463 4902/5462 2923/3015
f 4906/5464 2924/3016 2901/2991
f 4907/5465 4906/5464 2901/2991
f 4908/5466 2922/3014 2902/2992
f 4892/5467 4908/5466 2902/2992
f 2903/2994 4899/5468 4894/5469
f 2872/2961 4895/5470 4909/5471
f 2872/2961 4910/5472 4896/5473
f 2873/2962 4898/5474 4900/5475
f 2925/3017 2926/3018 2874/2963
f 2947/3039 2925/3017 2904/2995
f 2874/2963 2926/3018 2905/2996
f 2876/2965 2926/3018 2906/2997
f 2906/2997 2948/3040 2907/2998
f 2927/3019 2937/3029 2890/2979
f 2948/3040 2927/3019 2907/2998
f 2908/2999 2949/3041 2921/3013
f 2929/3021 2928/3020 2883/2972
f 2882/2971 2928/3020 2930/3022
f 2930/3022 2950/3042 2908/2999
f 2931/3023 2951/3043 2910/3001
f 2911/3002 2910/3001 2952/3044
f 2952/3044 2929/3021 2911/3002
f 2931/3023 2887/2976 2953/3045
f 2914/3005 2932/3024 2912/3003
f 2954/3046 2913/3004 2932/3024
f 2954/3046 2933/3025 2913/3004
f 2955/3047 2887/2976 2933/3025
f 2889/2978 2935/3027 2914/3005
f 2956/3048 2916/3007 2915/3006
f 2934/3026 2957/3049 2915/3006
f 2936/3028 2934/3026 2856/2944
f 2935/3027 2916/3007 2958/3050
f 2917/3008 2959/3051 2936/3028
f 2959/3051 2917/3008 2937/3029
f 2918/3009 793/3052 825/3010
f 2938/3030 2960/3053 2891/2980
f 2961/3054 2938/3030 2895/2985
f 2939/3031 793/3052 2918/3009
f 2891/2980 2960/3053 2939/3031
f 2962/3055 2892/2982 2940/3032
f 2962/3055 2941/3033 2892/2982
f 2940/3032 2896/2986 2942/3034
f 2919/3011 2941/3033 2963/3056
f 2919/3011 2961/3054 2895/2985
f 2942/3034 2920/3012 2964/3057
f 2898/2988 2945/3037 2943/3035
f 2897/2987 2943/3035 2965/3058
f 2944/3036 2897/2987 2965/3058
f 2966/3059 2920/3012 2944/3036
f 2946/3038 2945/3037 2899/2989
f 2946/3038 2921/3013 2967/3060
f 2904/2995 4901/5476 4911/5477
f 2922/3014 4908/5478 4904/5479
f 2901/2991 4903/5480 4912/5481
f 4913/5482 2923/3015 2924/3016
f 4906/5483 4913/5482 2924/3016
f 2923/3015 4914/5484 4905/5485
f 2901/2991 4912/5486 4907/5487
f 2872/2961 4909/5488 4910/5489
f 2925/3017 2968/3061 2926/3018
f 4915/5490 2947/3039 2904/2995
f 4911/5491 4915/5490 2904/2995
f 2969/3062 2925/3017 2947/3039
f 2926/3018 2948/3040 2906/2997
f 2937/3029 2927/3019 2970/3063
f 2971/3064 2927/3019 2948/3040
f 2949/3041 2972/3065 2921/3013
f 2908/2999 2950/3042 2949/3041
f 2973/3066 2928/3020 2929/3021
f 2930/3022 2928/3020 2973/3066
f 2950/3042 2930/3022 2973/3066
f 2910/3001 2951/3043 2952/3044
f 2953/3045 2951/3043 2931/3023
f 2929/3021 2952/3044 2974/3067
f 2953/3045 2887/2976 2955/3047
f 2975/3068 2932/3024 2914/3005
f 2975/3068 2954/3046 2932/3024
f 2976/3069 2933/3025 2954/3046
f 2955/3047 2933/3025 2977/3070
f 2935/3027 2958/3050 2914/3005
f 2978/3071 2916/3007 2956/3048
f 2956/3048 2915/3006 2957/3049
f 2979/3072 2957/3049 2934/3026
f 2936/3028 2979/3072 2934/3026
f 2978/3071 2958/3050 2916/3007
f 2936/3028 2959/3051 2979/3072
f 2970/3063 2959/3051 2937/3029
f 2938/3030 2980/3073 2960/3053
f 2980/3073 2938/3030 2961/3054
f 2960/3053 793/3052 2939/3031
f 2981/3074 2962/3055 2940/3032
f 2962/3055 2982/3075 2941/3033
f 2940/3032 2942/3034 2983/3076
f 2963/3056 2941/3033 2982/3075
f 2963/3056 2961/3054 2919/3011
f 2920/3012 2966/3059 2964/3057
f 2983/3076 2942/3034 2964/3057
f 2965/3058 2943/3035 2945/3037
f 2965/3058 2984/3077 2944/3036
f 2966/3059 2944/3036 2985/3078
f 2946/3038 2986/3079 2945/3037
f 2972/3065 2967/3060 2921/3013
f 2967/3060 2986/3079 2946/3038
f 2923/3015 4913/5492 4914/5493
f 2968/3061 2925/3017 2969/3062
f 2926/3018 2968/3061 2948/3040
f 2947/3039 4915/5494 4916/5495
f 2987/3080 2969/3062 2947/3039
f 2970/3063 2927/3019 2971/3064
f 2948/3040 2968/3061 2971/3064
f 2988/3081 2972/3065 2949/3041
f 2950/3042 2989/3082 2949/3041
f 2929/3021 2974/3067 2973/3066
f 2950/3042 2973/3066 2990/3083
f 2952/3044 2951/3043 2991/3084
f 2953/3045 2992/3085 2951/3043
f 2952/3044 2991/3084 2974/3067
f 2993/3086 2953/3045 2955/3047
f 2914/3005 2994/3087 2975/3068
f 2995/3088 2954/3046 2975/3068
f 2996/3089 2976/3069 2954/3046
f 2933/3025 2976/3069 2996/3089
f 2997/3090 2977/3070 2933/3025
f 2977/3070 2998/3091 2955/3047
f 2994/3087 2914/3005 2958/3050
f 2978/3071 2956/3048 2999/3092
f 3000/3093 2956/3048 2957/3049
f 2957/3049 2979/3072 3000/3093
f 2958/3050 2978/3071 3001/3094
f 3002/3095 2979/3072 2959/3051
f 2970/3063 3002/3095 2959/3051
f 793/3052 2960/3053 2980/3073
f 2961/3054 3003/3096 2980/3073
f 2981/3074 2940/3032 2983/3076
f 3004/3097 2962/3055 2981/3074
f 2982/3075 2962/3055 3004/3097
f 2982/3075 829/3098 2963/3056
f 2961/3054 2963/3056 3005/3099
f 2964/3057 2966/3059 3006/3100
f 2964/3057 2981/3074 2983/3076
f 2945/3037 3007/3101 2965/3058
f 2984/3077 2965/3058 3008/3102
f 3009/3103 2944/3036 2984/3077
f 2985/3078 3006/3100 2966/3059
f 2944/3036 3009/3103 2985/3078
f 2986/3079 3007/3101 2945/3037
f 2972/3065 2988/3081 2967/3060
f 3010/3104 2986/3079 2967/3060
f 3011/3105 2968/3061 2969/3062
f 4917/5496 3012/3106 2947/3039
f 4916/5497 4917/5496 2947/3039
f 3012/3106 2987/3080 2947/3039
f 2969/3062 2987/3080 3013/3107
f 2971/3064 3011/3105 2970/3063
f 3011/3105 2971/3064 2968/3061
f 2949/3041 2989/3082 2988/3081
f 2990/3083 2989/3082 2950/3042
f 2974/3067 3014/3108 2973/3066
f 2973/3066 3014/3108 2990/3083
f 2991/3084 2951/3043 3015/3109
f 2953/3045 2993/3086 2992/3085
f 2951/3043 2992/3085 3015/3109
f 2991/3084 3016/3110 2974/3067
f 2955/3047 2998/3091 2993/3086
f 2994/3087 3017/3111 2975/3068
f 3017/3111 2995/3088 2975/3068
f 2995/3088 2996/3089 2954/3046
f 2996/3089 2997/3090 2933/3025
f 2997/3090 3018/3112 2977/3070
f 3019/3113 2998/3091 2977/3070
f 2994/3087 2958/3050 3001/3094
f 3020/3114 2978/3071 2999/3092
f 2956/3048 3000/3093 2999/3092
f 3021/3115 3000/3093 2979/3072
f 2978/3071 3022/3116 3001/3094
f 2979/3072 3002/3095 3023/3117
f 3002/3095 2970/3063 3023/3117
f 2980/3073 722/3118 793/3052
f 3003/3096 2961/3054 3005/3099
f 2980/3073 3003/3096 3024/3119
f 2981/3074 3025/3120 3004/3097
f 3004/3097 831/3121 2982/3075
f 2982/3075 831/3121 829/3098
f 829/3098 766/3122 2963/3056
f 2963/3056 766/3122 3005/3099
f 3025/3120 2964/3057 3006/3100
f 2981/3074 2964/3057 3025/3120
f 3007/3101 3026/3123 2965/3058
f 3027/3124 2984/3077 3008/3102
f 3008/3102 2965/3058 3026/3123
f 2984/3077 3027/3124 3009/3103
f 3028/3125 3006/3100 2985/3078
f 2985/3078 3009/3103 3029/3126
f 3010/3104 3007/3101 2986/3079
f 2988/3081 3030/3127 2967/3060
f 3010/3104 2967/3060 3030/3127
f 3013/3107 3011/3105 2969/3062
f 3012/3106 4917/5498 4918/5499
f 2987/3080 3012/3106 3031/3128
f 3013/3107 2987/3080 3032/3129
f 2970/3063 3011/3105 3023/3117
f 3033/3130 2988/3081 2989/3082
f 3033/3130 2989/3082 2990/3083
f 3014/3108 2974/3067 3034/3131
f 3014/3108 3035/3132 2990/3083
f 2991/3084 3015/3109 3036/3133
f 2993/3086 3037/3134 2992/3085
f 3038/3135 3015/3109 2992/3085
f 2974/3067 3016/3110 3039/3136
f 2991/3084 3036/3133 3016/3110
f 2993/3086 2998/3091 3040/3137
f 2994/3087 3041/3138 3017/3111
f 3042/3139 2995/3088 3017/3111
f 2996/3089 2995/3088 2997/3090
f 2997/3090 3043/3140 3018/3112
f 2977/3070 3018/3112 3019/3113
f 2998/3091 3019/3113 3040/3137
f 2994/3087 3001/3094 3044/3141
f 3022/3116 2978/3071 3020/3114
f 3000/3093 3020/3114 2999/3092
f 3045/3142 3000/3093 3021/3115
f 2979/3072 3023/3117 3021/3115
f 3022/3116 3046/3143 3001/3094
f 2980/3073 3024/3119 722/3118
f 3003/3096 3005/3099 3047/3144
f 3024/3119 3003/3096 3047/3144
f 831/3121 3004/3097 3025/3120
f 766/3122 3047/3144 3005/3099
f 3025/3120 3006/3100 860/3145
f 3026/3123 3007/3101 3048/3146
f 3026/3123 3048/3146 3008/3102
f 3027/3124 3029/3126 3009/3103
f 2985/3078 3049/3147 3028/3125
f 3006/3100 3028/3125 860/3145
f 3029/3126 3049/3147 2985/3078
f 3007/3101 3010/3104 3048/3146
f 3050/3148 3030/3127 2988/3081
f 3030/3127 3051/3149 3010/3104
f 3011/3105 3013/3107 3052/3150
f 3012/3106 4918/5500 4919/5501
f 3032/3129 2987/3080 3031/3128
f 3031/3128 3012/3106 2306/3151
f 3032/3129 3052/3150 3013/3107
f 3053/3152 3023/3117 3011/3105
f 3033/3130 3050/3148 2988/3081
f 2990/3083 3035/3132 3033/3130
f 3054/3153 3034/3131 2974/3067
f 3014/3108 3034/3131 3035/3132
f 3015/3109 3038/3135 3036/3133
f 3037/3134 2993/3086 3040/3137
f 3037/3134 3038/3135 2992/3085
f 3055/3154 3039/3136 3016/3110
f 3039/3136 3056/3155 2974/3067
f 3016/3110 3036/3133 3057/3156
f 3017/3111 3041/3138 3058/3157
f 3041/3138 2994/3087 3044/3141
f 3059/3158 2995/3088 3042/3139
f 3058/3157 3042/3139 3017/3111
f 3060/3159 2997/3090 2995/3088
f 3060/3159 3043/3140 2997/3090
f 3018/3112 3043/3140 3061/3160
f 3018/3112 3062/3161 3019/3113
f 3040/3137 3019/3113 3063/3162
f 3044/3141 3001/3094 3046/3143
f 3020/3114 3064/3163 3022/3116
f 3064/3163 3020/3114 3000/3093
f 3000/3093 3045/3142 3064/3163
f 3021/3115 3065/3164 3045/3142
f 3023/3117 3053/3152 3021/3115
f 3046/3143 3022/3116 3066/3165
f 722/3118 3024/3119 721/3166
f 721/3166 3024/3119 3047/3144
f 830/3167 831/3121 3025/3120
f 3047/3144 766/3122 720/3168
f 3025/3120 860/3145 830/3167
f 3008/3102 3048/3146 3067/3169
f 3028/3125 911/3170 860/3145
f 3048/3146 3010/3104 3051/3149
f 3051/3149 3030/3127 3050/3148
f 3052/3150 3053/3152 3011/3105
f 2306/3151 4920/5502 4883/5503
f 4920/5504 2306/3151 3012/3106
f 4919/5505 4920/5504 3012/3106
f 3032/3129 3031/3128 3068/3171
f 4921/5506 3031/3128 2306/3151
f 4922/5507 4921/5506 2306/3151
f 3032/3129 3069/3172 3052/3150
f 3050/3148 3033/3130 3070/3173
f 3035/3132 3071/3174 3033/3130
f 3034/3131 3054/3153 3072/3175
f 3056/3155 3054/3153 2974/3067
f 3073/3176 3035/3132 3034/3131
f 3038/3135 3074/3177 3036/3133
f 3037/3134 3040/3137 3075/3178
f 3038/3135 3037/3134 3074/3177
f 3076/3179 3039/3136 3055/3154
f 3055/3154 3016/3110 3057/3156
f 3039/3136 3077/3180 3056/3155
f 3057/3156 3036/3133 3074/3177
f 3058/3157 3041/3138 3078/3181
f 3044/3141 3079/3182 3041/3138
f 3059/3158 3060/3159 2995/3088
f 3059/3158 3042/3139 3080/3183
f 3058/3157 3081/3184 3042/3139
f 3043/3140 3060/3159 3061/3160
f 3061/3160 3082/3185 3018/3112
f 3083/3186 3062/3161 3018/3112
f 3062/3161 3063/3162 3019/3113
f 3075/3178 3040/3137 3063/3162
f 3044/3141 3046/3143 3079/3182
f 3064/3163 3084/3187 3022/3116
f 3045/3142 3085/3188 3064/3163
f 3045/3142 3065/3164 3086/3189
f 3021/3115 3053/3152 3065/3164
f 3022/3116 3084/3187 3066/3165
f 3066/3165 3079/3182 3046/3143
f 721/3166 3047/3144 720/3168
f 3087/3190 3067/3169 3048/3146
f 3067/3169 3088/3191 3008/3102
f 3087/3190 3048/3146 3051/3149
f 3087/3190 3051/3149 3050/3148
f 3053/3152 3052/3150 3086/3189
f 3031/3128 3089/3192 3068/3171
f 3068/3171 3089/3192 3032/3129
f 4923/5508 3089/3192 3031/3128
f 4921/5509 4923/5508 3031/3128
f 2306/3151 4882/5510 4922/5511
f 3090/3193 3069/3172 3032/3129
f 3052/3150 3069/3172 3086/3189
f 3033/3130 3091/3194 3070/3173
f 3092/3195 3050/3148 3070/3173
f 3091/3194 3033/3130 3071/3174
f 3071/3174 3035/3132 3073/3176
f 3056/3155 3072/3175 3054/3153
f 3034/3131 3072/3175 3093/3196
f 3034/3131 3093/3196 3073/3176
f 3075/3178 3094/3197 3037/3134
f 3074/3177 3037/3134 3095/3198
f 3096/3199 3076/3179 3055/3154
f 3097/3200 3039/3136 3076/3179
f 3095/3198 3055/3154 3057/3156
f 3077/3180 3039/3136 3097/3200
f 3098/3201 3056/3155 3077/3180
f 3095/3198 3057/3156 3074/3177
f 3078/3181 3041/3138 3099/3202
f 3058/3157 3078/3181 3100/3203
f 3099/3202 3041/3138 3079/3182
f 3060/3159 3059/3158 3101/3204
f 3042/3139 3102/3205 3080/3183
f 3080/3183 3101/3204 3059/3158
f 3081/3184 3058/3157 3100/3203
f 3103/3206 3042/3139 3081/3184
f 3061/3160 3060/3159 3101/3204
f 3018/3112 3082/3185 3083/3186
f 3061/3160 3104/3207 3082/3185
f 3105/3208 3062/3161 3083/3186
f 3062/3161 3105/3208 3063/3162
f 3106/3209 3075/3178 3063/3162
f 3064/3163 3085/3188 3084/3187
f 3085/3188 3045/3142 3086/3189
f 3086/3189 3065/3164 3053/3152
f 3066/3165 3084/3187 3107/3210
f 3108/3211 3079/3182 3066/3165
f 3087/3190 3109/3212 3067/3169
f 3088/3191 3067/3169 3110/3213
f 3092/3195 3087/3190 3050/3148
f 3089/3192 3090/3193 3032/3129
f 4924/5512 3111/3214 3089/3192
f 4923/5513 4924/5512 3089/3192
f 3112/3215 3069/3172 3090/3193
f 3086/3189 3069/3172 3113/3216
f 3070/3173 3091/3194 3092/3195
f 3091/3194 3071/3174 3114/3217
f 3115/3218 3071/3174 3073/3176
f 3072/3175 3056/3155 3098/3201
f 3116/3219 3093/3196 3072/3175
f 3093/3196 3117/3220 3073/3176
f 3094/3197 3075/3178 3118/3221
f 3037/3134 3094/3197 3095/3198
f 3119/3222 3096/3199 3055/3154
f 3096/3199 3120/3223 3076/3179
f 3076/3179 3121/3224 3097/3200
f 3055/3154 3095/3198 3119/3222
f 3098/3201 3077/3180 3097/3200
f 3099/3202 3100/3203 3078/3181
f 3079/3182 3108/3211 3099/3202
f 3102/3205 3122/3225 3080/3183
f 3042/3139 3103/3206 3102/3205
f 3123/3226 3101/3204 3080/3183
f 3124/3227 3081/3184 3100/3203
f 3103/3206 3081/3184 3124/3227
f 3123/3226 3061/3160 3101/3204
f 3082/3185 3125/3228 3083/3186
f 3125/3228 3082/3185 3104/3207
f 3061/3160 3123/3226 3104/3207
f 3126/3229 3105/3208 3083/3186
f 3105/3208 3106/3209 3063/3162
f 3075/3178 3106/3209 3118/3221
f 3085/3188 3107/3210 3084/3187
f 3086/3189 3113/3216 3085/3188
f 3066/3165 3107/3210 3127/3230
f 3066/3165 3127/3230 3108/3211
f 3109/3212 3128/3231 3067/3169
f 3092/3195 3109/3212 3087/3190
f 3067/3169 3129/3232 3110/3213
f 3111/3214 3090/3193 3089/3192
f 3111/3214 4924/5514 4925/5515
f 3130/3233 3112/3215 3090/3193
f 3113/3216 3069/3172 3112/3215
f 3114/3217 3092/3195 3091/3194
f 3071/3174 3115/3218 3114/3217
f 3073/3176 3131/3234 3115/3218
f 3132/3235 3072/3175 3098/3201
f 3116/3219 3072/3175 3132/3235
f 3117/3220 3093/3196 3116/3219
f 3117/3220 3131/3234 3073/3176
f 3118/3221 3133/3236 3094/3197
f 3095/3198 3094/3197 3134/3237
f 3119/3222 3134/3237 3096/3199
f 3120/3223 3096/3199 3135/3238
f 3121/3224 3076/3179 3120/3223
f 3097/3200 3121/3224 3136/3239
f 3134/3237 3119/3222 3095/3198
f 3097/3200 3137/3240 3098/3201
f 3100/3203 3099/3202 3138/3241
f 3108/3211 3139/3242 3099/3202
f 3140/3243 3122/3225 3102/3205
f 3122/3225 3123/3226 3080/3183
f 3102/3205 3103/3206 3140/3243
f 3141/3244 3124/3227 3100/3203
f 3124/3227 3142/3245 3103/3206
f 3083/3186 3125/3228 3143/3246
f 3144/3247 3125/3228 3104/3207
f 3123/3226 3122/3225 3104/3207
f 3105/3208 3126/3229 3145/3248
f 3083/3186 3143/3246 3126/3229
f 3145/3248 3106/3209 3105/3208
f 3118/3221 3106/3209 3146/3249
f 3107/3210 3085/3188 3113/3216
f 3147/3250 3127/3230 3107/3210
f 3127/3230 3148/3251 3108/3211
f 3109/3212 3149/3252 3128/3231
f 3128/3231 3129/3232 3067/3169
f 3150/3253 3109/3212 3092/3195
f 3110/3213 3129/3232 3151/3254
f 3152/3255 3090/3193 3111/3214
f 3111/3214 4925/5516 4926/5517
f 3112/3215 3130/3233 3147/3250
f 3090/3193 3152/3255 3130/3233
f 3113/3216 3112/3215 3107/3210
f 3114/3217 3153/3256 3092/3195
f 3115/3218 3154/3257 3114/3217
f 3154/3257 3115/3218 3131/3234
f 3098/3201 3137/3240 3132/3235
f 3116/3219 3132/3235 3155/3258
f 3116/3219 3156/3259 3117/3220
f 3156/3259 3131/3234 3117/3220
f 3118/3221 3146/3249 3133/3236
f 3134/3237 3094/3197 3133/3236
f 3134/3237 3135/3238 3096/3199
f 3120/3223 3135/3238 3157/3260
f 3158/3261 3121/3224 3120/3223
f 3136/3239 3137/3240 3097/3200
f 3121/3224 3158/3261 3136/3239
f 3138/3241 3159/3262 3100/3203
f 3099/3202 3139/3242 3138/3241
f 3139/3242 3108/3211 3148/3251
f 3160/3263 3122/3225 3140/3243
f 3103/3206 3161/3264 3140/3243
f 3124/3227 3141/3244 3142/3245
f 3141/3244 3100/3203 3159/3262
f 3161/3264 3103/3206 3142/3245
f 3143/3246 3125/3228 3162/3265
f 3144/3247 3163/3266 3125/3228
f 3144/3247 3104/3207 3122/3225
f 3145/3248 3126/3229 3164/3267
f 3165/3268 3126/3229 3143/3246
f 3145/3248 3166/3269 3106/3209
f 3106/3209 3167/3270 3146/3249
f 3107/3210 3112/3215 3147/3250
f 3127/3230 3147/3250 3168/3271
f 3168/3271 3148/3251 3127/3230
f 3149/3252 3109/3212 3150/3253
f 3169/3272 3128/3231 3149/3252
f 3170/3273 3129/3232 3128/3231
f 3092/3195 3153/3256 3150/3253
f 3110/3213 3151/3254 3171/3274
f 3151/3254 3129/3232 3172/3275
f 3173/3276 3152/3255 3111/3214
f 3111/3214 4926/5518 4927/5519
f 3174/3277 3147/3250 3130/3233
f 3130/3233 3152/3255 3174/3277
f 3114/3217 3154/3257 3153/3256
f 3154/3257 3131/3234 3175/3278
f 3176/3279 3132/3235 3137/3240
f 3155/3258 3132/3235 3176/3279
f 3156/3259 3116/3219 3155/3258
f 3177/3280 3131/3234 3156/3259
f 3133/3236 3146/3249 3178/3281
f 3133/3236 3179/3282 3134/3237
f 3179/3282 3135/3238 3134/3237
f 3135/3238 3180/3283 3157/3260
f 3120/3223 3157/3260 3181/3284
f 3158/3261 3120/3223 3181/3284
f 3182/3285 3137/3240 3136/3239
f 3158/3261 3183/3286 3136/3239
f 3184/3287 3159/3262 3138/3241
f 3139/3242 3185/3288 3138/3241
f 3168/3271 3139/3242 3148/3251
f 3160/3263 3144/3247 3122/3225
f 3186/3289 3160/3263 3140/3243
f 3161/3264 3187/3290 3140/3243
f 3142/3245 3141/3244 3188/3291
f 3189/3292 3141/3244 3159/3262
f 3190/3293 3161/3264 3142/3245
f 3191/3294 3162/3265 3125/3228
f 3162/3265 3165/3268 3143/3246
f 3160/3263 3163/3266 3144/3247
f 3163/3266 3191/3294 3125/3228
f 3126/3229 3165/3268 3164/3267
f 3145/3248 3164/3267 3166/3269
f 3106/3209 3166/3269 3167/3270
f 3167/3270 3192/3295 3146/3249
f 3168/3271 3147/3250 3174/3277
f 3153/3256 3149/3252 3150/3253
f 3170/3273 3128/3231 3169/3272
f 3175/3278 3169/3272 3149/3252
f 3172/3275 3129/3232 3170/3273
f 3193/3296 3171/3274 3151/3254
f 3193/3296 3151/3254 3172/3275
f 4928/5520 3173/3276 3111/3214
f 4927/5521 4928/5520 3111/3214
f 3173/3276 3194/3297 3152/3255
f 3195/3298 3174/3277 3152/3255
f 3153/3256 3154/3257 3149/3252
f 3131/3234 3196/3299 3175/3278
f 3154/3257 3175/3278 3149/3252
f 3137/3240 3197/3300 3176/3279
f 3198/3301 3155/3258 3176/3279
f 3177/3280 3156/3259 3155/3258
f 3131/3234 3177/3280 3199/3302
f 3192/3295 3178/3281 3146/3249
f 3133/3236 3178/3281 3200/3303
f 3133/3236 3200/3303 3179/3282
f 3201/3304 3135/3238 3179/3282
f 3135/3238 3201/3304 3180/3283
f 3180/3283 3202/3305 3157/3260
f 3181/3284 3157/3260 3203/3306
f 3181/3284 3203/3306 3158/3261
f 3182/3285 3197/3300 3137/3240
f 3183/3286 3182/3285 3136/3239
f 3158/3261 3203/3306 3183/3286
f 3138/3241 3185/3288 3184/3287
f 3204/3307 3159/3262 3184/3287
f 3205/3308 3185/3288 3139/3242
f 3139/3242 3168/3271 3206/3309
f 3160/3263 3186/3289 3207/3310
f 3187/3290 3186/3289 3140/3243
f 3187/3290 3161/3264 3208/3311
f 3189/3292 3188/3291 3141/3244
f 3188/3291 3190/3293 3142/3245
f 3189/3292 3159/3262 3204/3307
f 3161/3264 3190/3293 3209/3312
f 3162/3265 3191/3294 3210/3313
f 3210/3313 3165/3268 3162/3265
f 3207/3310 3163/3266 3160/3263
f 3191/3294 3163/3266 3211/3314
f 3212/3315 3164/3267 3165/3268
f 3213/3316 3166/3269 3164/3267
f 3214/3317 3167/3270 3166/3269
f 3192/3295 3167/3270 3215/3318
f 3174/3277 3206/3309 3168/3271
f 3169/3272 3216/3319 3170/3273
f 3169/3272 3175/3278 3217/3320
f 3218/3321 3172/3275 3170/3273
f 3172/3275 3219/3322 3193/3296
f 4929/5522 3220/3323 3173/3276
f 4928/5523 4929/5522 3173/3276
f 3152/3255 3194/3297 3221/3324
f 3173/3276 3220/3323 3194/3297
f 3220/3323 4929/5524 4930/5525
f 3174/3277 3195/3298 3222/3325
f 3221/3324 3195/3298 3152/3255
f 3175/3278 3196/3299 3223/3326
f 3199/3302 3196/3299 3131/3234
f 3197/3300 3198/3301 3176/3279
f 3155/3258 3198/3301 3224/3327
f 3225/3328 3177/3280 3155/3258
f 3226/3329 3199/3302 3177/3280
f 3192/3295 3227/3330 3178/3281
f 3227/3330 3200/3303 3178/3281
f 3179/3282 3200/3303 3228/3331
f 3228/3331 3201/3304 3179/3282
f 3229/3332 3180/3283 3201/3304
f 3202/3305 3230/3333 3157/3260
f 3202/3305 3180/3283 3229/3332
f 3203/3306 3157/3260 3230/3333
f 3197/3300 3182/3285 3183/3286
f 3203/3306 3231/3334 3183/3286
f 3184/3287 3185/3288 3222/3325
f 3184/3287 3222/3325 3204/3307
f 3205/3308 3222/3325 3185/3288
f 3139/3242 3206/3309 3205/3308
f 3207/3310 3186/3289 3232/3335
f 3186/3289 3187/3290 3233/3336
f 3208/3311 3161/3264 3209/3312
f 3187/3290 3208/3311 3234/3337
f 3188/3291 3189/3292 3235/3338
f 3190/3293 3188/3291 3235/3338
f 3236/3339 3189/3292 3204/3307
f 3235/3338 3209/3312 3190/3293
f 3237/3340 3210/3313 3191/3294
f 3165/3268 3210/3313 3212/3315
f 3163/3266 3207/3310 3211/3314
f 3238/3341 3191/3294 3211/3314
f 3164/3267 3212/3315 3239/3342
f 3240/3343 3213/3316 3164/3267
f 3166/3269 3213/3316 3214/3317
f 3167/3270 3214/3317 3215/3318
f 3215/3318 3227/3330 3192/3295
f 3206/3309 3174/3277 3222/3325
f 3216/3319 3169/3272 3217/3320
f 3216/3319 3218/3321 3170/3273
f 3217/3320 3175/3278 3223/3326
f 3241/3344 3172/3275 3218/3321
f 3172/3275 3241/3344 3219/3322
f 3219/3322 3242/3345 3193/3296
f 3194/3297 3243/3346 3221/3324
f 3220/3323 3243/3346 3194/3297
f 4931/5526 3244/3347 3220/3323
f 4930/5527 4931/5526 3220/3323
f 3222/3325 3195/3298 3204/3307
f 3245/3348 3195/3298 3221/3324
f 3246/3349 3223/3326 3196/3299
f 3199/3302 3226/3329 3196/3299
f 3247/3350 3198/3301 3197/3300
f 3224/3327 3225/3328 3155/3258
f 3248/3351 3224/3327 3198/3301
f 3177/3280 3225/3328 3226/3329
f 3249/3352 3200/3303 3227/3330
f 3200/3303 3250/3353 3228/3331
f 3251/3354 3201/3304 3228/3331
f 3201/3304 3252/3355 3229/3332
f 3230/3333 3202/3305 3229/3332
f 3230/3333 3231/3334 3203/3306
f 3197/3300 3183/3286 3231/3334
f 3222/3325 3205/3308 3206/3309
f 3207/3310 3232/3335 3211/3314
f 3253/3356 3232/3335 3186/3289
f 3233/3336 3187/3290 3234/3337
f 3253/3356 3186/3289 3233/3336
f 3254/3357 3208/3311 3209/3312
f 3254/3357 3234/3337 3208/3311
f 3235/3338 3189/3292 3255/3358
f 3189/3292 3236/3339 3255/3358
f 3245/3348 3236/3339 3204/3307
f 3254/3357 3209/3312 3235/3338
f 3237/3340 3256/3359 3210/3313
f 3237/3340 3191/3294 3238/3341
f 3210/3313 3256/3359 3212/3315
f 3257/3360 3238/3341 3211/3314
f 3258/3361 3239/3342 3212/3315
f 3164/3267 3239/3342 3240/3343
f 3213/3316 3240/3343 3259/3362
f 3260/3363 3227/3330 3215/3318
f 3216/3319 3217/3320 3261/3364
f 3218/3321 3216/3319 3262/3365
f 3246/3349 3217/3320 3223/3326
f 3218/3321 3262/3365 3241/3344
f 3241/3344 3263/3366 3219/3322
f 3263/3366 3242/3345 3219/3322
f 3243/3346 3264/3367 3221/3324
f 3265/3368 3243/3346 3220/3323
f 3244/3347 3265/3368 3220/3323
f 3244/3347 4931/5528 4932/5529
f 3204/3307 3195/3298 3245/3348
f 3245/3348 3221/3324 3266/3369
f 3196/3299 3267/3370 3246/3349
f 3226/3329 3268/3371 3196/3299
f 3248/3351 3198/3301 3247/3350
f 3247/3350 3197/3300 3231/3334
f 3224/3327 3269/3372 3225/3328
f 3248/3351 3269/3372 3224/3327
f 3268/3371 3226/3329 3225/3328
f 3249/3352 3227/3330 3270/3373
f 3250/3353 3200/3303 3249/3352
f 3271/3374 3228/3331 3250/3353
f 3272/3375 3201/3304 3251/3354
f 3273/3376 3251/3354 3228/3331
f 3201/3304 3272/3375 3252/3355
f 3252/3355 3274/3377 3229/3332
f 3230/3333 3229/3332 3275/3378
f 3230/3333 3275/3378 3231/3334
f 3232/3335 3276/3379 3211/3314
f 3232/3335 3253/3356 3277/3380
f 3233/3336 3234/3337 3278/3381
f 3253/3356 3233/3336 3279/3382
f 3234/3337 3254/3357 3280/3383
f 3255/3358 3254/3357 3235/3338
f 3236/3339 3266/3369 3255/3358
f 3266/3369 3236/3339 3245/3348
f 3281/3384 3256/3359 3237/3340
f 3238/3341 3281/3384 3237/3340
f 3256/3359 3258/3361 3212/3315
f 3211/3314 3276/3379 3257/3360
f 3238/3341 3257/3360 3281/3384
f 3258/3361 3282/3385 3239/3342
f 3239/3342 3283/3386 3240/3343
f 3283/3386 3259/3362 3240/3343
f 3227/3330 3260/3363 3270/3373
f 3246/3349 3261/3364 3217/3320
f 3216/3319 3261/3364 3284/3387
f 3262/3365 3216/3319 3284/3387
f 3285/3388 3241/3344 3262/3365
f 3263/3366 3241/3344 3285/3388
f 3286/3389 3264/3367 3243/3346
f 3264/3367 3287/3390 3221/3324
f 3265/3368 3286/3389 3243/3346
f 3244/3347 3288/3391 3265/3368
f 4933/5530 3289/3392 3244/3347
f 4932/5531 4933/5530 3244/3347
f 3290/3393 3266/3369 3221/3324
f 3196/3299 3268/3371 3267/3370
f 3246/3349 3267/3370 3291/3394
f 3248/3351 3247/3350 3292/3395
f 3275/3378 3247/3350 3231/3334
f 3268/3371 3225/3328 3269/3372
f 3248/3351 3268/3371 3269/3372
f 3293/3396 3249/3352 3270/3373
f 3249/3352 3293/3396 3250/3353
f 3273/3376 3228/3331 3271/3374
f 3271/3374 3250/3353 3293/3396
f 3251/3354 3273/3376 3272/3375
f 3274/3377 3252/3355 3272/3375
f 3229/3332 3274/3377 3294/3397
f 3295/3398 3275/3378 3229/3332
f 3296/3399 3276/3379 3232/3335
f 3297/3400 3232/3335 3277/3380
f 3253/3356 3298/3401 3277/3380
f 3278/3381 3279/3382 3233/3336
f 3278/3381 3234/3337 3280/3383
f 3299/3402 3253/3356 3279/3382
f 3280/3383 3254/3357 3290/3393
f 3255/3358 3290/3393 3254/3357
f 3255/3358 3266/3369 3290/3393
f 3300/3403 3256/3359 3281/3384
f 3300/3403 3258/3361 3256/3359
f 3276/3379 3301/3404 3257/3360
f 3301/3404 3281/3384 3257/3360
f 3282/3385 3258/3361 3302/3405
f 3239/3342 3282/3385 3283/3386
f 3261/3364 3246/3349 3303/3406
f 3261/3364 3303/3406 3284/3387
f 3284/3387 3304/3407 3262/3365
f 3262/3365 3304/3407 3285/3388
f 3285/3388 3305/3408 3263/3366
f 3286/3389 3306/3409 3264/3367
f 3264/3367 3307/3410 3287/3390
f 3287/3390 3290/3393 3221/3324
f 3308/3411 3286/3389 3265/3368
f 3244/3347 3309/3412 3288/3391
f 3308/3411 3265/3368 3288/3391
f 3289/3392 3309/3412 3244/3347
f 3289/3392 4933/5532 4934/5533
f 3268/3371 3310/3413 3267/3370
f 3291/3394 3311/3414 3246/3349
f 3312/3415 3291/3394 3267/3370
f 3310/3413 3248/3351 3292/3395
f 3247/3350 3313/3416 3292/3395
f 3275/3378 3295/3398 3247/3350
f 3268/3371 3248/3351 3310/3413
f 3270/3373 3314/3417 3293/3396
f 3315/3418 3273/3376 3271/3374
f 3271/3374 3293/3396 3314/3417
f 3315/3418 3272/3375 3273/3376
f 3272/3375 3316/3419 3274/3377
f 3274/3377 3316/3419 3294/3397
f 3295/3398 3229/3332 3294/3397
f 3296/3399 3317/3420 3276/3379
f 3296/3399 3232/3335 3318/3421
f 3297/3400 3318/3421 3232/3335
f 3298/3401 3297/3400 3277/3380
f 3298/3401 3253/3356 3299/3402
f 3307/3410 3279/3382 3278/3381
f 3280/3383 3307/3410 3278/3381
f 3319/3422 3299/3402 3279/3382
f 3307/3410 3280/3383 3290/3393
f 3320/3423 3300/3403 3281/3384
f 3258/3361 3300/3403 3302/3405
f 3301/3404 3276/3379 3321/3424
f 3281/3384 3301/3404 3322/3425
f 3302/3405 3323/3426 3282/3385
f 3324/3427 3283/3386 3282/3385
f 3311/3414 3303/3406 3246/3349
f 3284/3387 3303/3406 3325/3428
f 3304/3407 3284/3387 3325/3428
f 3285/3388 3304/3407 3326/3429
f 3326/3429 3305/3408 3285/3388
f 3264/3367 3306/3409 3327/3430
f 3306/3409 3286/3389 3308/3411
f 3264/3367 3327/3430 3307/3410
f 3287/3390 3307/3410 3290/3393
f 3328/3431 3288/3391 3309/3412
f 3288/3391 3329/3432 3308/3411
f 3289/3392 3330/3433 3309/3412
f 3289/3392 4934/5534 4935/5535
f 3312/3415 3267/3370 3310/3413
f 3331/3434 3311/3414 3291/3394
f 3291/3394 3312/3415 3331/3434
f 3292/3395 3332/3435 3310/3413
f 3313/3416 3247/3350 3295/3398
f 3292/3395 3313/3416 3333/3436
f 3315/3418 3271/3374 3334/3437
f 3334/3437 3271/3374 3314/3417
f 3272/3375 3315/3418 3316/3419
f 3294/3397 3316/3419 3335/3438
f 3294/3397 3333/3436 3295/3398
f 3336/3439 3317/3420 3296/3399
f 3276/3379 3317/3420 3321/3424
f 3318/3421 3337/3440 3296/3399
f 3338/3441 3318/3421 3297/3400
f 3297/3400 3298/3401 3339/3442
f 3319/3422 3298/3401 3299/3402
f 3279/3382 3307/3410 3327/3430
f 3327/3430 3319/3422 3279/3382
f 3320/3423 3340/3443 3300/3403
f 3320/3423 3281/3384 3322/3425
f 3341/3444 3302/3405 3300/3403
f 3322/3425 3301/3404 3321/3424
f 3302/3405 3342/3445 3323/3426
f 3323/3426 3343/3446 3282/3385
f 3343/3446 3324/3427 3282/3385
f 3311/3414 3344/3447 3303/3406
f 3325/3428 3303/3406 3344/3447
f 3326/3429 3304/3407 3325/3428
f 3305/3408 3326/3429 3345/3448
f 3306/3409 3319/3422 3327/3430
f 3308/3411 3346/3449 3306/3409
f 3347/3450 3328/3431 3309/3412
f 3328/3431 3348/3451 3288/3391
f 3288/3391 3348/3451 3329/3432
f 3308/3411 3329/3432 3349/3452
f 3289/3392 3350/3453 3330/3433
f 3351/3454 3309/3412 3330/3433
f 4936/5536 3350/3453 3289/3392
f 4935/5537 4936/5536 3289/3392
f 3312/3415 3310/3413 3352/3455
f 3331/3434 3353/3456 3311/3414
f 3354/3457 3331/3434 3312/3415
f 3310/3413 3332/3435 3352/3455
f 3333/3436 3332/3435 3292/3395
f 3313/3416 3295/3398 3333/3436
f 3316/3419 3315/3418 3334/3437
f 3335/3438 3316/3419 3355/3458
f 3356/3459 3294/3397 3335/3438
f 3294/3397 3357/3460 3333/3436
f 3358/3461 3317/3420 3336/3439
f 3296/3399 3337/3440 3336/3439
f 3317/3420 3359/3462 3321/3424
f 3360/3463 3337/3440 3318/3421
f 3318/3421 3338/3441 3360/3463
f 3339/3442 3338/3441 3297/3400
f 3319/3422 3339/3442 3298/3401
f 3300/3403 3340/3443 3341/3444
f 3322/3425 3340/3443 3320/3423
f 3302/3405 3341/3444 3342/3445
f 3321/3424 3359/3462 3322/3425
f 3323/3426 3342/3445 3361/3464
f 3361/3464 3343/3446 3323/3426
f 3353/3456 3344/3447 3311/3414
f 3362/3465 3325/3428 3344/3447
f 3363/3466 3326/3429 3325/3428
f 3326/3429 3364/3467 3345/3448
f 3319/3422 3306/3409 3346/3449
f 3349/3452 3346/3449 3308/3411
f 3347/3450 3365/3468 3328/3431
f 3366/3469 3347/3450 3309/3412
f 3328/3431 3365/3468 3348/3451
f 3348/3451 3367/3470 3329/3432
f 3329/3432 3367/3470 3349/3452
f 3330/3433 3350/3453 3368/3471
f 3309/3412 3351/3454 3366/3469
f 3368/3471 3351/3454 3330/3433
f 4937/5538 3369/3472 3350/3453
f 4936/5539 4937/5538 3350/3453
f 3370/3473 3312/3415 3352/3455
f 3354/3457 3353/3456 3331/3434
f 3370/3473 3354/3457 3312/3415
f 3352/3455 3332/3435 3371/3474
f 3333/3436 3372/3475 3332/3435
f 3355/3458 3316/3419 3334/3437
f 3373/3476 3335/3438 3355/3458
f 3294/3397 3356/3459 3373/3476
f 3356/3459 3335/3438 3373/3476
f 3374/3477 3357/3460 3294/3397
f 3372/3475 3333/3436 3357/3460
f 3375/3478 3317/3420 3358/3461
f 3358/3461 3336/3439 3376/3479
f 3336/3439 3337/3440 3377/3480
f 3359/3462 3317/3420 3378/3481
f 3379/3482 3337/3440 3360/3463
f 3339/3442 3360/3463 3338/3441
f 3346/3449 3339/3442 3319/3422
f 3340/3443 3380/3483 3341/3444
f 3381/3484 3340/3443 3322/3425
f 3342/3445 3341/3444 3382/3485
f 3322/3425 3359/3462 3381/3484
f 3382/3485 3361/3464 3342/3445
f 3362/3465 3344/3447 3353/3456
f 3363/3466 3325/3428 3362/3465
f 3326/3429 3363/3466 3364/3467
f 3364/3467 3383/3486 3345/3448
f 3367/3470 3346/3449 3349/3452
f 3365/3468 3347/3450 3384/3487
f 3347/3450 3366/3469 3385/3488
f 3365/3468 3379/3482 3348/3451
f 3367/3470 3348/3451 3379/3482
f 3368/3471 3350/3453 3386/3489
f 3351/3454 3387/3490 3366/3469
f 3368/3471 3388/3491 3351/3454
f 4938/5540 3389/3492 3369/3472
f 4937/5541 4938/5540 3369/3472
f 3369/3472 3390/3493 3350/3453
f 3370/3473 3352/3455 3391/3494
f 3353/3456 3354/3457 3392/3495
f 3354/3457 3370/3473 3393/3496
f 3332/3435 3372/3475 3371/3474
f 3352/3455 3371/3474 3394/3497
f 3294/3397 3373/3476 3395/3498
f 3395/3498 3374/3477 3294/3397
f 3357/3460 3374/3477 3372/3475
f 3396/3499 3375/3478 3358/3461
f 3317/3420 3375/3478 3378/3481
f 3397/3500 3376/3479 3336/3439
f 3396/3499 3358/3461 3376/3479
f 3377/3480 3337/3440 3398/3501
f 3397/3500 3336/3439 3377/3480
f 3359/3462 3378/3481 3381/3484
f 3379/3482 3360/3463 3367/3470
f 3337/3440 3379/3482 3398/3501
f 3360/3463 3339/3442 3367/3470
f 3339/3442 3346/3449 3367/3470
f 3382/3485 3341/3444 3380/3483
f 3380/3483 3340/3443 3381/3484
f 3399/3502 3361/3464 3382/3485
f 3353/3456 3363/3466 3362/3465
f 3383/3486 3364/3467 3363/3466
f 3385/3488 3384/3487 3347/3450
f 3384/3487 3379/3482 3365/3468
f 3385/3488 3366/3469 3387/3490
f 3368/3471 3386/3489 3400/3503
f 3350/3453 3390/3493 3386/3489
f 3351/3454 3401/3504 3387/3490
f 3351/3454 3388/3491 3401/3504
f 3368/3471 3402/3505 3388/3491
f 3389/3492 3403/3506 3369/3472
f 3389/3492 4938/5542 4939/5543
f 3404/3507 3390/3493 3369/3472
f 3393/3496 3370/3473 3391/3494
f 3352/3455 3405/3508 3391/3494
f 3353/3456 3392/3495 3363/3466
f 3393/3496 3392/3495 3354/3457
f 3372/3475 3374/3477 3371/3474
f 3371/3474 3406/3509 3394/3497
f 3405/3508 3352/3455 3394/3497
f 3395/3498 3407/3510 3374/3477
f 3408/3511 3375/3478 3396/3499
f 3375/3478 3409/3512 3378/3481
f 3397/3500 3401/3504 3376/3479
f 3396/3499 3376/3479 3410/3513
f 3385/3488 3377/3480 3398/3501
f 3377/3480 3385/3488 3397/3500
f 3378/3481 3411/3514 3381/3484
f 3398/3501 3379/3482 3384/3487
f 3380/3483 3412/3515 3382/3485
f 3381/3484 3411/3514 3380/3483
f 3413/3516 3399/3502 3382/3485
f 3399/3502 3414/3517 3361/3464
f 3363/3466 3392/3495 3383/3486
f 3384/3487 3385/3488 3398/3501
f 3387/3490 3401/3504 3385/3488
f 3415/3518 3400/3503 3386/3489
f 3400/3503 3402/3505 3368/3471
f 3390/3493 3416/3519 3386/3489
f 3388/3491 3417/3520 3401/3504
f 3388/3491 3402/3505 3417/3520
f 3389/3492 3418/3521 3403/3506
f 3369/3472 3403/3506 3404/3507
f 3389/3492 4939/5544 4940/5545
f 3404/3507 3419/3522 3390/3493
f 3420/3523 3393/3496 3391/3494
f 3391/3494 3405/3508 3407/3510
f 3393/3496 3421/3524 3392/3495
f 3371/3474 3374/3477 3406/3509
f 3406/3509 3405/3508 3394/3497
f 3422/3525 3407/3510 3395/3498
f 3374/3477 3407/3510 3406/3509
f 3375/3478 3408/3511 3423/3526
f 3424/3527 3408/3511 3396/3499
f 3378/3481 3409/3512 3411/3514
f 3409/3512 3375/3478 3423/3526
f 3401/3504 3397/3500 3385/3488
f 3417/3520 3376/3479 3401/3504
f 3424/3527 3396/3499 3410/3513
f 3410/3513 3376/3479 3417/3520
f 3411/3514 3412/3515 3380/3483
f 3382/3485 3412/3515 3413/3516
f 3413/3516 3425/3528 3399/3502
f 3426/3529 3414/3517 3399/3502
f 3383/3486 3392/3495 3421/3524
f 3400/3503 3415/3518 3427/3530
f 3415/3518 3386/3489 3416/3519
f 3400/3503 3428/3531 3402/3505
f 3390/3493 3419/3522 3416/3519
f 3417/3520 3402/3505 3429/3532
f 3418/3521 3389/3492 3430/3533
f 3418/3521 3431/3534 3403/3506
f 3404/3507 3403/3506 3432/3535
f 4941/5546 3430/3533 3389/3492
f 4940/5547 4941/5546 3389/3492
f 3419/3522 3404/3507 3433/3536
f 3420/3523 3421/3524 3393/3496
f 3434/3537 3420/3523 3391/3494
f 3406/3509 3407/3510 3405/3508
f 3407/3510 3422/3525 3391/3494
f 3435/3538 3423/3526 3408/3511
f 3436/3539 3408/3511 3424/3527
f 3409/3512 3437/3540 3411/3514
f 3438/3541 3409/3512 3423/3526
f 3439/3542 3424/3527 3410/3513
f 3410/3513 3417/3520 3429/3532
f 3440/3543 3412/3515 3411/3514
f 3412/3515 3440/3543 3413/3516
f 3441/3544 3425/3528 3413/3516
f 3399/3502 3425/3528 3442/3545
f 3399/3502 3442/3545 3426/3529
f 3415/3518 3436/3539 3427/3530
f 3436/3539 3400/3503 3427/3530
f 3415/3518 3416/3519 3435/3538
f 3429/3532 3402/3505 3428/3531
f 3400/3503 3436/3539 3428/3531
f 3433/3536 3416/3519 3419/3522
f 3418/3521 3430/3533 3443/3546
f 3431/3534 3418/3521 3444/3547
f 3431/3534 3432/3535 3403/3506
f 3445/3548 3404/3507 3432/3535
f 4942/5548 3446/3549 3430/3533
f 4941/5549 4942/5548 3430/3533
f 3433/3536 3404/3507 3445/3548
f 3421/3524 3420/3523 3447/3550
f 3420/3523 3434/3537 3447/3550
f 3391/3494 3422/3525 3434/3537
f 3448/3551 3423/3526 3435/3538
f 3408/3511 3436/3539 3435/3538
f 3424/3527 3439/3542 3436/3539
f 3411/3514 3437/3540 3440/3543
f 3409/3512 3449/3552 3437/3540
f 3449/3552 3409/3512 3438/3541
f 3423/3526 3448/3551 3438/3541
f 3439/3542 3410/3513 3429/3532
f 3413/3516 3440/3543 3441/3544
f 3450/3553 3425/3528 3441/3544
f 3451/3554 3442/3545 3425/3528
f 3442/3545 3452/3555 3426/3529
f 3436/3539 3415/3518 3435/3538
f 3416/3519 3453/3556 3435/3538
f 3428/3531 3439/3542 3429/3532
f 3428/3531 3436/3539 3439/3542
f 3416/3519 3433/3536 3453/3556
f 3430/3533 3454/3557 3443/3546
f 3418/3521 3443/3546 3444/3547
f 3431/3534 3444/3547 3455/3558
f 3431/3534 3456/3559 3432/3535
f 3457/3560 3445/3548 3432/3535
f 4943/5550 3458/3561 3446/3549
f 4942/5551 4943/5550 3446/3549
f 3446/3549 3454/3557 3430/3533
f 3445/3548 3459/3562 3433/3536
f 3447/3550 3434/3537 3422/3525
f 3435/3538 3453/3556 3448/3551
f 3440/3543 3437/3540 3460/3563
f 3437/3540 3449/3552 3460/3563
f 3461/3564 3449/3552 3438/3541
f 3438/3541 3448/3551 3462/3565
f 3460/3563 3441/3544 3440/3543
f 3450/3553 3441/3544 3460/3563
f 3425/3528 3450/3553 3451/3554
f 3452/3555 3442/3545 3451/3554
f 3433/3536 3462/3565 3453/3556
f 3454/3557 3463/3566 3443/3546
f 3464/3567 3444/3547 3443/3546
f 3464/3567 3455/3558 3444/3547
f 3431/3534 3455/3558 3456/3559
f 3432/3535 3456/3559 3457/3560
f 3445/3548 3457/3560 3459/3562
f 3458/3561 4943/5552 4944/5553
f 3454/3557 3446/3549 3465/3568
f 3459/3562 3462/3565 3433/3536
f 3453/3556 3462/3565 3448/3551
f 3466/3569 3460/3563 3449/3552
f 3461/3564 3438/3541 3467/3570
f 3461/3564 3468/3571 3449/3552
f 3462/3565 3459/3562 3438/3541
f 3460/3563 3469/3572 3450/3553
f 3470/3573 3451/3554 3450/3553
f 3471/3574 3452/3555 3451/3554
f 3463/3566 3454/3557 3465/3568
f 3443/3546 3463/3566 3472/3575
f 3443/3546 3472/3575 3464/3567
f 3473/3576 3455/3558 3464/3567
f 3455/3558 3467/3570 3456/3559
f 3467/3570 3457/3560 3456/3559
f 3459/3562 3457/3560 3467/3570
f 3458/3561 4944/5554 4945/5555
f 3466/3569 3469/3572 3460/3563
f 3466/3569 3449/3552 3468/3571
f 3438/3541 3459/3562 3467/3570
f 3467/3570 3474/3577 3461/3564
f 3469/3572 3475/3578 3450/3553
f 3470/3573 3471/3574 3451/3554
f 3470/3573 3450/3553 3475/3578
f 3452/3555 3471/3574 3476/3579
f 3464/3567 3472/3575 3477/3580
f 3473/3576 3474/3577 3455/3558
f 3477/3580 3473/3576 3464/3567
f 3455/3558 3474/3577 3467/3570
f 4946/5556 3478/3581 3458/3561
f 4945/5557 4946/5556 3458/3561
f 3468/3571 3469/3572 3466/3569
f 3461/3564 3474/3577 3479/3582
f 3480/3583 3475/3578 3469/3572
f 3471/3574 3470/3573 3481/3584
f 3470/3573 3475/3578 3481/3584
f 3476/3579 3471/3574 3481/3584
f 3474/3577 3473/3576 3479/3582
f 3477/3580 3479/3582 3473/3576
f 4947/5558 3482/3585 3478/3581
f 4946/5559 4947/5558 3478/3581
f 3483/3586 3458/3561 3478/3581
f 3469/3572 3468/3571 3480/3583
f 3482/3585 3483/3586 3478/3581
f 3482/3585 4947/5560 4948/5561
f 3483/3586 3482/3585 3484/3587
f 3482/3585 4948/5562 4949/5563
f 4950/5564 3484/3587 3482/3585
f 4949/5565 4950/5564 3482/3585
f 4951/5566 3485/3588 3484/3587
f 4950/5567 4951/5566 3484/3587
f 3486/3589 4952/5568 4953/5569
f 4952/5570 3486/3589 3485/3588
f 4951/5571 4952/5570 3485/3588
f 3486/3589 4953/5572 4954/5573
f 3487/3590 3485/3588 3486/3589
f 3486/3589 4954/5574 4955/5575
f 4956/5576 3487/3590 3486/3589
f 4955/5577 4956/5576 3486/3589
f 4957/5578 2296/3591 3487/3590
f 4956/5579 4957/5578 3487/3590
f 2296/3591 4957/5580 4880/5581
f 3488/3592 3489/3593 3490/3594
f 3489/3593 3488/3592 3491/3595
f 3490/3594 3489/3593 3492/3596
f 3488/3592 3490/3594 3493/3597
f 3494/3598 3491/3595 3488/3592
f 3489/3593 3491/3595 3495/3599
f 3496/3600 3492/3596 3489/3593
f 3492/3596 3497/3601 3490/3594
f 3490/3594 3497/3601 3493/3597
f 3488/3592 3493/3597 3498/3602
f 3499/3603 3491/3595 3494/3598
f 3488/3592 3500/3604 3494/3598
f 3491/3595 3501/3605 3495/3599
f 3495/3599 3496/3600 3489/3593
f 3502/3606 3492/3596 3496/3600
f 3492/3596 3503/3607 3497/3601
f 3504/3608 3493/3597 3497/3601
f 3498/3602 3500/3604 3488/3592
f 3493/3597 3505/3609 3498/3602
f 3499/3603 3506/3610 3491/3595
f 3499/3603 3494/3598 3507/3611
f 3500/3604 3508/3612 3494/3598
f 3495/3599 3501/3605 3509/3613
f 3491/3595 3510/3614 3501/3605
f 3502/3606 3496/3600 3495/3599
f 3502/3606 3503/3607 3492/3596
f 3497/3601 3503/3607 1989/3615
f 3493/3597 3504/3608 3505/3609
f 1933/3616 3504/3608 3497/3601
f 3498/3602 3511/3617 3500/3604
f 3512/3618 3498/3602 3505/3609
f 3506/3610 3499/3603 3513/3619
f 3510/3614 3491/3595 3506/3610
f 3499/3603 3507/3611 3513/3619
f 3508/3612 3507/3611 3494/3598
f 3511/3617 3508/3612 3500/3604
f 3509/3613 3514/3620 3495/3599
f 3509/3613 3501/3605 3515/3621
f 3510/3614 3516/3622 3501/3605
f 3495/3599 3514/3620 3502/3606
f 3502/3606 3517/3623 3503/3607
f 1989/3615 3503/3607 1988/3624
f 1933/3616 3497/3601 1989/3615
f 3518/3625 3505/3609 3504/3608
f 3518/3625 3504/3608 1933/3616
f 3498/3602 3519/3626 3511/3617
f 3520/3627 3498/3602 3512/3618
f 1912/3628 3512/3618 3505/3609
f 3521/3629 3506/3610 3513/3619
f 3510/3614 3506/3610 3522/3630
f 3523/3631 3513/3619 3507/3611
f 3507/3611 3508/3612 3523/3631
f 3508/3612 3511/3617 3524/3632
f 3509/3613 3525/3633 3514/3620
f 3525/3633 3509/3613 3515/3621
f 3501/3605 3526/3634 3515/3621
f 3527/3635 3516/3622 3510/3614
f 3516/3622 3528/3636 3501/3605
f 3529/3637 3502/3606 3514/3620
f 3529/3637 3517/3623 3502/3606
f 3503/3607 3517/3623 1988/3624
f 3505/3609 3518/3625 1933/3616
f 3519/3626 3498/3602 3520/3627
f 3519/3626 3530/3638 3511/3617
f 3512/3618 3531/3639 3520/3627
f 3512/3618 1912/3628 3532/3640
f 3505/3609 1933/3616 1912/3628
f 3506/3610 3521/3629 3522/3630
f 3513/3619 3533/3641 3521/3629
f 3522/3630 3527/3635 3510/3614
f 3513/3619 3523/3631 3534/3642
f 3535/3643 3523/3631 3508/3612
f 3524/3632 3535/3643 3508/3612
f 3530/3638 3524/3632 3511/3617
f 3525/3633 3529/3637 3514/3620
f 3536/3644 3525/3633 3515/3621
f 3537/3645 3515/3621 3526/3634
f 3526/3634 3501/3605 3528/3636
f 3527/3635 3538/3646 3516/3622
f 3538/3646 3528/3636 3516/3622
f 3529/3637 2046/3647 3517/3623
f 3517/3623 2046/3647 1988/3624
f 3520/3627 3530/3638 3519/3626
f 3531/3639 3512/3618 3539/3648
f 3530/3638 3520/3627 3531/3639
f 3532/3640 1912/3628 1807/3649
f 3532/3640 3539/3648 3512/3618
f 3522/3630 3521/3629 3540/3650
f 3541/3651 3533/3641 3513/3619
f 3542/3652 3521/3629 3533/3641
f 3527/3635 3522/3630 3540/3650
f 3534/3642 3523/3631 3535/3643
f 3534/3642 3541/3651 3513/3619
f 3535/3643 3524/3632 3534/3642
f 3530/3638 3543/3653 3524/3632
f 3529/3637 3525/3633 2127/3654
f 3544/3655 3536/3644 3515/3621
f 3525/3633 3536/3644 3545/3656
f 3544/3655 3515/3621 3537/3645
f 3526/3634 3546/3657 3537/3645
f 3526/3634 3528/3636 3546/3657
f 3538/3646 3527/3635 3547/3658
f 3538/3646 3546/3657 3528/3636
f 2046/3647 3529/3637 2127/3654
f 3539/3648 3548/3659 3531/3639
f 3543/3653 3530/3638 3531/3639
f 1807/3649 3549/3660 3532/3640
f 3548/3659 3539/3648 3532/3640
f 3521/3629 3542/3652 3540/3650
f 3533/3641 3541/3651 3550/3661
f 3533/3641 3550/3661 3542/3652
f 3547/3658 3527/3635 3540/3650
f 3541/3651 3534/3642 3551/3662
f 3534/3642 3524/3632 3552/3663
f 3524/3632 3543/3653 3552/3663
f 3525/3633 3545/3656 2127/3654
f 3536/3644 3544/3655 2215/3664
f 2142/3665 3545/3656 3536/3644
f 2215/3664 3544/3655 3537/3645
f 3546/3657 3553/3666 3537/3645
f 3554/3667 3538/3646 3547/3658
f 3555/3668 3546/3657 3538/3646
f 3548/3659 3543/3653 3531/3639
f 1807/3649 1778/3669 3549/3660
f 3549/3660 3556/3670 3532/3640
f 3532/3640 3557/3671 3548/3659
f 3558/3672 3540/3650 3542/3652
f 3541/3651 3551/3662 3550/3661
f 3550/3661 3558/3672 3542/3652
f 3540/3650 3559/3673 3547/3658
f 3551/3662 3534/3642 3552/3663
f 3543/3653 3560/3674 3552/3663
f 2127/3654 3545/3656 2142/3665
f 2215/3664 3561/3675 3536/3644
f 3536/3644 3561/3675 2142/3665
f 3562/3676 2215/3664 3537/3645
f 3553/3666 3546/3657 3563/3677
f 3537/3645 3553/3666 3562/3676
f 3554/3667 3555/3668 3538/3646
f 3547/3658 3564/3678 3554/3667
f 3565/3679 3546/3657 3555/3668
f 3548/3659 3566/3680 3543/3653
f 1778/3669 3567/3681 3549/3660
f 3549/3660 3567/3681 3556/3670
f 3556/3670 3557/3671 3532/3640
f 3548/3659 3557/3671 3566/3680
f 3540/3650 3558/3672 3568/3682
f 3550/3661 3551/3662 3569/3683
f 3558/3672 3550/3661 3570/3684
f 3559/3673 3540/3650 3568/3682
f 3547/3658 3559/3673 3564/3678
f 3551/3662 3552/3663 3571/3685
f 3572/3686 3552/3663 3560/3674
f 3560/3674 3543/3653 3573/3687
f 3561/3675 2215/3664 2181/3688
f 2142/3665 3561/3675 2181/3688
f 3574/3689 2215/3664 3562/3676
f 3553/3666 3563/3677 3575/3690
f 3563/3677 3546/3657 3565/3679
f 3576/3691 3562/3676 3553/3666
f 3554/3667 3577/3692 3555/3668
f 3577/3692 3554/3667 3564/3678
f 3577/3692 3565/3679 3555/3668
f 3543/3653 3566/3680 3578/3693
f 3567/3681 1778/3669 3579/3694
f 3580/3695 3556/3670 3567/3681
f 3557/3671 3556/3670 3566/3680
f 3568/3682 3558/3672 3570/3684
f 3581/3696 3550/3661 3569/3683
f 3569/3683 3551/3662 3582/3697
f 3581/3696 3570/3684 3550/3661
f 3568/3682 3583/3698 3559/3673
f 3583/3698 3564/3678 3559/3673
f 3571/3685 3582/3697 3551/3662
f 3571/3685 3552/3663 3572/3686
f 3572/3686 3560/3674 3584/3699
f 3585/3700 3560/3674 3573/3687
f 3578/3693 3573/3687 3543/3653
f 2226/3701 2215/3664 3574/3689
f 3586/3702 3574/3689 3562/3676
f 3575/3690 3563/3677 3565/3679
f 3587/3703 3553/3666 3575/3690
f 3562/3676 3576/3691 3586/3702
f 3553/3666 3587/3703 3576/3691
f 3564/3678 3588/3704 3577/3692
f 3566/3680 3556/3670 3578/3693
f 3579/3694 1778/3669 1752/3705
f 3579/3694 3589/3706 3567/3681
f 3567/3681 3590/3707 3580/3695
f 3556/3670 3580/3695 3578/3693
f 3591/3708 3581/3696 3569/3683
f 3582/3697 3591/3708 3569/3683
f 3570/3684 3581/3696 3592/3709
f 3564/3678 3583/3698 3588/3704
f 3593/3710 3582/3697 3571/3685
f 3571/3685 3572/3686 3594/3711
f 3560/3674 3595/3712 3584/3699
f 3572/3686 3584/3699 3594/3711
f 3595/3712 3560/3674 3585/3700
f 3573/3687 3596/3713 3585/3700
f 3580/3695 3573/3687 3578/3693
f 3574/3689 3586/3702 2226/3701
f 3597/3714 3586/3702 3576/3691
f 3589/3706 3579/3694 1752/3705
f 3589/3706 3590/3707 3567/3681
f 3573/3687 3580/3695 3590/3707
f 3598/3715 3581/3696 3591/3708
f 3591/3708 3582/3697 3599/3716
f 3600/3717 3592/3709 3581/3696
f 3582/3697 3593/3710 3599/3716
f 3593/3710 3571/3685 3594/3711
f 3595/3712 3601/3718 3584/3699
f 3594/3711 3584/3699 3601/3718
f 3595/3712 3585/3700 3602/3719
f 3596/3713 3573/3687 3603/3720
f 3585/3700 3596/3713 3604/3721
f 2226/3701 3586/3702 3597/3714
f 1752/3705 3605/3722 3589/3706
f 3590/3707 3589/3706 3606/3723
f 3573/3687 3590/3707 3606/3723
f 3581/3696 3598/3715 3607/3724
f 3598/3715 3591/3708 3608/3725
f 3609/3726 3591/3708 3599/3716
f 3600/3717 3581/3696 3607/3724
f 3610/3727 3592/3709 3600/3717
f 3611/3728 3599/3716 3593/3710
f 3601/3718 3593/3710 3594/3711
f 3602/3719 3601/3718 3595/3712
f 3602/3719 3585/3700 3612/3729
f 3596/3713 3603/3720 3613/3730
f 3573/3687 3606/3723 3603/3720
f 3614/3731 3604/3721 3596/3713
f 3614/3731 3585/3700 3604/3721
f 3605/3722 1752/3705 1682/3732
f 3589/3706 3605/3722 3615/3733
f 3603/3720 3606/3723 3589/3706
f 3607/3724 3598/3715 3608/3725
f 3591/3708 3616/3734 3608/3725
f 3617/3735 3609/3726 3599/3716
f 3591/3708 3609/3726 3616/3734
f 3618/3736 3600/3717 3607/3724
f 3600/3717 3619/3737 3610/3727
f 3617/3735 3599/3716 3611/3728
f 3611/3728 3593/3710 3601/3718
f 3612/3729 3601/3718 3602/3719
f 3585/3700 3620/3738 3612/3729
f 3613/3730 3603/3720 3615/3733
f 3596/3713 3613/3730 3614/3731
f 3620/3738 3585/3700 3614/3731
f 3605/3722 1682/3732 3621/3739
f 3615/3733 3605/3722 3613/3730
f 3603/3720 3589/3706 3615/3733
f 3608/3725 3622/3740 3607/3724
f 3608/3725 3616/3734 3623/3741
f 3624/3742 3609/3726 3617/3735
f 3609/3726 3624/3742 3616/3734
f 3622/3740 3618/3736 3607/3724
f 3618/3736 3619/3737 3600/3717
f 3625/3743 3617/3735 3611/3728
f 3601/3718 3625/3743 3611/3728
f 3626/3744 3601/3718 3612/3729
f 3612/3729 3620/3738 3627/3745
f 3614/3731 3613/3730 3628/3746
f 3629/3747 3620/3738 3614/3731
f 3621/3739 1682/3732 1551/3748
f 3630/3749 3605/3722 3621/3739
f 3605/3722 3628/3746 3613/3730
f 3623/3741 3622/3740 3608/3725
f 3616/3734 3631/3750 3623/3741
f 3624/3742 3617/3735 3632/3751
f 3624/3742 3633/3752 3616/3734
f 3622/3740 3634/3753 3618/3736
f 3619/3737 3618/3736 3634/3753
f 3617/3735 3625/3743 3635/3754
f 3601/3718 3626/3744 3625/3743
f 3636/3755 3626/3744 3612/3729
f 3627/3745 3620/3738 3637/3756
f 3627/3745 3636/3755 3612/3729
f 3614/3731 3628/3746 3630/3749
f 3637/3756 3620/3738 3629/3747
f 3638/3757 3629/3747 3614/3731
f 1551/3748 1508/3758 3621/3739
f 3628/3746 3605/3722 3630/3749
f 3630/3749 3621/3739 3639/3759
f 3622/3740 3623/3741 3634/3753
f 3633/3752 3631/3750 3616/3734
f 3640/3760 3623/3741 3631/3750
f 3641/3761 3624/3742 3632/3751
f 3617/3735 3642/3762 3632/3751
f 3624/3742 3643/3763 3633/3752
f 3619/3737 3634/3753 3644/3764
f 3625/3743 3645/3765 3635/3754
f 3642/3762 3617/3735 3635/3754
f 3645/3765 3625/3743 3626/3744
f 3626/3744 3636/3755 3645/3765
f 3637/3756 3646/3766 3627/3745
f 3647/3767 3636/3755 3627/3745
f 3630/3749 3638/3757 3614/3731
f 3629/3747 3648/3768 3637/3756
f 3638/3757 3630/3749 3629/3747
f 3639/3759 3621/3739 1508/3758
f 3648/3768 3630/3749 3639/3759
f 3623/3741 3640/3760 3634/3753
f 3631/3750 3633/3752 3649/3769
f 3650/3770 3640/3760 3631/3750
f 3651/3771 3641/3761 3632/3751
f 3643/3763 3624/3742 3641/3761
f 3632/3751 3642/3762 3651/3771
f 3649/3769 3633/3752 3643/3763
f 3634/3753 3640/3760 3644/3764
f 3619/3737 3644/3764 3652/3772
f 3653/3773 3635/3754 3645/3765
f 3654/3774 3642/3762 3635/3754
f 3653/3773 3645/3765 3636/3755
f 3655/3775 3646/3766 3637/3756
f 3646/3766 3656/3776 3627/3745
f 3627/3745 3657/3777 3647/3767
f 3653/3773 3636/3755 3647/3767
f 3637/3756 3648/3768 3655/3775
f 3630/3749 3648/3768 3629/3747
f 3639/3759 1508/3758 1552/3778
f 1552/3778 3648/3768 3639/3759
f 3631/3750 3649/3769 3650/3770
f 3658/3779 3640/3760 3650/3770
f 3651/3771 3659/3780 3641/3761
f 3660/3781 3643/3763 3641/3761
f 3642/3762 3661/3782 3651/3771
f 3649/3769 3643/3763 3662/3783
f 3644/3764 3640/3760 3663/3784
f 3644/3764 3664/3785 3652/3772
f 3654/3774 3635/3754 3653/3773
f 3642/3762 3654/3774 3661/3782
f 3665/3786 3646/3766 3655/3775
f 3656/3776 3646/3766 3665/3786
f 3656/3776 3657/3777 3627/3745
f 3657/3777 3666/3787 3647/3767
f 3667/3788 3653/3773 3647/3767
f 3648/3768 1552/3778 3655/3775
f 3662/3783 3650/3770 3649/3769
f 3658/3779 3668/3789 3640/3760
f 3658/3779 3650/3770 3669/3790
f 3651/3771 3670/3791 3659/3780
f 3671/3792 3641/3761 3659/3780
f 3641/3761 3671/3792 3660/3781
f 3643/3763 3660/3781 3672/3793
f 3670/3791 3651/3771 3661/3782
f 3672/3793 3662/3783 3643/3763
f 3640/3760 3668/3789 3663/3784
f 3664/3785 3644/3764 3663/3784
f 3673/3794 3652/3772 3664/3785
f 3674/3795 3654/3774 3653/3773
f 3661/3782 3654/3774 3674/3795
f 3655/3775 1550/3796 3665/3786
f 3675/3797 3656/3776 3665/3786
f 3675/3797 3657/3777 3656/3776
f 3667/3788 3647/3767 3666/3787
f 3676/3798 3666/3787 3657/3777
f 3653/3773 3667/3788 3674/3795
f 1552/3778 1550/3796 3655/3775
f 3669/3790 3650/3770 3662/3783
f 3668/3789 3658/3779 3677/3799
f 3677/3799 3658/3779 3669/3790
f 3678/3800 3659/3780 3670/3791
f 3679/3801 3671/3792 3659/3780
f 3680/3802 3660/3781 3671/3792
f 3680/3802 3672/3793 3660/3781
f 3674/3795 3670/3791 3661/3782
f 3681/3803 3662/3783 3672/3793
f 3663/3784 3668/3789 3682/3804
f 3664/3785 3663/3784 3682/3804
f 3664/3785 3683/3805 3673/3794
f 1550/3796 3684/3806 3665/3786
f 3685/3807 3675/3797 3665/3786
f 3675/3797 3685/3807 3657/3777
f 3666/3787 3686/3808 3667/3788
f 3676/3798 3687/3809 3666/3787
f 3676/3798 3657/3777 3688/3810
f 3674/3795 3667/3788 3689/3811
f 3662/3783 3690/3812 3669/3790
f 3677/3799 3691/3813 3668/3789
f 3692/3814 3677/3799 3669/3790
f 3679/3801 3659/3780 3678/3800
f 3689/3811 3678/3800 3670/3791
f 3671/3792 3679/3801 3693/3815
f 3671/3792 3693/3815 3680/3802
f 3680/3802 3694/3816 3672/3793
f 3670/3791 3674/3795 3689/3811
f 3695/3817 3681/3803 3672/3793
f 3681/3803 3696/3818 3662/3783
f 3682/3804 3668/3789 3691/3813
f 3697/3819 3664/3785 3682/3804
f 3683/3805 3664/3785 3697/3819
f 3684/3806 3685/3807 3665/3786
f 1550/3796 1588/3820 3684/3806
f 3657/3777 3685/3807 3688/3810
f 3667/3788 3686/3808 3698/3821
f 3666/3787 3687/3809 3686/3808
f 3676/3798 3699/3822 3687/3809
f 3700/3823 3676/3798 3688/3810
f 3667/3788 3701/3824 3689/3811
f 3669/3790 3690/3812 3692/3814
f 3696/3818 3690/3812 3662/3783
f 3691/3813 3677/3799 3702/3825
f 3677/3799 3692/3814 3703/3826
f 3678/3800 3704/3827 3679/3801
f 3689/3811 3705/3828 3678/3800
f 3693/3815 3679/3801 3706/3829
f 3680/3802 3693/3815 3707/3830
f 3708/3831 3672/3793 3694/3816
f 3707/3830 3694/3816 3680/3802
f 3695/3817 3709/3832 3681/3803
f 3695/3817 3672/3793 3708/3831
f 3696/3818 3681/3803 3710/3833
f 3711/3834 3682/3804 3691/3813
f 3697/3819 3682/3804 3711/3834
f 3697/3819 3712/3835 3683/3805
f 1588/3820 3685/3807 3684/3806
f 3685/3807 3713/3836 3688/3810
f 3686/3808 3714/3837 3698/3821
f 3715/3838 3667/3788 3698/3821
f 3686/3808 3687/3809 3714/3837
f 3699/3822 3676/3798 3700/3823
f 3687/3809 3699/3822 3716/3839
f 3688/3810 3713/3836 3700/3823
f 3701/3824 3667/3788 3715/3838
f 3689/3811 3701/3824 3705/3828
f 3717/3840 3692/3814 3690/3812
f 3690/3812 3696/3818 3718/3841
f 3702/3825 3719/3842 3691/3813
f 3702/3825 3677/3799 3720/3843
f 3692/3814 3717/3840 3703/3826
f 3703/3826 3720/3843 3677/3799
f 3704/3827 3678/3800 3721/3844
f 3679/3801 3704/3827 3706/3829
f 3721/3844 3678/3800 3705/3828
f 3693/3815 3706/3829 3707/3830
f 3708/3831 3694/3816 3722/3845
f 3694/3816 3707/3830 3723/3846
f 3681/3803 3709/3832 3710/3833
f 3709/3832 3695/3817 3724/3847
f 3695/3817 3708/3831 3724/3847
f 3696/3818 3710/3833 3725/3848
f 3691/3813 3719/3842 3711/3834
f 3726/3849 3697/3819 3711/3834
f 3683/3805 3712/3835 3727/3850
f 3728/3851 3712/3835 3697/3819
f 1588/3820 3713/3836 3685/3807
f 3698/3821 3714/3837 3729/3852
f 3715/3838 3698/3821 3730/3853
f 3687/3809 3716/3839 3714/3837
f 3700/3823 3731/3854 3699/3822
f 1369/3855 3716/3839 3699/3822
f 3700/3823 3713/3836 3732/3856
f 3733/3857 3701/3824 3715/3838
f 3701/3824 3733/3857 3705/3828
f 3690/3812 3718/3841 3717/3840
f 3696/3818 3725/3848 3718/3841
f 3719/3842 3702/3825 3734/3858
f 3702/3825 3720/3843 3735/3859
f 3717/3840 3736/3860 3703/3826
f 3737/3861 3720/3843 3703/3826
f 3721/3844 3738/3862 3704/3827
f 3739/3863 3706/3829 3704/3827
f 3721/3844 3705/3828 3733/3857
f 3706/3829 3740/3864 3707/3830
f 3694/3816 3723/3846 3722/3845
f 3741/3865 3708/3831 3722/3845
f 3723/3846 3707/3830 3742/3866
f 3709/3832 3743/3867 3710/3833
f 3744/3868 3709/3832 3724/3847
f 3741/3865 3724/3847 3708/3831
f 3710/3833 3745/3869 3725/3848
f 3711/3834 3719/3842 3726/3849
f 3728/3851 3697/3819 3726/3849
f 3712/3835 3728/3851 3727/3850
f 3713/3836 1588/3820 3732/3856
f 3746/3870 3698/3821 3729/3852
f 3716/3839 3729/3852 3714/3837
f 3746/3870 3730/3853 3698/3821
f 3730/3853 3733/3857 3715/3838
f 1401/3871 3699/3822 3731/3854
f 3732/3856 3731/3854 3700/3823
f 1369/3855 3699/3822 1401/3871
f 1369/3855 1305/3872 3716/3839
f 3717/3840 3718/3841 3736/3860
f 3725/3848 3747/3873 3718/3841
f 3735/3859 3734/3858 3702/3825
f 3726/3849 3719/3842 3734/3858
f 3735/3859 3720/3843 3737/3861
f 3703/3826 3736/3860 3737/3861
f 3748/3874 3738/3862 3721/3844
f 3738/3862 3749/3875 3704/3827
f 3750/3876 3706/3829 3739/3863
f 3704/3827 3751/3877 3739/3863
f 3748/3874 3721/3844 3733/3857
f 3707/3830 3740/3864 3742/3866
f 3740/3864 3706/3829 3750/3876
f 3722/3845 3723/3846 3752/3878
f 3722/3845 3753/3879 3741/3865
f 3723/3846 3742/3866 3752/3878
f 3744/3868 3743/3867 3709/3832
f 3743/3867 3745/3869 3710/3833
f 3744/3868 3724/3847 3754/3880
f 3724/3847 3741/3865 3754/3880
f 3745/3869 3755/3881 3725/3848
f 3734/3858 3728/3851 3726/3849
f 3728/3851 3756/3882 3727/3850
f 1588/3820 1553/3883 3732/3856
f 3729/3852 1305/3872 3746/3870
f 3729/3852 3716/3839 1305/3872
f 3757/3884 3730/3853 3746/3870
f 3730/3853 3748/3874 3733/3857
f 1470/3885 1401/3871 3731/3854
f 1553/3883 3731/3854 3732/3856
f 3736/3860 3718/3841 3758/3886
f 3755/3881 3747/3873 3725/3848
f 3718/3841 3747/3873 3758/3886
f 3759/3887 3734/3858 3735/3859
f 3737/3861 3760/3888 3735/3859
f 3737/3861 3736/3860 3761/3889
f 3738/3862 3748/3874 3730/3853
f 3704/3827 3749/3875 3751/3877
f 3749/3875 3738/3862 3762/3890
f 3763/3891 3750/3876 3739/3863
f 3739/3863 3751/3877 3764/3892
f 3740/3864 3765/3893 3742/3866
f 3765/3893 3740/3864 3750/3876
f 3753/3879 3722/3845 3752/3878
f 3766/3894 3741/3865 3753/3879
f 3767/3895 3752/3878 3742/3866
f 3744/3868 3768/3896 3743/3867
f 3769/3897 3745/3869 3743/3867
f 3770/3898 3744/3868 3754/3880
f 3754/3880 3741/3865 3771/3899
f 3769/3897 3755/3881 3745/3869
f 3728/3851 3734/3858 3756/3882
f 1305/3872 1246/3900 3746/3870
f 1246/3900 3757/3884 3746/3870
f 3757/3884 3772/3901 3730/3853
f 1470/3885 3731/3854 1553/3883
f 3773/3902 3736/3860 3758/3886
f 3747/3873 3755/3881 3774/3903
f 3747/3873 3775/3904 3758/3886
f 3759/3887 3735/3859 3776/3905
f 3756/3882 3734/3858 3759/3887
f 3760/3888 3737/3861 3777/3906
f 3776/3905 3735/3859 3760/3888
f 3761/3889 3736/3860 3778/3907
f 3777/3906 3737/3861 3761/3889
f 3762/3890 3738/3862 3730/3853
f 3749/3875 3779/3908 3751/3877
f 3780/3909 3749/3875 3762/3890
f 3763/3891 3739/3863 3781/3910
f 3750/3876 3763/3891 3782/3911
f 3764/3892 3751/3877 3783/3912
f 3784/3913 3739/3863 3764/3892
f 3742/3866 3765/3893 3785/3914
f 3750/3876 3786/3915 3765/3893
f 3787/3916 3753/3879 3752/3878
f 3753/3879 3787/3916 3766/3894
f 3741/3865 3766/3894 3788/3917
f 3789/3918 3767/3895 3742/3866
f 3789/3918 3752/3878 3767/3895
f 3744/3868 3770/3898 3768/3896
f 3790/3919 3743/3867 3768/3896
f 3743/3867 3790/3919 3769/3897
f 3771/3899 3770/3898 3754/3880
f 3771/3899 3741/3865 3788/3917
f 3769/3897 3774/3903 3755/3881
f 1246/3900 1245/3920 3757/3884
f 3757/3884 3791/3921 3772/3901
f 3730/3853 3772/3901 3762/3890
f 3778/3907 3736/3860 3773/3902
f 3758/3886 3775/3904 3773/3902
f 3747/3873 3774/3903 3775/3904
f 3792/3922 3759/3887 3776/3905
f 3756/3882 3759/3887 3793/3923
f 3760/3888 3777/3906 3794/3924
f 3795/3925 3776/3905 3760/3888
f 3761/3889 3778/3907 3796/3926
f 3794/3924 3777/3906 3761/3889
f 3749/3875 3780/3909 3779/3908
f 3779/3908 3783/3912 3751/3877
f 3762/3890 3772/3901 3780/3909
f 3763/3891 3781/3910 3797/3927
f 3781/3910 3739/3863 3784/3913
f 3763/3891 3797/3927 3782/3911
f 3782/3911 3786/3915 3750/3876
f 3783/3912 3798/3928 3764/3892
f 3798/3928 3784/3913 3764/3892
f 3785/3914 3789/3918 3742/3866
f 3765/3893 3799/3929 3785/3914
f 3765/3893 3786/3915 3799/3929
f 3787/3916 3752/3878 3789/3918
f 3800/3930 3766/3894 3787/3916
f 3788/3917 3766/3894 3800/3930
f 3768/3896 3770/3898 3801/3931
f 3790/3919 3768/3896 3802/3932
f 3790/3919 3803/3933 3769/3897
f 3804/3934 3770/3898 3771/3899
f 3771/3899 3788/3917 3805/3935
f 3803/3933 3774/3903 3769/3897
f 3757/3884 1245/3920 3791/3921
f 3772/3901 3791/3921 3780/3909
f 3773/3902 3806/3936 3778/3907
f 3775/3904 3807/3937 3773/3902
f 3775/3904 3774/3903 3803/3933
f 3792/3922 3793/3923 3759/3887
f 3808/3938 3792/3922 3776/3905
f 3794/3924 3795/3925 3760/3888
f 3795/3925 3808/3938 3776/3905
f 3794/3924 3761/3889 3796/3926
f 3778/3907 3806/3936 3796/3926
f 3779/3908 3780/3909 3809/3939
f 3779/3908 3809/3939 3783/3912
f 3797/3927 3781/3910 3810/3940
f 3784/3913 3811/3941 3781/3910
f 3797/3927 3812/3942 3782/3911
f 3786/3915 3782/3911 3813/3943
f 3814/3944 3798/3928 3783/3912
f 3798/3928 3811/3941 3784/3913
f 3815/3945 3789/3918 3785/3914
f 3799/3929 3815/3945 3785/3914
f 3799/3929 3786/3915 3813/3943
f 3789/3918 3816/3946 3787/3916
f 3800/3930 3787/3916 3817/3947
f 3818/3948 3788/3917 3800/3930
f 3801/3931 3770/3898 3804/3934
f 3768/3896 3801/3931 3802/3932
f 3790/3919 3802/3932 3819/3949
f 3803/3933 3790/3919 3819/3949
f 3805/3935 3804/3934 3771/3899
f 3788/3917 3820/3950 3805/3935
f 1304/3951 3791/3921 1245/3920
f 3791/3921 3809/3939 3780/3909
f 3807/3937 3806/3936 3773/3902
f 3821/3952 3807/3937 3775/3904
f 3803/3933 3821/3952 3775/3904
f 3792/3922 3808/3938 3822/3953
f 3794/3924 3823/3954 3795/3925
f 3823/3954 3808/3938 3795/3925
f 3824/3955 3794/3924 3796/3926
f 3806/3936 3825/3956 3796/3926
f 3783/3912 3809/3939 3814/3944
f 3826/3957 3810/3940 3781/3910
f 3797/3927 3810/3940 3812/3942
f 3781/3910 3811/3941 3827/3958
f 3812/3942 3813/3943 3782/3911
f 3798/3928 3814/3944 1322/3959
f 3811/3941 3798/3928 1322/3959
f 3815/3945 3816/3946 3789/3918
f 3799/3929 3828/3960 3815/3945
f 3799/3929 3813/3943 3828/3960
f 3816/3946 3829/3961 3787/3916
f 3800/3930 3817/3947 3830/3962
f 3787/3916 3829/3961 3817/3947
f 3818/3948 3820/3950 3788/3917
f 3800/3930 3830/3962 3818/3948
f 3801/3931 3804/3934 3831/3963
f 3832/3964 3802/3932 3801/3931
f 3802/3932 3833/3965 3819/3949
f 3821/3952 3803/3933 3819/3949
f 3834/3966 3804/3934 3805/3935
f 3805/3935 3820/3950 3834/3966
f 3809/3939 3791/3921 1304/3951
f 3806/3936 3807/3937 3835/3967
f 3836/3968 3807/3937 3821/3952
f 3837/3969 3822/3953 3808/3938
f 3824/3955 3823/3954 3794/3924
f 3808/3938 3823/3954 3838/3970
f 3825/3956 3824/3955 3796/3926
f 3835/3967 3825/3956 3806/3936
f 3809/3939 1337/3971 3814/3944
f 3826/3957 3839/3972 3810/3940
f 3781/3910 3840/3973 3826/3957
f 3810/3940 3841/3974 3812/3942
f 3827/3958 3842/3975 3781/3910
f 3827/3958 3811/3941 3843/3976
f 3844/3977 3813/3943 3812/3942
f 1322/3959 3814/3944 1337/3971
f 3843/3976 3811/3941 1322/3959
f 3815/3945 3845/3978 3816/3946
f 3846/3979 3815/3945 3828/3960
f 3813/3943 3844/3977 3828/3960
f 3847/3980 3829/3961 3816/3946
f 3830/3962 3817/3947 3848/3981
f 3817/3947 3829/3961 3848/3981
f 3818/3948 3849/3982 3820/3950
f 3818/3948 3830/3962 3850/3983
f 3804/3934 3834/3966 3831/3963
f 3801/3931 3831/3963 3832/3964
f 3832/3964 3851/3984 3802/3932
f 3852/3985 3833/3965 3802/3932
f 3833/3965 3821/3952 3819/3949
f 3853/3986 3834/3966 3820/3950
f 1304/3951 1337/3971 3809/3939
f 3835/3967 3807/3937 3836/3968
f 3836/3968 3821/3952 3854/3987
f 3808/3938 3838/3970 3837/3969
f 3824/3955 3855/3988 3823/3954
f 3856/3989 3838/3970 3823/3954
f 3825/3956 3857/3990 3824/3955
f 3857/3990 3825/3956 3835/3967
f 3839/3972 3826/3957 3858/3991
f 3839/3972 3841/3974 3810/3940
f 3826/3957 3840/3973 3859/3992
f 3840/3973 3781/3910 3842/3975
f 3844/3977 3812/3942 3841/3974
f 3827/3958 3860/3993 3842/3975
f 3843/3976 3860/3993 3827/3958
f 1322/3959 3861/3994 3843/3976
f 3815/3945 3846/3979 3845/3978
f 3816/3946 3845/3978 3862/3995
f 3828/3960 3844/3977 3846/3979
f 3829/3961 3847/3980 3863/3996
f 3847/3980 3816/3946 3862/3995
f 3850/3983 3830/3962 3848/3981
f 3864/3997 3848/3981 3829/3961
f 3853/3986 3820/3950 3849/3982
f 3865/3998 3849/3982 3818/3948
f 3850/3983 3865/3998 3818/3948
f 3853/3986 3831/3963 3834/3966
f 3831/3963 3866/3999 3832/3964
f 3866/3999 3851/3984 3832/3964
f 3802/3932 3851/3984 3867/4000
f 3852/3985 3854/3987 3833/3965
f 3852/3985 3802/3932 3867/4000
f 3821/3952 3833/3965 3854/3987
f 3835/3967 3836/3968 3868/4001
f 3836/3968 3854/3987 3869/4002
f 3837/3969 3838/3970 3870/4003
f 3855/3988 3856/3989 3823/3954
f 3857/3990 3855/3988 3824/3955
f 3870/4003 3838/3970 3856/3989
f 3857/3990 3835/3967 3868/4001
f 3871/4004 3858/3991 3826/3957
f 3872/4005 3839/3972 3858/3991
f 3841/3974 3839/3972 3872/4005
f 3873/4006 3859/3992 3840/3973
f 3826/3957 3859/3992 3871/4004
f 3874/4007 3840/3973 3842/3975
f 3875/4008 3844/3977 3841/3974
f 3876/4009 3842/3975 3860/3993
f 3843/3976 3877/4010 3860/3993
f 3843/3976 3861/3994 3877/4010
f 1230/4011 3861/3994 1322/3959
f 3878/4012 3845/3978 3846/3979
f 3845/3978 3878/4012 3862/3995
f 3846/3979 3844/3977 3875/4008
f 3863/3996 3847/3980 3862/3995
f 3864/3997 3829/3961 3863/3996
f 3879/4013 3850/3983 3848/3981
f 3879/4013 3848/3981 3864/3997
f 3853/3986 3849/3982 3880/4014
f 3849/3982 3865/3998 3880/4014
f 3850/3983 3881/4015 3865/3998
f 3866/3999 3831/3963 3853/3986
f 3851/3984 3866/3999 3882/4016
f 3851/3984 3883/4017 3867/4000
f 3854/3987 3852/3985 3884/4018
f 3852/3985 3867/4000 3885/4019
f 3836/3968 3886/4020 3868/4001
f 3869/4002 3854/3987 3884/4018
f 3836/3968 3869/4002 3887/4021
f 3856/3989 3855/3988 3888/4022
f 3855/3988 3857/3990 3889/4023
f 3870/4003 3856/3989 3890/4024
f 3868/4001 3889/4023 3857/3990
f 3871/4004 3891/4025 3858/3991
f 3891/4025 3872/4005 3858/3991
f 3875/4008 3841/3974 3872/4005
f 3840/3973 3892/4026 3873/4006
f 3893/4027 3859/3992 3873/4006
f 3871/4004 3859/3992 3893/4027
f 3840/3973 3874/4007 3892/4026
f 3842/3975 3894/4028 3874/4007
f 3894/4028 3842/3975 3876/4009
f 3876/4009 3860/3993 3895/4029
f 3860/3993 3877/4010 3896/4030
f 3897/4031 3877/4010 3861/3994
f 3897/4031 3861/3994 1230/4011
f 3846/3979 3898/4032 3878/4012
f 3878/4012 3899/4033 3862/3995
f 3875/4008 3898/4032 3846/3979
f 3862/3995 3900/4034 3863/3996
f 3901/4035 3864/3997 3863/3996
f 3902/4036 3850/3983 3879/4013
f 3879/4013 3864/3997 3901/4035
f 3880/4014 3903/4037 3853/3986
f 3865/3998 3904/4038 3880/4014
f 3881/4015 3850/3983 3902/4036
f 3865/3998 3881/4015 3904/4038
f 3866/3999 3853/3986 3903/4037
f 3882/4016 3866/3999 3903/4037
f 3882/4016 3883/4017 3851/3984
f 3905/4039 3867/4000 3883/4017
f 3885/4019 3884/4018 3852/3985
f 3905/4039 3885/4019 3867/4000
f 3887/4021 3886/4020 3836/3968
f 3868/4001 3886/4020 3906/4040
f 3869/4002 3884/4018 3907/4041
f 3869/4002 3908/4042 3887/4021
f 3888/4022 3855/3988 3889/4023
f 3888/4022 3909/4043 3856/3989
f 3856/3989 3910/4044 3890/4024
f 3870/4003 3890/4024 3911/4045
f 3912/4046 3889/4023 3868/4001
f 3891/4025 3871/4004 3913/4047
f 3914/4048 3872/4005 3891/4025
f 3872/4005 3915/4049 3875/4008
f 3873/4006 3892/4026 3916/4050
f 3893/4027 3873/4006 3917/4051
f 3918/4052 3871/4004 3893/4027
f 1609/4053 3892/4026 3874/4007
f 3874/4007 3894/4028 3919/4054
f 1352/4055 3894/4028 3876/4009
f 3896/4030 3895/4029 3860/3993
f 1291/4056 3876/4009 3895/4029
f 3877/4010 3920/4057 3896/4030
f 3877/4010 3897/4031 3920/4057
f 1230/4011 1171/4058 3897/4031
f 3898/4032 3921/4059 3878/4012
f 3922/4060 3899/4033 3878/4012
f 3899/4033 3923/4061 3862/3995
f 3875/4008 3915/4049 3898/4032
f 3923/4061 3900/4034 3862/3995
f 3863/3996 3900/4034 3924/4062
f 3863/3996 3924/4062 3901/4035
f 3925/4063 3902/4036 3879/4013
f 3879/4013 3901/4035 3925/4063
f 3880/4014 3926/4064 3903/4037
f 3904/4038 3926/4064 3880/4014
f 3881/4015 3902/4036 3927/4065
f 3927/4065 3904/4038 3881/4015
f 3928/4066 3882/4016 3903/4037
f 3882/4016 3928/4066 3883/4017
f 3883/4017 3929/4067 3905/4039
f 3884/4018 3885/4019 3930/4068
f 3930/4068 3885/4019 3905/4039
f 3887/4021 3931/4069 3886/4020
f 3906/4040 3886/4020 3932/4070
f 3933/4071 3868/4001 3906/4040
f 3930/4068 3907/4041 3884/4018
f 3869/4002 3907/4041 3934/4072
f 3908/4042 3869/4002 3935/4073
f 3931/4069 3887/4021 3908/4042
f 3888/4022 3889/4023 3936/4074
f 3910/4044 3856/3989 3909/4043
f 3937/4075 3909/4043 3888/4022
f 3910/4044 3938/4076 3890/4024
f 3890/4024 3939/4077 3911/4045
f 3889/4023 3912/4046 3936/4074
f 3933/4071 3912/4046 3868/4001
f 3871/4004 3918/4052 3913/4047
f 3891/4025 3913/4047 3940/4078
f 3872/4005 3914/4048 3915/4049
f 3940/4078 3914/4048 3891/4025
f 3892/4026 1609/4053 3916/4050
f 3873/4006 3916/4050 3917/4051
f 3917/4051 3941/4079 3893/4027
f 3893/4027 3942/4080 3918/4052
f 3874/4007 3919/4054 1609/4053
f 3894/4028 3943/4081 3919/4054
f 1291/4056 1352/4055 3876/4009
f 3894/4028 1352/4055 3944/4082
f 3920/4057 3895/4029 3896/4030
f 3945/4083 1291/4056 3895/4029
f 3897/4031 3946/4084 3920/4057
f 3946/4084 3897/4031 1171/4058
f 3921/4059 3898/4032 3915/4049
f 3922/4060 3878/4012 3921/4059
f 3899/4033 3922/4060 3947/4085
f 3923/4061 3899/4033 3948/4086
f 3900/4034 3923/4061 3949/4087
f 3950/4088 3924/4062 3900/4034
f 3951/4089 3901/4035 3924/4062
f 3952/4090 3902/4036 3925/4063
f 3901/4035 3951/4089 3925/4063
f 3953/4091 3903/4037 3926/4064
f 3926/4064 3904/4038 3954/4092
f 3927/4065 3902/4036 3955/4093
f 3954/4092 3904/4038 3927/4065
f 3953/4091 3928/4066 3903/4037
f 3928/4066 3956/4094 3883/4017
f 3929/4067 3883/4017 3957/4095
f 3905/4039 3929/4067 3958/4096
f 3905/4039 3959/4097 3930/4068
f 3886/4020 3931/4069 3932/4070
f 3932/4070 3960/4098 3906/4040
f 3960/4098 3933/4071 3906/4040
f 3961/4099 3907/4041 3930/4068
f 3907/4041 3962/4100 3934/4072
f 3934/4072 3935/4073 3869/4002
f 3935/4073 3963/4101 3908/4042
f 3931/4069 3908/4042 3963/4101
f 3888/4022 3936/4074 3937/4075
f 3909/4043 3964/4102 3910/4044
f 3937/4075 3964/4102 3909/4043
f 3938/4076 3910/4044 3964/4102
f 3938/4076 3939/4077 3890/4024
f 3936/4074 3912/4046 3965/4103
f 3933/4071 3965/4103 3912/4046
f 3966/4104 3913/4047 3918/4052
f 3913/4047 3966/4104 3940/4078
f 3914/4048 3967/4105 3915/4049
f 3967/4105 3914/4048 3940/4078
f 3916/4050 1609/4053 1674/4106
f 3916/4050 3941/4079 3917/4051
f 3893/4027 3941/4079 3968/4107
f 3968/4107 3942/4080 3893/4027
f 3918/4052 3942/4080 3969/4108
f 1609/4053 3919/4054 1489/4109
f 3943/4081 3894/4028 3944/4082
f 3943/4081 1489/4109 3919/4054
f 1352/4055 1386/4110 3944/4082
f 3920/4057 3946/4084 3895/4029
f 1291/4056 3945/4083 1204/4111
f 3895/4029 3946/4084 3945/4083
f 3946/4084 1171/4058 1172/4112
f 3921/4059 3915/4049 3967/4105
f 3921/4059 3970/4113 3922/4060
f 3947/4085 3948/4086 3899/4033
f 3971/4114 3947/4085 3922/4060
f 3948/4086 3972/4115 3923/4061
f 3923/4061 3973/4116 3949/4087
f 3950/4088 3900/4034 3949/4087
f 3950/4088 3951/4089 3924/4062
f 3955/4093 3902/4036 3952/4090
f 3952/4090 3925/4063 3974/4117
f 3951/4089 3975/4118 3925/4063
f 3976/4119 3953/4091 3926/4064
f 3954/4092 3976/4119 3926/4064
f 3977/4120 3927/4065 3955/4093
f 3927/4065 3978/4121 3954/4092
f 3956/4094 3928/4066 3953/4091
f 3979/4122 3883/4017 3956/4094
f 3957/4095 3980/4123 3929/4067
f 3957/4095 3883/4017 3979/4122
f 3958/4096 3929/4067 3980/4123
f 3905/4039 3958/4096 3959/4097
f 3961/4099 3930/4068 3959/4097
f 3981/4124 3932/4070 3931/4069
f 3932/4070 3982/4125 3960/4098
f 3960/4098 3983/4126 3933/4071
f 3961/4099 3962/4100 3907/4041
f 3962/4100 3984/4127 3934/4072
f 3984/4127 3935/4073 3934/4072
f 3985/4128 3963/4101 3935/4073
f 3963/4101 3981/4124 3931/4069
f 3965/4103 3937/4075 3936/4074
f 3937/4075 3965/4103 3964/4102
f 3964/4102 3986/4129 3938/4076
f 3939/4077 3938/4076 3986/4129
f 3965/4103 3933/4071 3983/4126
f 3966/4104 3918/4052 3987/4130
f 3940/4078 3966/4104 3967/4105
f 1674/4106 3941/4079 3916/4050
f 3968/4107 3941/4079 1675/4131
f 3968/4107 3988/4132 3942/4080
f 3942/4080 3988/4132 3969/4108
f 3918/4052 3969/4108 3987/4130
f 3943/4081 3944/4082 1446/4133
f 1489/4109 3943/4081 1446/4133
f 1446/4133 3944/4082 1386/4110
f 1204/4111 3945/4083 1172/4112
f 3946/4084 1172/4112 3945/4083
f 3921/4059 3967/4105 3989/4134
f 3970/4113 3921/4059 3989/4134
f 3922/4060 3970/4113 3971/4114
f 3948/4086 3947/4085 3990/4135
f 3991/4136 3947/4085 3971/4114
f 3972/4115 3992/4137 3923/4061
f 3972/4115 3948/4086 3990/4135
f 3973/4116 3923/4061 3992/4137
f 3949/4087 3973/4116 3993/4138
f 3994/4139 3950/4088 3949/4087
f 3975/4118 3951/4089 3950/4088
f 3955/4093 3952/4090 3977/4120
f 3952/4090 3974/4117 3995/4140
f 3974/4117 3925/4063 3975/4118
f 3976/4119 3996/4141 3953/4091
f 3976/4119 3954/4092 3978/4121
f 3978/4121 3927/4065 3977/4120
f 3997/4142 3956/4094 3953/4091
f 3956/4094 3997/4142 3979/4122
f 3998/4143 3980/4123 3957/4095
f 3957/4095 3979/4122 3999/4144
f 3980/4123 4000/4145 3958/4096
f 3959/4097 3958/4096 4001/4146
f 3959/4097 4002/4147 3961/4099
f 3982/4125 3932/4070 3981/4124
f 3982/4125 4003/4148 3960/4098
f 4004/4149 3983/4126 3960/4098
f 4005/4150 3962/4100 3961/4099
f 4006/4151 3984/4127 3962/4100
f 3984/4127 3985/4128 3935/4073
f 3985/4128 3981/4124 3963/4101
f 3965/4103 3983/4126 3964/4102
f 4004/4149 3986/4129 3964/4102
f 3987/4130 4007/4152 3966/4104
f 3967/4105 3966/4104 4007/4152
f 1675/4131 3941/4079 1674/4106
f 1704/4153 3968/4107 1675/4131
f 4008/4154 3988/4132 3968/4107
f 3988/4132 4009/4155 3969/4108
f 3987/4130 3969/4108 4010/4156
f 3989/4134 3967/4105 4007/4152
f 3990/4135 3947/4085 4011/4157
f 4012/4158 3947/4085 3991/4136
f 3972/4115 4013/4159 3992/4137
f 3972/4115 3990/4135 4014/4160
f 4015/4161 3973/4116 3992/4137
f 3993/4138 3973/4116 4015/4161
f 3994/4139 3949/4087 3993/4138
f 3994/4139 3975/4118 3950/4088
f 3995/4140 3977/4120 3952/4090
f 3995/4140 3974/4117 4016/4162
f 4017/4163 3974/4117 3975/4118
f 3976/4119 3978/4121 3996/4141
f 3996/4141 4018/4164 3953/4091
f 3996/4141 3978/4121 3977/4120
f 3953/4091 4019/4165 3997/4142
f 3979/4122 3997/4142 4020/4166
f 4000/4145 3980/4123 3998/4143
f 3998/4143 3957/4095 3999/4144
f 3979/4122 4021/4167 3999/4144
f 3958/4096 4000/4145 4022/4168
f 4022/4168 4001/4146 3958/4096
f 4001/4146 4002/4147 3959/4097
f 4023/4169 3961/4099 4002/4147
f 3981/4124 4003/4148 3982/4125
f 3960/4098 4003/4148 4004/4149
f 3983/4126 4004/4149 3964/4102
f 4005/4150 3961/4099 4023/4169
f 3962/4100 4005/4150 4006/4151
f 4006/4151 3985/4128 3984/4127
f 3981/4124 3985/4128 4024/4170
f 3986/4129 4004/4149 4025/4171
f 3968/4107 1704/4153 4008/4154
f 4008/4154 4026/4172 3988/4132
f 4027/4173 4009/4155 3988/4132
f 4009/4155 4010/4156 3969/4108
f 4011/4157 3947/4085 4012/4158
f 3990/4135 4011/4157 4028/4174
f 3991/4136 4029/4175 4012/4158
f 4013/4159 3972/4115 4014/4160
f 3992/4137 4013/4159 4015/4161
f 4014/4160 3990/4135 4028/4174
f 4030/4176 3993/4138 4015/4161
f 4017/4163 3994/4139 3993/4138
f 3975/4118 3994/4139 4017/4163
f 4031/4177 3977/4120 3995/4140
f 4016/4162 3974/4117 4017/4163
f 4016/4162 4032/4178 3995/4140
f 4018/4164 4019/4165 3953/4091
f 4018/4164 3996/4141 4033/4179
f 3977/4120 4033/4179 3996/4141
f 4019/4165 4034/4180 3997/4142
f 4034/4180 4020/4166 3997/4142
f 4020/4166 4021/4167 3979/4122
f 4035/4181 4000/4145 3998/4143
f 3999/4144 4036/4182 3998/4143
f 4021/4167 4037/4183 3999/4144
f 4000/4145 4038/4184 4022/4168
f 4022/4168 4023/4169 4001/4146
f 4002/4147 4001/4146 4023/4169
f 4024/4170 4003/4148 3981/4124
f 4039/4185 4004/4149 4003/4148
f 4023/4169 4040/4186 4005/4150
f 4041/4187 4006/4151 4005/4150
f 3985/4128 4006/4151 4042/4188
f 4024/4170 3985/4128 4042/4188
f 4004/4149 4039/4185 4025/4171
f 3426/4189 3986/4129 4025/4171
f 4043/4190 4008/4154 1704/4153
f 4026/4172 4027/4173 3988/4132
f 4043/4190 4026/4172 4008/4154
f 4009/4155 4027/4173 4044/4191
f 4009/4155 4045/4192 4010/4156
f 4028/4174 4011/4157 4012/4158
f 4012/4158 4029/4175 4046/4193
f 4013/4159 4014/4160 4047/4194
f 4047/4194 4015/4161 4013/4159
f 4028/4174 4046/4193 4014/4160
f 4017/4163 3993/4138 4030/4176
f 4048/4195 4030/4176 4015/4161
f 4032/4178 4031/4177 3995/4140
f 3977/4120 4031/4177 4033/4179
f 4049/4196 4016/4162 4017/4163
f 4016/4162 4049/4196 4032/4178
f 4019/4165 4018/4164 4033/4179
f 4034/4180 4019/4165 4050/4197
f 4034/4180 4051/4198 4020/4166
f 4052/4199 4021/4167 4020/4166
f 4035/4181 4053/4200 4000/4145
f 4036/4182 4035/4181 3998/4143
f 3999/4144 4037/4183 4036/4182
f 4037/4183 4021/4167 4054/4201
f 4000/4145 4053/4200 4038/4184
f 4055/4202 4022/4168 4038/4184
f 4022/4168 4040/4186 4023/4169
f 4003/4148 4024/4170 4056/4203
f 4003/4148 4057/4204 4039/4185
f 4040/4186 4041/4187 4005/4150
f 4042/4188 4006/4151 4041/4187
f 4058/4205 4024/4170 4042/4188
f 4025/4171 4039/4185 4057/4204
f 3414/4206 3426/4189 4025/4171
f 1704/4153 1705/4207 4043/4190
f 4027/4173 4026/4172 4059/4208
f 4060/4209 4026/4172 4043/4190
f 4044/4191 4061/4210 4009/4155
f 4044/4191 4027/4173 4059/4208
f 4009/4155 4061/4210 4045/4192
f 4012/4158 4046/4193 4028/4174
f 4062/4211 4046/4193 4029/4175
f 4014/4160 4063/4212 4047/4194
f 4015/4161 4047/4194 4048/4195
f 4063/4212 4014/4160 4046/4193
f 4064/4213 4017/4163 4030/4176
f 4065/4214 4030/4176 4048/4195
f 4066/4215 4031/4177 4032/4178
f 4033/4179 4031/4177 4067/4216
f 4064/4213 4049/4196 4017/4163
f 4032/4178 4049/4196 4066/4215
f 4033/4179 4050/4197 4019/4165
f 4034/4180 4050/4197 4067/4216
f 4020/4166 4051/4198 4052/4199
f 4051/4198 4034/4180 4067/4216
f 4021/4167 4052/4199 4068/4217
f 4069/4218 4053/4200 4035/4181
f 4035/4181 4036/4182 4069/4218
f 4070/4219 4036/4182 4037/4183
f 4021/4167 4068/4217 4054/4201
f 4037/4183 4054/4201 4071/4220
f 4072/4221 4038/4184 4053/4200
f 4073/4222 4022/4168 4055/4202
f 4038/4184 4074/4223 4055/4202
f 4073/4222 4040/4186 4022/4168
f 4056/4203 4024/4170 4058/4205
f 4003/4148 4056/4203 4057/4204
f 4075/4224 4041/4187 4040/4186
f 4076/4225 4042/4188 4041/4187
f 4058/4205 4042/4188 4076/4225
f 4057/4204 3414/4206 4025/4171
f 4043/4190 1705/4207 4077/4226
f 4026/4172 4060/4209 4059/4208
f 4043/4190 4078/4227 4060/4209
f 4079/4228 4061/4210 4044/4191
f 4080/4229 4044/4191 4059/4208
f 4029/4175 4081/4230 4062/4211
f 4082/4231 4046/4193 4062/4211
f 4083/4232 4047/4194 4063/4212
f 4048/4195 4047/4194 4083/4232
f 4082/4231 4063/4212 4046/4193
f 4030/4176 4084/4233 4064/4213
f 4084/4233 4030/4176 4065/4214
f 4048/4195 4083/4232 4065/4214
f 4066/4215 4085/4234 4031/4177
f 4067/4216 4031/4177 4086/4235
f 4067/4216 4050/4197 4033/4179
f 4049/4196 4064/4213 4087/4236
f 4049/4196 4087/4236 4066/4215
f 4086/4235 4052/4199 4051/4198
f 4051/4198 4067/4216 4086/4235
f 4086/4235 4068/4217 4052/4199
f 4069/4218 4088/4237 4053/4200
f 4037/4183 4071/4220 4070/4219
f 4054/4201 4068/4217 4085/4234
f 4071/4220 4054/4201 4089/4238
f 4090/4239 4038/4184 4072/4221
f 4072/4221 4053/4200 4088/4237
f 4075/4224 4073/4222 4055/4202
f 4055/4202 4074/4223 4091/4240
f 4074/4223 4038/4184 4092/4241
f 4075/4224 4040/4186 4073/4222
f 4058/4205 4093/4242 4056/4203
f 4056/4203 3414/4206 4057/4204
f 4041/4187 4075/4224 4094/4243
f 4041/4187 4094/4243 4076/4225
f 4076/4225 4095/4244 4058/4205
f 4077/4226 1705/4207 1730/4245
f 4078/4227 4043/4190 4077/4226
f 4059/4208 4060/4209 4080/4229
f 4060/4209 4078/4227 4096/4246
f 4044/4191 4080/4229 4079/4228
f 4061/4210 4079/4228 4097/4247
f 4062/4211 4081/4230 4098/4248
f 4062/4211 4099/4249 4082/4231
f 4063/4212 4082/4231 4083/4232
f 4100/4250 4064/4213 4084/4233
f 4084/4233 4065/4214 4100/4250
f 4101/4251 4065/4214 4083/4232
f 4085/4234 4066/4215 4087/4236
f 4031/4177 4085/4234 4086/4235
f 4087/4236 4064/4213 4100/4250
f 4085/4234 4068/4217 4086/4235
f 4088/4237 4069/4218 4102/4252
f 4054/4201 4085/4234 4087/4236
f 4087/4236 4089/4238 4054/4201
f 4089/4238 4103/4253 4071/4220
f 4090/4239 4072/4221 4104/4254
f 4038/4184 4090/4239 4092/4241
f 4072/4221 4088/4237 4105/4255
f 4075/4224 4055/4202 4091/4240
f 4106/4256 4091/4240 4074/4223
f 4106/4256 4074/4223 4092/4241
f 3414/4206 4056/4203 4093/4242
f 4093/4242 4058/4205 4095/4244
f 4094/4243 4075/4224 4091/4240
f 4076/4225 4094/4243 4107/4257
f 4108/4258 4095/4244 4076/4225
f 4077/4226 1730/4245 1729/4259
f 4078/4227 4077/4226 4109/4260
f 4110/4261 4080/4229 4060/4209
f 4096/4246 4078/4227 4111/4262
f 4096/4246 4112/4263 4060/4209
f 4113/4264 4079/4228 4080/4229
f 4097/4247 4079/4228 4113/4264
f 4114/4265 4062/4211 4098/4248
f 4115/4266 4082/4231 4099/4249
f 4099/4249 4062/4211 4114/4265
f 4083/4232 4082/4231 4115/4266
f 4100/4250 4065/4214 4116/4267
f 4083/4232 4117/4268 4101/4251
f 4065/4214 4101/4251 4118/4269
f 4100/4250 4089/4238 4087/4236
f 4119/4270 4088/4237 4102/4252
f 4089/4238 4116/4267 4103/4253
f 4071/4220 4103/4253 1/4271
f 4105/4255 4104/4254 4072/4221
f 4120/4272 4090/4239 4104/4254
f 4090/4239 4120/4272 4092/4241
f 4119/4270 4105/4255 4088/4237
f 4094/4243 4091/4240 4106/4256
f 4092/4241 4121/4273 4106/4256
f 3414/4206 4093/4242 3361/4274
f 4095/4244 3361/4274 4093/4242
f 4076/4225 4107/4257 4108/4258
f 4107/4257 4094/4243 4106/4256
f 3343/4275 4095/4244 4108/4258
f 1729/4259 4122/4276 4077/4226
f 4078/4227 4109/4260 4123/4277
f 4109/4260 4077/4226 4124/4278
f 4113/4264 4080/4229 4110/4261
f 4110/4261 4060/4209 4112/4263
f 4125/4279 4096/4246 4111/4262
f 4123/4277 4111/4262 4078/4227
f 4126/4280 4112/4263 4096/4246
f 4097/4247 4113/4264 4127/4281
f 4128/4282 4114/4265 4098/4248
f 4129/4283 4115/4266 4099/4249
f 4114/4265 4128/4282 4099/4249
f 4117/4268 4083/4232 4115/4266
f 4118/4269 4116/4267 4065/4214
f 4116/4267 4089/4238 4100/4250
f 4101/4251 4117/4268 4130/4284
f 4118/4269 4101/4251 4131/4285
f 4102/4252 4132/4286 4119/4270
f 4116/4267 4118/4269 4103/4253
f 1/4271 4103/4253 2/4287
f 4104/4254 4105/4255 4133/4288
f 4104/4254 4134/4289 4120/4272
f 4120/4272 4135/4290 4092/4241
f 4105/4255 4119/4270 4133/4288
f 4121/4273 4107/4257 4106/4256
f 4121/4273 4092/4241 4135/4290
f 3343/4275 3361/4274 4095/4244
f 4136/4291 4108/4258 4107/4257
f 3343/4275 4108/4258 3324/4292
f 4122/4276 1729/4259 1706/4293
f 4077/4226 4122/4276 4124/4278
f 4109/4260 4137/4294 4123/4277
f 4138/4295 4109/4260 4124/4278
f 4113/4264 4110/4261 4139/4296
f 4112/4263 4140/4297 4110/4261
f 4096/4246 4125/4279 4126/4280
f 4141/4298 4125/4279 4111/4262
f 4142/4299 4111/4262 4123/4277
f 4126/4280 4143/4300 4112/4263
f 4144/4301 4097/4247 4127/4281
f 4139/4296 4127/4281 4113/4264
f 4145/4302 4128/4282 4098/4248
f 4115/4266 4129/4283 4146/4303
f 4128/4282 4129/4283 4099/4249
f 4146/4303 4117/4268 4115/4266
f 4117/4268 4147/4304 4130/4284
f 4101/4251 4130/4284 4131/4285
f 4131/4285 2/4287 4118/4269
f 4148/4305 4119/4270 4132/4286
f 2/4287 4103/4253 4118/4269
f 4104/4254 4133/4288 4149/4306
f 4120/4272 4134/4289 4135/4290
f 4134/4289 4104/4254 4149/4306
f 4133/4288 4119/4270 4148/4305
f 4136/4291 4107/4257 4121/4273
f 4135/4290 4136/4291 4121/4273
f 4108/4258 4136/4291 4150/4307
f 3324/4292 4108/4258 4150/4307
f 4151/4308 4122/4276 1706/4293
f 4122/4276 4152/4309 4124/4278
f 4109/4260 4153/4310 4137/4294
f 4137/4294 4142/4299 4123/4277
f 4109/4260 4138/4295 4154/4311
f 4138/4295 4124/4278 4152/4309
f 4139/4296 4110/4261 4155/4312
f 4140/4297 4155/4312 4110/4261
f 4140/4297 4112/4263 4156/4313
f 4157/4314 4126/4280 4125/4279
f 4111/4262 4142/4299 4141/4298
f 4125/4279 4141/4298 4157/4314
f 4158/4315 4143/4300 4126/4280
f 4143/4300 4159/4316 4112/4263
f 4160/4317 4144/4301 4127/4281
f 4139/4296 4160/4317 4127/4281
f 4129/4283 4128/4282 4145/4302
f 4146/4303 4129/4283 4147/4304
f 4147/4304 4117/4268 4146/4303
f 4161/4318 4130/4284 4147/4304
f 4161/4318 4131/4285 4130/4284
f 4132/4286 4133/4288 4148/4305
f 4162/4319 4149/4306 4133/4288
f 4135/4290 4134/4289 4136/4291
f 4149/4306 4136/4291 4134/4289
f 4136/4291 4163/4320 4150/4307
f 3283/4321 3324/4292 4150/4307
f 4151/4308 1706/4293 1677/4322
f 4152/4309 4122/4276 4151/4308
f 4153/4310 4109/4260 4154/4311
f 4137/4294 4153/4310 4164/4323
f 4142/4299 4137/4294 4165/4324
f 4154/4311 4138/4295 4166/4325
f 4152/4309 4167/4326 4138/4295
f 4160/4317 4139/4296 4155/4312
f 4159/4316 4156/4313 4112/4263
f 4168/4327 4140/4297 4156/4313
f 4126/4280 4157/4314 3447/4328
f 4141/4298 4142/4299 4169/4329
f 4141/4298 3383/4330 4157/4314
f 4158/4315 4170/4331 4143/4300
f 4158/4315 4126/4280 4171/4332
f 4159/4316 4143/4300 4170/4331
f 4147/4304 4129/4283 4145/4302
f 4147/4304 4145/4302 4161/4318
f 4132/4286 4172/4333 4133/4288
f 4172/4333 4162/4319 4133/4288
f 4162/4319 4163/4320 4149/4306
f 4163/4320 4136/4291 4149/4306
f 4150/4307 4163/4320 4173/4334
f 3283/4321 4150/4307 4173/4334
f 4151/4308 1677/4322 4174/4335
f 4151/4308 4175/4336 4152/4309
f 4164/4323 4153/4310 4154/4311
f 4165/4324 4137/4294 4164/4323
f 4165/4324 4176/4337 4142/4299
f 4167/4326 4166/4325 4138/4295
f 4166/4325 4177/4338 4154/4311
f 4178/4339 4167/4326 4152/4309
f 4159/4316 4168/4327 4156/4313
f 3447/4328 4157/4314 3421/4340
f 4171/4332 4126/4280 3447/4328
f 4169/4329 4142/4299 4176/4337
f 4141/4298 4169/4329 4179/4341
f 4157/4314 3383/4330 3421/4340
f 4179/4341 3383/4330 4141/4298
f 4180/4342 4170/4331 4158/4315
f 4181/4343 4158/4315 4171/4332
f 4170/4331 4180/4342 4159/4316
f 4172/4333 4132/4286 4182/4344
f 4162/4319 4172/4333 4183/4345
f 4173/4334 4163/4320 4162/4319
f 3259/4346 3283/4321 4173/4334
f 4184/4347 4174/4335 1677/4322
f 4185/4348 4151/4308 4174/4335
f 4175/4336 4151/4308 4186/4349
f 4152/4309 4175/4336 4187/4350
f 4154/4311 4188/4351 4164/4323
f 4189/4352 4165/4324 4164/4323
f 4165/4324 4190/4353 4176/4337
f 4167/4326 4191/4354 4166/4325
f 4188/4351 4154/4311 4177/4338
f 4177/4338 4166/4325 4192/4355
f 4193/4356 4167/4326 4178/4339
f 4152/4309 4187/4350 4178/4339
f 4168/4327 4159/4316 4180/4342
f 4171/4332 3447/4328 3422/4357
f 4194/4358 4169/4329 4176/4337
f 3345/4359 4179/4341 4169/4329
f 3345/4359 3383/4330 4179/4341
f 4158/4315 4195/4360 4180/4342
f 4181/4343 4195/4360 4158/4315
f 4181/4343 4171/4332 3422/4357
f 4182/4344 4196/4361 4172/4333
f 4183/4345 4173/4334 4162/4319
f 4183/4345 4172/4333 4196/4361
f 3259/4346 4173/4334 4197/4362
f 4174/4335 4184/4347 4198/4363
f 1677/4322 1678/4364 4184/4347
f 4185/4348 4186/4349 4151/4308
f 4199/4365 4185/4348 4174/4335
f 4200/4366 4175/4336 4186/4349
f 4201/4367 4187/4350 4175/4336
f 4164/4323 4188/4351 4202/4368
f 4189/4352 4190/4353 4165/4324
f 4164/4323 4202/4368 4189/4352
f 4203/4369 4176/4337 4190/4353
f 4166/4325 4191/4354 4192/4355
f 4191/4354 4167/4326 4193/4356
f 4188/4351 4177/4338 4204/4370
f 4205/4371 4177/4338 4192/4355
f 4193/4356 4178/4339 4201/4367
f 4187/4350 4201/4367 4178/4339
f 4203/4369 4194/4358 4176/4337
f 4194/4358 3305/4372 4169/4329
f 4169/4329 3305/4372 3345/4359
f 4206/4373 4180/4342 4195/4360
f 4195/4360 4181/4343 4207/4374
f 4208/4375 4181/4343 3422/4357
f 4196/4361 4182/4344 3260/4376
f 4197/4362 4173/4334 4183/4345
f 4183/4345 4196/4361 4209/4377
f 3259/4346 4197/4362 3213/4378
f 4184/4347 4210/4379 4198/4363
f 4199/4365 4174/4335 4198/4363
f 4184/4347 1678/4364 4211/4380
f 4212/4381 4186/4349 4185/4348
f 4185/4348 4199/4365 4213/4382
f 4175/4336 4200/4366 4214/4383
f 4215/4384 4200/4366 4186/4349
f 4201/4367 4175/4336 4214/4383
f 4202/4368 4188/4351 4204/4370
f 4202/4368 4190/4353 4189/4352
f 4216/4385 4203/4369 4190/4353
f 4217/4386 4192/4355 4191/4354
f 4217/4386 4191/4354 4193/4356
f 4205/4371 4204/4370 4177/4338
f 4192/4355 4217/4386 4205/4371
f 4201/4367 4218/4387 4193/4356
f 3242/4388 4194/4358 4203/4369
f 3305/4372 4194/4358 3263/4389
f 4206/4373 4195/4360 4219/4390
f 4181/4343 4208/4375 4207/4374
f 4220/4391 4195/4360 4207/4374
f 4208/4375 3422/4357 3395/4392
f 3260/4376 4209/4377 4196/4361
f 3270/4393 3260/4376 4182/4344
f 4209/4377 4197/4362 4183/4345
f 4197/4362 3214/4394 3213/4378
f 4210/4379 4221/4395 4198/4363
f 4210/4379 4184/4347 4211/4380
f 4221/4395 4199/4365 4198/4363
f 990/4396 4211/4380 1678/4364
f 4215/4384 4186/4349 4212/4381
f 4185/4348 4213/4382 4212/4381
f 4222/4397 4213/4382 4199/4365
f 4200/4366 4215/4384 4214/4383
f 4223/4398 4201/4367 4214/4383
f 4224/4399 4202/4368 4204/4370
f 4190/4353 4202/4368 4224/4399
f 3242/4388 4203/4369 4216/4385
f 4190/4353 4224/4399 4216/4385
f 4218/4387 4217/4386 4193/4356
f 4225/4400 4204/4370 4205/4371
f 4217/4386 4226/4401 4205/4371
f 4227/4402 4218/4387 4201/4367
f 3242/4388 3263/4389 4194/4358
f 4220/4391 4219/4390 4195/4360
f 4219/4390 4228/4403 4206/4373
f 3395/4392 4207/4374 4208/4375
f 4220/4391 4207/4374 3373/4404
f 3215/4405 4209/4377 3260/4376
f 4182/4344 4229/4406 3270/4393
f 4209/4377 3214/4394 4197/4362
f 4210/4379 4230/4407 4221/4395
f 4211/4380 989/4408 4210/4379
f 4199/4365 4221/4395 4222/4397
f 989/4408 4211/4380 990/4396
f 4231/4409 4215/4384 4212/4381
f 4213/4382 4231/4409 4212/4381
f 4232/4410 4213/4382 4222/4397
f 4215/4384 4233/4411 4214/4383
f 4201/4367 4223/4398 4227/4402
f 4214/4383 4233/4411 4223/4398
f 4234/4412 4224/4399 4204/4370
f 3193/4413 3242/4388 4216/4385
f 4216/4385 4224/4399 4235/4414
f 4217/4386 4218/4387 4236/4415
f 4204/4370 4225/4400 4234/4412
f 4226/4401 4225/4400 4205/4371
f 4226/4401 4217/4386 4236/4415
f 4237/4416 4218/4387 4227/4402
f 4238/4417 4219/4390 4220/4391
f 4228/4403 4219/4390 4238/4417
f 4206/4373 4228/4403 4239/4418
f 3395/4392 3373/4404 4207/4374
f 3373/4404 3355/4419 4220/4391
f 3214/4394 4209/4377 3215/4405
f 4240/4420 4229/4406 4182/4344
f 4229/4406 3314/4421 3270/4393
f 978/4422 4230/4407 4210/4379
f 4221/4395 4230/4407 4222/4397
f 989/4408 978/4422 4210/4379
f 4231/4409 4233/4411 4215/4384
f 4231/4409 4213/4382 4232/4410
f 4222/4397 4241/4423 4232/4410
f 4223/4398 4237/4416 4227/4402
f 4242/4424 4223/4398 4233/4411
f 4224/4399 4234/4412 4235/4414
f 3171/4425 3193/4413 4216/4385
f 4216/4385 4235/4414 3171/4425
f 4236/4415 4218/4387 4237/4416
f 4234/4412 4225/4400 4243/4426
f 4226/4401 4244/4427 4225/4400
f 4236/4415 4244/4427 4226/4401
f 4238/4417 4220/4391 3355/4419
f 4228/4403 4238/4417 3355/4419
f 4228/4403 4245/4428 4239/4418
f 4239/4418 4240/4420 4206/4373
f 4229/4406 4240/4420 4239/4418
f 3314/4421 4229/4406 4239/4418
f 978/4422 964/4429 4230/4407
f 4241/4423 4222/4397 4230/4407
f 4246/4430 4233/4411 4231/4409
f 4232/4410 4246/4430 4231/4409
f 4241/4423 4246/4430 4232/4410
f 4242/4424 4237/4416 4223/4398
f 4246/4430 4242/4424 4233/4411
f 4234/4412 4243/4426 4235/4414
f 3171/4425 4235/4414 4247/4431
f 4248/4432 4236/4415 4237/4416
f 4243/4426 4225/4400 4244/4427
f 4248/4432 4244/4427 4236/4415
f 3334/4433 4228/4403 3355/4419
f 4245/4428 4228/4403 3334/4433
f 4239/4418 4245/4428 3314/4421
f 4230/4407 964/4429 4249/4434
f 4249/4434 4241/4423 4230/4407
f 4241/4423 3049/4435 4246/4430
f 4237/4416 4242/4424 4250/4436
f 4250/4436 4242/4424 4246/4430
f 4247/4431 4235/4414 4243/4426
f 4251/4437 3171/4425 4247/4431
f 4237/4416 4250/4436 4248/4432
f 4243/4426 4244/4427 4252/4438
f 4248/4432 4253/4439 4244/4427
f 3334/4433 3314/4421 4245/4428
f 4249/4434 964/4429 911/4440
f 4241/4423 4249/4434 3028/4441
f 3028/4441 3049/4435 4241/4423
f 3049/4435 3029/4442 4246/4430
f 4246/4430 3029/4442 4250/4436
f 4247/4431 4243/4426 4251/4437
f 3110/4443 3171/4425 4251/4437
f 4250/4436 4253/4439 4248/4432
f 4252/4438 4251/4437 4243/4426
f 4252/4438 4244/4427 4254/4444
f 4244/4427 4253/4439 4254/4444
f 3028/4441 4249/4434 911/4440
f 3027/4445 4250/4436 3029/4442
f 4251/4437 4252/4438 3110/4443
f 3027/4445 4253/4439 4250/4436
f 4254/4444 3088/4446 4252/4438
f 4254/4444 4253/4439 3008/4447
f 4252/4438 3088/4446 3110/4443
f 4253/4439 3027/4445 3008/4447
f 3088/4446 4254/4444 3008/4447
f 4255/4448 4256/4449 2263/4450
f 4257/4451 4256/4449 4255/4448
f 2275/4452 2263/4450 4256/4449
f 4255/4448 2263/4450 4258/4453
f 2275/4452 4256/4449 4257/4451
f 4257/4451 4255/4448 4259/4454
f 4260/4455 4258/4453 2263/4450
f 4255/4448 4258/4453 4261/4456
f 4257/4451 2284/4457 2275/4452
f 4259/4454 4255/4448 4261/4456
f 2293/4458 4257/4451 4259/4454
f 4258/4453 4260/4455 4262/4459
f 2244/4460 4260/4455 2263/4450
f 4261/4456 4258/4453 4263/4461
f 2293/4458 2284/4457 4257/4451
f 4261/4456 4263/4461 4259/4454
f 2293/4458 4259/4454 4264/4462
f 4265/4463 4262/4459 4260/4455
f 4266/4464 4258/4453 4262/4459
f 4260/4455 2244/4460 4265/4463
f 4267/4465 4263/4461 4258/4453
f 4263/4461 4264/4462 4259/4454
f 4264/4462 2302/4466 2293/4458
f 4268/4467 4262/4459 4265/4463
f 4266/4464 4262/4459 4269/4468
f 4266/4464 4270/4469 4258/4453
f 4265/4463 2244/4460 4271/4470
f 4272/4471 4263/4461 4267/4465
f 4273/4472 4267/4465 4258/4453
f 4272/4471 4264/4462 4263/4461
f 4272/4471 2302/4466 4264/4462
f 4265/4463 4274/4473 4268/4467
f 4268/4467 4275/4474 4262/4459
f 4275/4474 4269/4468 4262/4459
f 4266/4464 4269/4468 4276/4475
f 4270/4469 4266/4464 4277/4476
f 4258/4453 4270/4469 4273/4472
f 4271/4470 4278/4477 4265/4463
f 2235/4478 4271/4470 2244/4460
f 4279/4479 4272/4471 4267/4465
f 4279/4479 4267/4465 4273/4472
f 2302/4466 4272/4471 4280/4480
f 4278/4477 4274/4473 4265/4463
f 4268/4467 4274/4473 4281/4481
f 4275/4474 4268/4467 4281/4481
f 4282/4482 4269/4468 4275/4474
f 4276/4475 4269/4468 4282/4482
f 4283/4483 4266/4464 4276/4475
f 4277/4476 4284/4484 4270/4469
f 4277/4476 4266/4464 4285/4485
f 4270/4469 4279/4479 4273/4472
f 4271/4470 4286/4486 4278/4477
f 4286/4486 4271/4470 2235/4478
f 4272/4471 4279/4479 4280/4480
f 4280/4480 4287/4487 2302/4466
f 4274/4473 4278/4477 4288/4488
f 4274/4473 4289/4489 4281/4481
f 4281/4481 4290/4490 4275/4474
f 4291/4491 4282/4482 4275/4474
f 4282/4482 4292/4492 4276/4475
f 4293/4493 4266/4464 4283/4483
f 4294/4494 4283/4483 4276/4475
f 4295/4495 4284/4484 4277/4476
f 4270/4469 4284/4484 4296/4496
f 4266/4464 4297/4497 4285/4485
f 4285/4485 4298/4498 4277/4476
f 4270/4469 4299/4499 4279/4479
f 4286/4486 4300/4500 4278/4477
f 2214/4501 4286/4486 2235/4478
f 4279/4479 4301/4502 4280/4480
f 4302/4503 4287/4487 4280/4480
f 2305/4504 2302/4466 4287/4487
f 4278/4477 4303/4505 4288/4488
f 4274/4473 4288/4488 4289/4489
f 4281/4481 4289/4489 4304/4506
f 4281/4481 4305/4507 4290/4490
f 4291/4491 4275/4474 4290/4490
f 4291/4491 4292/4492 4282/4482
f 4276/4475 4292/4492 4306/4508
f 4293/4493 4297/4497 4266/4464
f 4293/4493 4283/4483 4307/4509
f 4294/4494 4276/4475 4308/4510
f 4294/4494 4309/4511 4283/4483
f 4277/4476 4298/4498 4295/4495
f 4295/4495 4310/4512 4284/4484
f 4311/4513 4296/4496 4284/4484
f 4296/4496 4299/4499 4270/4469
f 4312/4514 4285/4485 4297/4497
f 4285/4485 4313/4515 4298/4498
f 4301/4502 4279/4479 4299/4499
f 4300/4500 4286/4486 4314/4516
f 4278/4477 4300/4500 4303/4505
f 2214/4501 4314/4516 4286/4486
f 4299/4499 4280/4480 4301/4502
f 4287/4487 4302/4503 2305/4504
f 4302/4503 4280/4480 4299/4499
f 4315/4517 4288/4488 4303/4505
f 4288/4488 4315/4517 4289/4489
f 4316/4518 4304/4506 4289/4489
f 4304/4506 4305/4507 4281/4481
f 4317/4519 4290/4490 4305/4507
f 4317/4519 4291/4491 4290/4490
f 4292/4492 4291/4491 4318/4520
f 4319/4521 4276/4475 4306/4508
f 4306/4508 4292/4492 4318/4520
f 4312/4514 4297/4497 4293/4493
f 4320/4522 4293/4493 4307/4509
f 4283/4483 4321/4523 4307/4509
f 4276/4475 4319/4521 4308/4510
f 4308/4510 4309/4511 4294/4494
f 4283/4483 4309/4511 4322/4524
f 4323/4525 4295/4495 4298/4498
f 4284/4484 4310/4512 4311/4513
f 4295/4495 4323/4525 4310/4512
f 4310/4512 4296/4496 4311/4513
f 4296/4496 4302/4503 4299/4499
f 4285/4485 4312/4514 4313/4515
f 4313/4515 4324/4526 4298/4498
f 4314/4516 4325/4527 4300/4500
f 4326/4528 4303/4505 4300/4500
f 2214/4501 4327/4529 4314/4516
f 2299/4530 2305/4504 4302/4503
f 4328/4531 4315/4517 4303/4505
f 4315/4517 4316/4518 4289/4489
f 4329/4532 4304/4506 4316/4518
f 4305/4507 4304/4506 4330/4533
f 4330/4533 4317/4519 4305/4507
f 4291/4491 4317/4519 4331/4534
f 4318/4520 4291/4491 4331/4534
f 4319/4521 4306/4508 4332/4535
f 4331/4534 4306/4508 4318/4520
f 4312/4514 4293/4493 4320/4522
f 4321/4523 4320/4522 4307/4509
f 4321/4523 4283/4483 4333/4536
f 4319/4521 4334/4537 4308/4510
f 4309/4511 4308/4510 4335/4538
f 4336/4539 4322/4524 4309/4511
f 4322/4524 4337/4540 4283/4483
f 4324/4526 4323/4525 4298/4498
f 4338/4541 4310/4512 4323/4525
f 4296/4496 4310/4512 2299/4530
f 4302/4503 4296/4496 2299/4530
f 4320/4522 4313/4515 4312/4514
f 4313/4515 4339/4542 4324/4526
f 4327/4529 4325/4527 4314/4516
f 4325/4527 4326/4528 4300/4500
f 4326/4528 4328/4531 4303/4505
f 4327/4529 2214/4501 2226/4543
f 4315/4517 4328/4531 4316/4518
f 4316/4518 4340/4544 4329/4532
f 4304/4506 4329/4532 4330/4533
f 4341/4545 4317/4519 4330/4533
f 4331/4534 4317/4519 4342/4546
f 4306/4508 4343/4547 4332/4535
f 4334/4537 4319/4521 4332/4535
f 4331/4534 4344/4548 4306/4508
f 4320/4522 4321/4523 4345/4549
f 4333/4536 4345/4549 4321/4523
f 4333/4536 4283/4483 4346/4550
f 4347/4551 4308/4510 4334/4537
f 4335/4538 4308/4510 4347/4551
f 4348/4552 4309/4511 4335/4538
f 4322/4524 4336/4539 4349/4553
f 4350/4554 4336/4539 4309/4511
f 4337/4540 4346/4550 4283/4483
f 4337/4540 4322/4524 4351/4555
f 4324/4526 4352/4556 4323/4525
f 4310/4512 4338/4541 2296/4557
f 4323/4525 4352/4556 4338/4541
f 2299/4530 4310/4512 2296/4557
f 4320/4522 4353/4558 4313/4515
f 4339/4542 4313/4515 4353/4558
f 4352/4556 4324/4526 4339/4542
f 4327/4529 4326/4528 4325/4527
f 4326/4528 4354/4559 4328/4531
f 3597/4560 4327/4529 2226/4543
f 4328/4531 4355/4561 4316/4518
f 4340/4544 4316/4518 4356/4562
f 4340/4544 4357/4563 4329/4532
f 4341/4545 4330/4533 4329/4532
f 4342/4546 4317/4519 4341/4545
f 4344/4548 4331/4534 4342/4546
f 4306/4508 4358/4564 4343/4547
f 4343/4547 4359/4565 4332/4535
f 4359/4565 4334/4537 4332/4535
f 4344/4548 4358/4564 4306/4508
f 4320/4522 4345/4549 4360/4566
f 4361/4567 4345/4549 4333/4536
f 4333/4536 4346/4550 4361/4567
f 4347/4551 4334/4537 4362/4568
f 4347/4551 4363/4569 4335/4538
f 4309/4511 4348/4552 4350/4554
f 4364/4570 4348/4552 4335/4538
f 4365/4571 4349/4553 4336/4539
f 4366/4572 4322/4524 4349/4553
f 4367/4573 4336/4539 4350/4554
f 4351/4555 4346/4550 4337/4540
f 4351/4555 4322/4524 4368/4574
f 3487/4575 2296/4557 4338/4541
f 4369/4576 4338/4541 4352/4556
f 4353/4558 4320/4522 4360/4566
f 4353/4558 4370/4577 4339/4542
f 4370/4577 4352/4556 4339/4542
f 3597/4560 4326/4528 4327/4529
f 4328/4531 4354/4559 4355/4561
f 4326/4528 4371/4578 4354/4559
f 4316/4518 4355/4561 4356/4562
f 4356/4562 4372/4579 4340/4544
f 4329/4532 4357/4563 4373/4580
f 4340/4544 4372/4579 4357/4563
f 4329/4532 4373/4580 4341/4545
f 4374/4581 4342/4546 4341/4545
f 4344/4548 4342/4546 4375/4582
f 4376/4583 4343/4547 4358/4564
f 4377/4584 4359/4565 4343/4547
f 4359/4565 4362/4568 4334/4537
f 4344/4548 4375/4582 4358/4564
f 4378/4585 4360/4566 4345/4549
f 4379/4586 4345/4549 4361/4567
f 4361/4567 4346/4550 4380/4587
f 4347/4551 4362/4568 4381/4588
f 4382/4589 4363/4569 4347/4551
f 4335/4538 4363/4569 4383/4590
f 4364/4570 4350/4554 4348/4552
f 4335/4538 4383/4590 4364/4570
f 4336/4539 4367/4573 4365/4571
f 4384/4591 4349/4553 4365/4571
f 4322/4524 4366/4572 4368/4574
f 4349/4553 4384/4591 4366/4572
f 4367/4573 4350/4554 4364/4570
f 4351/4555 4380/4587 4346/4550
f 4368/4574 4385/4592 4351/4555
f 4338/4541 4386/4593 3487/4575
f 4369/4576 4352/4556 4370/4577
f 4369/4576 4386/4593 4338/4541
f 4387/4594 4353/4558 4360/4566
f 4353/4558 4387/4594 4370/4577
f 4326/4528 3597/4560 4371/4578
f 4355/4561 4354/4559 4356/4562
f 4388/4595 4354/4559 4371/4578
f 4372/4579 4356/4562 4389/4596
f 4373/4580 4357/4563 4390/4597
f 4372/4579 3588/4598 4357/4563
f 4341/4545 4373/4580 4391/4599
f 4341/4545 4391/4599 4374/4581
f 4375/4582 4342/4546 4374/4581
f 4377/4584 4343/4547 4376/4583
f 4358/4564 4375/4582 4376/4583
f 4377/4584 4392/4600 4359/4565
f 4362/4568 4359/4565 4392/4600
f 4378/4585 4393/4601 4360/4566
f 4345/4549 4379/4586 4378/4585
f 4380/4587 4379/4586 4361/4567
f 4362/4568 4394/4602 4381/4588
f 4381/4588 4395/4603 4347/4551
f 4396/4604 4363/4569 4382/4589
f 4347/4551 4395/4603 4382/4589
f 4383/4590 4363/4569 4396/4604
f 4383/4590 4397/4605 4364/4570
f 4367/4573 4398/4606 4365/4571
f 4365/4571 4398/4606 4384/4591
f 4399/4607 4368/4574 4366/4572
f 4400/4608 4366/4572 4384/4591
f 4397/4605 4367/4573 4364/4570
f 4385/4592 4380/4587 4351/4555
f 4385/4592 4368/4574 4399/4607
f 3485/4609 3487/4575 4386/4593
f 4386/4593 4369/4576 4370/4577
f 4387/4594 4360/4566 4393/4601
f 4387/4594 3485/4609 4370/4577
f 4371/4578 3597/4560 3576/4610
f 4356/4562 4354/4559 4388/4595
f 4371/4578 3587/4611 4388/4595
f 4372/4579 4389/4596 4401/4612
f 4388/4595 4389/4596 4356/4562
f 4390/4597 4357/4563 4402/4613
f 4390/4597 4391/4599 4373/4580
f 4357/4563 3588/4598 4402/4613
f 4401/4612 3588/4598 4372/4579
f 4374/4581 4391/4599 4403/4614
f 4374/4581 4376/4583 4375/4582
f 4376/4583 4404/4615 4377/4584
f 4405/4616 4392/4600 4377/4584
f 4394/4602 4362/4568 4392/4600
f 4393/4601 4378/4585 4406/4617
f 4378/4585 4379/4586 4407/4618
f 4380/4587 4408/4619 4379/4586
f 4381/4588 4394/4602 4409/4620
f 4395/4603 4381/4588 4410/4621
f 4411/4622 4396/4604 4382/4589
f 4395/4603 4412/4623 4382/4589
f 4396/4604 4413/4624 4383/4590
f 4383/4590 4414/4625 4397/4605
f 4398/4606 4367/4573 4415/4626
f 4400/4608 4384/4591 4398/4606
f 4416/4627 4399/4607 4366/4572
f 4366/4572 4400/4608 4416/4627
f 4367/4573 4397/4605 4417/4628
f 4380/4587 4385/4592 4408/4619
f 4418/4629 4385/4592 4399/4607
f 4386/4593 4370/4577 3485/4609
f 4419/4630 4387/4594 4393/4601
f 4387/4594 3484/4631 3485/4609
f 3587/4611 4371/4578 3576/4610
f 4388/4595 3587/4611 3575/4632
f 4389/4596 3577/4633 4401/4612
f 3575/4632 4389/4596 4388/4595
f 4420/4634 4390/4597 4402/4613
f 4391/4599 4390/4597 4421/4635
f 3588/4598 3583/4636 4402/4613
f 4401/4612 3577/4633 3588/4598
f 4374/4581 4403/4614 4422/4637
f 4423/4638 4403/4614 4391/4599
f 4422/4637 4376/4583 4374/4581
f 4405/4616 4377/4584 4404/4615
f 4404/4615 4376/4583 4422/4637
f 4394/4602 4392/4600 4405/4616
f 4424/4639 4406/4617 4378/4585
f 4406/4617 4419/4630 4393/4601
f 4424/4639 4378/4585 4407/4618
f 4407/4618 4379/4586 4408/4619
f 4409/4620 4410/4621 4381/4588
f 4409/4620 4394/4602 3673/4640
f 4412/4623 4395/4603 4410/4621
f 4382/4589 4412/4623 4411/4622
f 4411/4622 4425/4641 4396/4604
f 4425/4641 4413/4624 4396/4604
f 4414/4625 4383/4590 4413/4624
f 4397/4605 4414/4625 4426/4642
f 4398/4606 4415/4626 4427/4643
f 4415/4626 4367/4573 4417/4628
f 4400/4608 4398/4606 4428/4644
f 4399/4607 4416/4627 4429/4645
f 4400/4608 4430/4646 4416/4627
f 4397/4605 4431/4647 4417/4628
f 4408/4619 4385/4592 4407/4618
f 4385/4592 4418/4629 4407/4618
f 4399/4607 4424/4639 4418/4629
f 3484/4631 4387/4594 4419/4630
f 3565/4648 3577/4633 4389/4596
f 4389/4596 3575/4632 3565/4648
f 4390/4597 4420/4634 4421/4635
f 4432/4649 4420/4634 4402/4613
f 4421/4635 4423/4638 4391/4599
f 3583/4636 4433/4650 4402/4613
f 4422/4637 4403/4614 4423/4638
f 4405/4616 4404/4615 4434/4651
f 4422/4637 4434/4651 4404/4615
f 4405/4616 4435/4652 4394/4602
f 4406/4617 4424/4639 4429/4645
f 4436/4653 4419/4630 4406/4617
f 4407/4618 4418/4629 4424/4639
f 4409/4620 4437/4654 4410/4621
f 4394/4602 4438/4655 3673/4640
f 3673/4640 4437/4654 4409/4620
f 4412/4623 4410/4621 4437/4654
f 4411/4622 4412/4623 3727/4656
f 4425/4641 4411/4622 4439/4657
f 4413/4624 4425/4641 4440/4658
f 4440/4658 4414/4625 4413/4624
f 4426/4642 4414/4625 4440/4658
f 4397/4605 4426/4642 4431/4647
f 4415/4626 4441/4659 4427/4643
f 4428/4644 4398/4606 4427/4643
f 4417/4628 4441/4659 4415/4626
f 4430/4646 4400/4608 4428/4644
f 4429/4645 4416/4627 4442/4660
f 4429/4645 4424/4639 4399/4607
f 4442/4660 4416/4627 4430/4646
f 4431/4647 4443/4661 4417/4628
f 3484/4631 4419/4630 4444/4662
f 4421/4635 4420/4634 4445/4663
f 4433/4650 4432/4649 4402/4613
f 4420/4634 4432/4649 4445/4663
f 4446/4664 4423/4638 4421/4635
f 3583/4636 3568/4665 4433/4650
f 4422/4637 4423/4638 4447/4666
f 4405/4616 4434/4651 4435/4652
f 4422/4637 4447/4666 4434/4651
f 4394/4602 4435/4652 4448/4667
f 4406/4617 4429/4645 4436/4653
f 4449/4668 4419/4630 4436/4653
f 4394/4602 4448/4667 4438/4655
f 4438/4655 3652/4669 3673/4640
f 3673/4640 3683/4670 4437/4654
f 4412/4623 4437/4654 3683/4670
f 3727/4656 4412/4623 3683/4670
f 4439/4657 4411/4622 3727/4656
f 4425/4641 4439/4657 4450/4671
f 4450/4671 4440/4658 4425/4641
f 4440/4658 4451/4672 4426/4642
f 4452/4673 4431/4647 4426/4642
f 4427/4643 4441/4659 4453/4674
f 4427/4643 4454/4675 4428/4644
f 4417/4628 4443/4661 4441/4659
f 4455/4676 4430/4646 4428/4644
f 4429/4645 4442/4660 4436/4653
f 4442/4660 4430/4646 4436/4653
f 4456/4677 4443/4661 4431/4647
f 3484/4631 4444/4662 4457/4678
f 4419/4630 4449/4668 4444/4662
f 4421/4635 4445/4663 4446/4664
f 4432/4649 4433/4650 4458/4679
f 4459/4680 4445/4663 4432/4649
f 4447/4666 4423/4638 4446/4664
f 4433/4650 3568/4665 4458/4679
f 4435/4652 4434/4651 4460/4681
f 4447/4666 4460/4681 4434/4651
f 4435/4652 4461/4682 4448/4667
f 4449/4668 4436/4653 4455/4676
f 4438/4655 4448/4667 4462/4683
f 4438/4655 4463/4684 3652/4669
f 3756/4685 4439/4657 3727/4656
f 4439/4657 4464/4686 4450/4671
f 4440/4658 4450/4671 4451/4672
f 4426/4642 4451/4672 4452/4673
f 4465/4687 4431/4647 4452/4673
f 4466/4688 4453/4674 4441/4659
f 4453/4674 4454/4675 4427/4643
f 4428/4644 4454/4675 4455/4676
f 4441/4659 4443/4661 4466/4688
f 4436/4653 4430/4646 4455/4676
f 4431/4647 4465/4687 4456/4677
f 4467/4689 4443/4661 4456/4677
f 4468/4690 4457/4678 4444/4662
f 3484/4631 4457/4678 4469/4691
f 4470/4692 4444/4662 4449/4668
f 4471/4693 4446/4664 4445/4663
f 4458/4679 4459/4680 4432/4649
f 4459/4680 4471/4693 4445/4663
f 4446/4664 4471/4693 4447/4666
f 3568/4665 4459/4680 4458/4679
f 4435/4652 4460/4681 4461/4682
f 4461/4682 4460/4681 4447/4666
f 4461/4682 4472/4694 4448/4667
f 4473/4695 4449/4668 4455/4676
f 4472/4694 4462/4683 4448/4667
f 4463/4684 4438/4655 4462/4683
f 3652/4669 4463/4684 3619/4696
f 4439/4657 3756/4685 4474/4697
f 4474/4697 4464/4686 4439/4657
f 4451/4672 4450/4671 4464/4686
f 4475/4698 4452/4673 4451/4672
f 4475/4698 4465/4687 4452/4673
f 4476/4699 4453/4674 4466/4688
f 4477/4700 4454/4675 4453/4674
f 4455/4676 4454/4675 4473/4695
f 4467/4689 4466/4688 4443/4661
f 4456/4677 4465/4687 4478/4701
f 4467/4689 4456/4677 4479/4702
f 4470/4692 4468/4690 4444/4662
f 4457/4678 4468/4690 4480/4703
f 4480/4703 4469/4691 4457/4678
f 3484/4631 4469/4691 3483/4704
f 4470/4692 4449/4668 4473/4695
f 4471/4693 4459/4680 4481/4705
f 4482/4706 4447/4666 4471/4693
f 4459/4680 3568/4665 3570/4707
f 4447/4666 4482/4706 4461/4682
f 4461/4682 4483/4708 4472/4694
f 4472/4694 4484/4709 4462/4683
f 4462/4683 4485/4710 4463/4684
f 4485/4710 3619/4696 4463/4684
f 3793/4711 4474/4697 3756/4685
f 4464/4686 4474/4697 4486/4712
f 4486/4712 4451/4672 4464/4686
f 4451/4672 4487/4713 4475/4698
f 4475/4698 4488/4714 4465/4687
f 4453/4674 4476/4699 4477/4700
f 4476/4699 4466/4688 4467/4689
f 4477/4700 4473/4695 4454/4675
f 4478/4701 4489/4715 4456/4677
f 4478/4701 4465/4687 4490/4716
f 4456/4677 4491/4717 4479/4702
f 4492/4718 4467/4689 4479/4702
f 4468/4690 4470/4692 4477/4700
f 4480/4703 4468/4690 4493/4719
f 4494/4720 4469/4691 4480/4703
f 4495/4721 3483/4704 4469/4691
f 4473/4695 4477/4700 4470/4692
f 3570/4707 4481/4705 4459/4680
f 4481/4705 4483/4708 4471/4693
f 4471/4693 4496/4722 4482/4706
f 4482/4706 4483/4708 4461/4682
f 4483/4708 4484/4709 4472/4694
f 4462/4683 4484/4709 4485/4710
f 3619/4696 4485/4710 3610/4723
f 4474/4697 3793/4711 4497/4724
f 4497/4724 4486/4712 4474/4697
f 4451/4672 4486/4712 4498/4725
f 4499/4726 4475/4698 4487/4713
f 4487/4713 4451/4672 4498/4725
f 4475/4698 4500/4727 4488/4714
f 4490/4716 4465/4687 4488/4714
f 4476/4699 4501/4728 4477/4700
f 4492/4718 4476/4699 4467/4689
f 4489/4715 4491/4717 4456/4677
f 4502/4729 4489/4715 4478/4701
f 4478/4701 4490/4716 4503/4730
f 4491/4717 4492/4718 4479/4702
f 4504/4731 4468/4690 4477/4700
f 4468/4690 4504/4731 4493/4719
f 4494/4720 4480/4703 4493/4719
f 4469/4691 4494/4720 4495/4721
f 3483/4704 4495/4721 4505/4732
f 3570/4707 3592/4733 4481/4705
f 4496/4722 4471/4693 4483/4708
f 4506/4734 4483/4708 4481/4705
f 4482/4706 4496/4722 4483/4708
f 4484/4709 4483/4708 4506/4734
f 4484/4709 3610/4723 4485/4710
f 3792/4735 4497/4724 3793/4711
f 4486/4712 4497/4724 4507/4736
f 4507/4736 4498/4725 4486/4712
f 4500/4727 4475/4698 4499/4726
f 4499/4726 4487/4713 4508/4737
f 4498/4725 4508/4737 4487/4713
f 4509/4738 4488/4714 4500/4727
f 4510/4739 4490/4716 4488/4714
f 4493/4719 4477/4700 4501/4728
f 4476/4699 4511/4740 4501/4728
f 4476/4699 4492/4718 4511/4740
f 4491/4717 4489/4715 4512/4741
f 4489/4715 4502/4729 4512/4741
f 4502/4729 4478/4701 4513/4742
f 4503/4730 4514/4743 4478/4701
f 4503/4730 4490/4716 4515/4744
f 4491/4717 4511/4740 4492/4718
f 4504/4731 4477/4700 4493/4719
f 4493/4719 4516/4745 4494/4720
f 4494/4720 4517/4746 4495/4721
f 4518/4747 3483/4704 4505/4732
f 4505/4732 4495/4721 4519/4748
f 3592/4733 4506/4734 4481/4705
f 4484/4709 4506/4734 3610/4723
f 4497/4724 3792/4735 4507/4736
f 4498/4725 4507/4736 3822/4749
f 4500/4727 4499/4726 4520/4750
f 4508/4737 4521/4751 4499/4726
f 4508/4737 4498/4725 3822/4749
f 4510/4739 4488/4714 4509/4738
f 4509/4738 4500/4727 4520/4750
f 4515/4744 4490/4716 4510/4739
f 4493/4719 4501/4728 4516/4745
f 4501/4728 4511/4740 4522/4752
f 4512/4741 4511/4740 4491/4717
f 4502/4729 4523/4753 4512/4741
f 4478/4701 4514/4743 4513/4742
f 4524/4754 4502/4729 4513/4742
f 4515/4744 4514/4743 4503/4730
f 4517/4746 4494/4720 4516/4745
f 4495/4721 4517/4746 4522/4752
f 4518/4747 3458/4755 3483/4704
f 4518/4747 4505/4732 4525/4756
f 4519/4748 4525/4756 4505/4732
f 4522/4752 4519/4748 4495/4721
f 4506/4734 3592/4733 3610/4723
f 4507/4736 3792/4735 3822/4749
f 4521/4751 4520/4750 4499/4726
f 4521/4751 4508/4737 4526/4757
f 4508/4737 3822/4749 3837/4758
f 4510/4739 4509/4738 4527/4759
f 4520/4750 4528/4760 4509/4738
f 4529/4761 4515/4744 4510/4739
f 4517/4746 4516/4745 4501/4728
f 4522/4752 4511/4740 4530/4762
f 4517/4746 4501/4728 4522/4752
f 4531/4763 4511/4740 4512/4741
f 4502/4729 4524/4754 4523/4753
f 4512/4741 4523/4753 4532/4764
f 4513/4742 4514/4743 4533/4765
f 4534/4766 4524/4754 4513/4742
f 4535/4767 4514/4743 4515/4744
f 4536/4768 3458/4755 4518/4747
f 4518/4747 4525/4756 4536/4768
f 4537/4769 4525/4756 4519/4748
f 4519/4748 4522/4752 4530/4762
f 4521/4751 4538/4770 4520/4750
f 3837/4758 4526/4757 4508/4737
f 4538/4770 4521/4751 4526/4757
f 4539/4771 4527/4759 4509/4738
f 4527/4759 4529/4761 4510/4739
f 4528/4760 4539/4771 4509/4738
f 4540/4772 4528/4760 4520/4750
f 4515/4744 4529/4761 4541/4773
f 4511/4740 4542/4774 4530/4762
f 4532/4764 4531/4763 4512/4741
f 4531/4763 4542/4774 4511/4740
f 4523/4753 4524/4754 4543/4775
f 4532/4764 4523/4753 4544/4776
f 4535/4767 4533/4765 4514/4743
f 4533/4765 4534/4766 4513/4742
f 4524/4754 4534/4766 4543/4775
f 4541/4773 4535/4767 4515/4744
f 3458/4755 4536/4768 4545/4777
f 4536/4768 4525/4756 4546/4778
f 4537/4769 4547/4779 4525/4756
f 4530/4762 4537/4769 4519/4748
f 4520/4750 4538/4770 4540/4772
f 3870/4780 4526/4757 3837/4758
f 4548/4781 4538/4770 4526/4757
f 4527/4759 4539/4771 4549/4782
f 4549/4782 4529/4761 4527/4759
f 4528/4760 4550/4783 4539/4771
f 4528/4760 4540/4772 4551/4784
f 4529/4761 4552/4785 4541/4773
f 4542/4774 4537/4769 4530/4762
f 4531/4763 4532/4764 4542/4774
f 4523/4753 4543/4775 4544/4776
f 4532/4764 4544/4776 4553/4786
f 4533/4765 4535/4767 4554/4787
f 4534/4766 4533/4765 4555/4788
f 4534/4766 4556/4789 4543/4775
f 4557/4790 4535/4767 4541/4773
f 4545/4777 3446/4791 3458/4755
f 4545/4777 4536/4768 3465/4792
f 4546/4778 3465/4792 4536/4768
f 4525/4756 4547/4779 4546/4778
f 4542/4774 4547/4779 4537/4769
f 4540/4772 4538/4770 4558/4793
f 3870/4780 4548/4781 4526/4757
f 4548/4781 4558/4793 4538/4770
f 4549/4782 4539/4771 4559/4794
f 4552/4785 4529/4761 4549/4782
f 4550/4783 4528/4760 4551/4784
f 4559/4794 4539/4771 4550/4783
f 4540/4772 4560/4795 4551/4784
f 4561/4796 4541/4773 4552/4785
f 4542/4774 4532/4764 4547/4779
f 4544/4776 4543/4775 4556/4789
f 4547/4779 4532/4764 4553/4786
f 4553/4786 4544/4776 3465/4792
f 4535/4767 4557/4790 4554/4787
f 4554/4787 3480/4797 4533/4765
f 4562/4798 4534/4766 4555/4788
f 4533/4765 3480/4797 4555/4788
f 4556/4789 4534/4766 4562/4798
f 4557/4790 4541/4773 4561/4796
f 3465/4792 3446/4791 4545/4777
f 3465/4792 4546/4778 4553/4786
f 4546/4778 4547/4779 4553/4786
f 4560/4795 4540/4772 4558/4793
f 3911/4799 4548/4781 3870/4780
f 4558/4793 4548/4781 4563/4800
f 4559/4794 4564/4801 4549/4782
f 4549/4782 4561/4796 4552/4785
f 4565/4802 4550/4783 4551/4784
f 4550/4783 4565/4802 4559/4794
f 4560/4795 4566/4803 4551/4784
f 4556/4789 3477/4804 4544/4776
f 4544/4776 4567/4805 3465/4792
f 4568/4806 4554/4787 4557/4790
f 4568/4806 3480/4797 4554/4787
f 4555/4788 3461/4807 4562/4798
f 3480/4797 3468/4808 4555/4788
f 4556/4789 4562/4798 3479/4809
f 4557/4790 4561/4796 4568/4806
f 4560/4795 4558/4793 4563/4800
f 4548/4781 3911/4799 4563/4800
f 3476/4810 4564/4801 4559/4794
f 4564/4801 3476/4810 4549/4782
f 3476/4810 4561/4796 4549/4782
f 4551/4784 4566/4803 4565/4802
f 4565/4802 3986/4811 4559/4794
f 4560/4795 3939/4812 4566/4803
f 3479/4809 3477/4804 4556/4789
f 4544/4776 3477/4804 4567/4805
f 3465/4792 4567/4805 3463/4813
f 3480/4797 4568/4806 3475/4814
f 3468/4808 3461/4807 4555/4788
f 4562/4798 3461/4807 3479/4809
f 4568/4806 4561/4796 3481/4815
f 3939/4812 4560/4795 4563/4800
f 4563/4800 3911/4799 3939/4812
f 3476/4810 4559/4794 3452/4816
f 3476/4810 3481/4815 4561/4796
f 4566/4803 3986/4811 4565/4802
f 3986/4811 3426/4817 4559/4794
f 3986/4811 4566/4803 3939/4812
f 4567/4805 3477/4804 3472/4818
f 3463/4813 4567/4805 3472/4818
f 3481/4815 3475/4814 4568/4806
f 3426/4817 3452/4816 4559/4794
f 4569/4819 4570/4820 1828/4821
f 1743/4822 4570/4820 4569/4819
f 4570/4820 1826/4823 1828/4821
f 1828/4821 1793/4824 4569/4819
f 1726/4825 1743/4822 4569/4819
f 1743/4822 168/4826 4570/4820
f 4570/4820 1857/4827 1826/4823
f 1793/4824 1744/4828 4569/4819
f 4569/4819 1744/4828 1726/4825
f 1743/4822 1726/4825 1699/4829
f 143/4830 168/4826 1743/4822
f 4570/4820 168/4826 4571/4831
f 4571/4831 1857/4827 4570/4820
f 92/4832 168/4826 143/4830
f 1743/4822 1702/4833 143/4830
f 4571/4831 168/4826 4572/4834
f 1827/4835 1857/4827 4571/4831
f 4571/4831 4572/4834 1858/4836
f 1827/4835 4571/4831 1858/4836
f 4573/4837 4574/4838 4575/4839
f 4574/4838 4573/4837 4576/4840
f 4577/4841 4575/4839 4574/4838
f 4575/4839 4578/4842 4573/4837
f 4573/4837 4579/4843 4576/4840
f 4576/4840 4580/4844 4574/4838
f 1/4845 4575/4839 4577/4841
f 4577/4841 4574/4838 4580/4844
f 4581/4846 4578/4842 4575/4839
f 4582/4847 4573/4837 4578/4842
f 4573/4837 4582/4847 4579/4843
f 4576/4840 4579/4843 4582/4847
f 4583/4848 4580/4844 4576/4840
f 1/4845 4145/4849 4575/4839
f 4577/4841 4071/4850 1/4845
f 4580/4844 4583/4848 4577/4841
f 4584/4851 4578/4842 4581/4846
f 4575/4839 4145/4849 4581/4846
f 4585/4852 4582/4847 4578/4842
f 4582/4847 4586/4853 4576/4840
f 4036/4854 4583/4848 4576/4840
f 4145/4849 1/4845 4161/4855
f 4071/4850 4577/4841 4587/4856
f 4577/4841 4583/4848 4587/4856
f 4588/4857 4578/4842 4584/4851
f 4589/4858 4584/4851 4581/4846
f 4581/4846 4145/4849 4590/4859
f 4585/4852 4591/4860 4582/4847
f 4585/4852 4578/4842 4588/4857
f 4591/4860 4586/4853 4582/4847
f 4576/4840 4586/4853 4592/4861
f 4583/4848 4036/4854 4070/4862
f 4576/4840 4069/4863 4036/4854
f 3/4864 4161/4855 1/4845
f 4071/4850 4587/4856 4070/4862
f 4070/4862 4587/4856 4583/4848
f 4589/4858 4581/4846 4590/4859
f 4590/4859 4145/4849 4098/4865
f 4591/4860 4585/4852 4593/4866
f 4593/4866 4585/4852 4588/4857
f 4591/4860 4144/4867 4586/4853
f 4594/4868 4592/4861 4586/4853
f 4592/4861 4069/4863 4576/4840
f 4595/4869 4161/4855 3/4864
f 4589/4858 4590/4859 4098/4865
f 4097/4870 4591/4860 4593/4866
f 4593/4866 4588/4857 4045/4871
f 4097/4870 4144/4867 4591/4860
f 4586/4853 4144/4867 4596/4872
f 4594/4868 4597/4873 4592/4861
f 4596/4872 4594/4868 4586/4853
f 4069/4863 4592/4861 4597/4873
f 2/4874 4595/4869 3/4864
f 4161/4855 4595/4869 4131/4875
f 4593/4866 4061/4876 4097/4870
f 4593/4866 4045/4871 4061/4876
f 4596/4872 4144/4867 4160/4877
f 4597/4873 4594/4868 4598/4878
f 4594/4868 4596/4872 4599/4879
f 4069/4863 4597/4873 4600/4880
f 2/4874 4131/4875 4595/4869
f 4596/4872 4160/4877 4155/4881
f 4598/4878 4600/4880 4597/4873
f 4598/4878 4594/4868 4601/4882
f 4596/4872 4155/4881 4599/4879
f 4599/4879 4601/4882 4594/4868
f 4602/4883 4069/4863 4600/4880
f 4603/4884 4600/4880 4598/4878
f 4601/4882 4604/4885 4598/4878
f 4155/4881 4140/4886 4599/4879
f 4599/4879 4140/4886 4601/4882
f 4602/4883 4102/4887 4069/4863
f 4602/4883 4600/4880 4605/4888
f 4606/4889 4603/4884 4598/4878
f 4600/4880 4603/4884 4605/4888
f 4604/4885 4601/4882 4140/4886
f 4604/4885 4606/4889 4598/4878
f 4102/4887 4602/4883 4132/4890
f 4605/4888 4132/4890 4602/4883
f 4606/4889 4607/4891 4603/4884
f 4605/4888 4603/4884 4240/4892
f 4168/4893 4604/4885 4140/4886
f 4606/4889 4604/4885 4168/4893
f 4608/4894 4132/4890 4605/4888
f 4609/4895 4607/4891 4606/4889
f 4240/4892 4603/4884 4607/4891
f 4608/4894 4605/4888 4240/4892
f 4606/4889 4168/4893 4609/4895
f 4608/4894 4182/4896 4132/4890
f 4610/4897 4607/4891 4609/4895
f 4607/4891 4206/4898 4240/4892
f 4182/4896 4608/4894 4240/4892
f 4180/4899 4609/4895 4168/4893
f 4180/4899 4610/4897 4609/4895
f 4206/4898 4607/4891 4610/4897
f 4206/4898 4610/4897 4180/4899
f 4611/4900 638/4901 4612/4902
f 638/4901 4611/4900 537/4903
f 638/4901 4613/4904 4612/4902
f 4611/4900 4612/4902 4614/4905
f 537/4903 4611/4900 4615/4906
f 638/4901 713/4907 4613/4904
f 4613/4904 4616/4908 4612/4902
f 4614/4905 4612/4902 4616/4908
f 4611/4900 4614/4905 4615/4906
f 4615/4906 474/4909 537/4903
f 4617/4910 4613/4904 713/4907
f 4613/4904 4618/4911 4616/4908
f 4616/4908 4619/4912 4614/4905
f 4614/4905 2308/4913 4615/4906
f 4615/4906 4620/4914 474/4909
f 4618/4911 4613/4904 4617/4910
f 2383/4915 4617/4910 713/4907
f 4619/4912 4616/4908 4618/4911
f 4614/4905 4619/4912 4621/4916
f 4614/4905 4621/4916 2308/4913
f 4615/4906 2308/4913 2310/4917
f 4615/4906 2310/4917 4620/4914
f 2383/4915 4618/4911 4617/4910
f 4622/4918 4619/4912 4618/4911
f 4623/4919 4621/4916 4619/4912
f 4621/4916 4623/4919 2308/4913
f 4624/4920 4620/4914 2310/4917
f 2383/4915 2359/4921 4618/4911
f 2359/4921 4622/4918 4618/4911
f 4625/4922 4619/4912 4622/4918
f 4619/4912 4625/4922 4623/4919
f 4623/4919 2311/4923 2308/4913
f 4626/4924 4620/4914 4624/4920
f 2341/4925 4622/4918 2359/4921
f 4622/4918 2341/4925 4625/4922
f 2311/4923 4623/4919 4625/4922
f 4625/4922 2341/4925 2328/4926
f 2328/4926 2311/4923 4625/4922
f 4627/4927 4628/4928 908/4929
f 4629/4930 4628/4928 4627/4927
f 4628/4928 881/4931 908/4929
f 4627/4927 4630/4932 4629/4930
f 4628/4928 4629/4930 4631/4933
f 881/4931 4628/4928 882/4934
f 4632/4935 4630/4932 4627/4927
f 4630/4932 4633/4936 4629/4930
f 4629/4930 4634/4937 4631/4933
f 882/4934 4628/4928 4631/4933
f 4632/4935 4633/4936 4630/4932
f 4634/4937 4629/4930 4633/4936
f 4631/4933 4634/4937 883/4938
f 883/4938 882/4934 4631/4933
f 4633/4936 4632/4935 4635/4939
f 4634/4937 4633/4936 4636/4940
f 945/4941 883/4938 4634/4937
f 4637/4942 4633/4936 4635/4939
f 4638/4943 4635/4939 4632/4935
f 4637/4942 4636/4940 4633/4936
f 4634/4937 4636/4940 2558/4944
f 945/4941 4634/4937 2558/4944
f 4639/4945 4637/4942 4635/4939
f 4638/4943 4640/4946 4635/4939
f 4639/4945 4636/4940 4637/4942
f 2558/4944 4636/4940 2587/4947
f 2558/4944 973/4948 945/4941
f 4641/4949 4639/4945 4635/4939
f 4641/4949 4635/4939 4640/4946
f 4636/4940 4639/4945 4642/4950
f 4636/4940 4643/4951 2587/4947
f 4644/4952 4639/4945 4641/4949
f 4641/4949 4640/4946 4644/4952
f 4642/4950 4639/4945 4644/4952
f 4636/4940 4642/4950 4643/4951
f 4643/4951 4645/4953 2587/4947
f 4644/4952 4640/4946 4646/4954
f 4647/4955 4642/4950 4644/4952
f 4648/4956 4643/4951 4642/4950
f 4645/4953 4643/4951 4648/4956
f 4649/4957 2587/4947 4645/4953
f 4646/4954 4647/4955 4644/4952
f 4647/4955 4648/4956 4642/4950
f 4645/4953 4648/4956 4650/4958
f 4649/4957 2532/4959 2587/4947
f 4649/4957 4645/4953 4651/4960
f 4647/4955 4646/4954 4650/4958
f 4648/4956 4647/4955 4650/4958
f 4652/4961 4645/4953 4650/4958
f 4653/4962 2532/4959 4649/4957
f 4651/4960 4653/4962 4649/4957
f 4652/4961 4651/4960 4645/4953
f 4646/4954 4654/4963 4650/4958
f 4650/4958 4654/4963 4652/4961
f 2502/4964 2532/4959 4653/4962
f 4653/4962 4651/4960 4655/4965
f 4652/4961 4654/4963 4651/4960
f 4656/4966 4654/4963 4646/4954
f 2502/4964 4653/4962 4657/4967
f 4651/4960 4658/4968 4655/4965
f 4657/4967 4653/4962 4655/4965
f 4658/4968 4651/4960 4654/4963
f 4659/4969 4654/4963 4656/4966
f 4657/4967 4660/4970 2502/4964
f 4661/4971 4655/4965 4658/4968
f 4662/4972 4657/4967 4655/4965
f 4654/4963 4661/4971 4658/4968
f 4654/4963 4659/4969 4661/4971
f 4624/4973 4659/4969 4656/4966
f 4663/4974 4660/4970 4657/4967
f 2482/4975 2502/4964 4660/4970
f 4655/4965 4661/4971 4662/4972
f 4662/4972 4659/4969 4657/4967
f 4661/4971 4659/4969 4662/4972
f 4659/4969 4624/4973 4664/4976
f 2482/4975 4660/4970 4663/4974
f 4665/4977 4663/4974 4657/4967
f 4657/4967 4659/4969 4665/4977
f 4659/4969 4664/4976 4666/4978
f 4663/4974 4667/4979 2482/4975
f 4663/4974 4665/4977 4668/4980
f 4665/4977 4659/4969 4668/4980
f 4666/4978 4664/4976 4669/4981
f 4668/4980 4659/4969 4666/4978
f 4670/4982 4667/4979 4663/4974
f 4666/4978 4663/4974 4668/4980
f 4666/4978 4669/4981 4670/4982
f 4667/4979 4670/4982 4669/4981
f 4670/4982 4663/4974 4666/4978
f 600/4983 474/4984 4626/4985
f 4671/4986 1825/4987 4672/4988
f 1825/4987 4671/4986 1854/4989
f 1825/4987 1856/4990 4672/4988
f 4671/4986 4672/4988 4673/4991
f 1854/4989 4671/4986 4673/4991
f 4672/4988 1856/4990 4674/4992
f 4672/4988 4675/4993 4673/4991
f 4673/4991 1892/4994 1854/4989
f 4672/4988 4674/4992 4676/4995
f 1856/4990 4677/4996 4674/4992
f 4673/4991 4675/4993 4678/4997
f 4676/4995 4675/4993 4672/4988
f 4678/4997 1892/4994 4673/4991
f 4674/4992 4679/4998 4676/4995
f 4677/4996 4679/4998 4674/4992
f 4677/4996 1856/4990 1917/4999
f 4680/5000 4678/4997 4675/4993
f 4676/4995 4681/5001 4675/4993
f 1892/4994 4678/4997 4682/5002
f 4679/4998 4683/5003 4676/4995
f 1894/5004 4679/4998 4677/4996
f 4677/4996 1917/4999 1894/5004
f 4684/5005 4678/4997 4680/5000
f 4680/5000 4675/4993 4681/5001
f 4676/4995 4683/5003 4681/5001
f 1892/4994 4682/5002 849/5006
f 4684/5005 4682/5002 4678/4997
f 4683/5003 4679/4998 4685/5007
f 4679/4998 1894/5004 4686/5008
f 4680/5000 4687/5009 4684/5005
f 4680/5000 4681/5001 4688/5010
f 4689/5011 4681/5001 4683/5003
f 4682/5002 743/5012 849/5006
f 4682/5002 4684/5005 4690/5013
f 4679/4998 196/5014 4685/5007
f 4685/5007 4691/5015 4683/5003
f 4686/5008 1894/5004 1859/5016
f 4686/5008 168/5017 4679/4998
f 4687/5009 4680/5000 4692/5018
f 4690/5013 4684/5005 4687/5009
f 4689/5011 4688/5010 4681/5001
f 4688/5010 4692/5018 4680/5000
f 4683/5003 4691/5015 4689/5011
f 4693/5019 743/5012 4682/5002
f 4694/5020 4682/5002 4690/5013
f 4679/4998 168/5017 196/5014
f 4685/5007 196/5014 4695/5021
f 4685/5007 4692/5018 4691/5015
f 4686/5008 1859/5016 1792/5022
f 4572/5023 168/5017 4686/5008
f 4696/5024 4687/5009 4692/5018
f 4696/5024 4690/5013 4687/5009
f 4689/5011 4691/5015 4688/5010
f 4692/5018 4688/5010 4691/5015
f 4693/5019 662/5025 743/5012
f 4694/5020 4693/5019 4682/5002
f 4690/5013 4697/5026 4694/5020
f 196/5014 342/5027 4695/5021
f 4695/5021 342/5027 4685/5007
f 4698/5028 4692/5018 4685/5007
f 4686/5008 1792/5022 4572/5023
f 4696/5024 4692/5018 4698/5028
f 4697/5026 4690/5013 4696/5024
f 662/5025 4693/5019 4694/5020
f 4694/5020 4697/5026 4699/5029
f 4700/5030 4685/5007 342/5027
f 4700/5030 4698/5028 4685/5007
f 1858/5031 4572/5023 1792/5022
f 4698/5028 4701/5032 4696/5024
f 4696/5024 4702/5033 4697/5026
f 662/5025 4694/5020 4699/5029
f 593/5034 4699/5029 4697/5026
f 4700/5030 342/5027 404/5035
f 4701/5032 4698/5028 4700/5030
f 4702/5033 4696/5024 4701/5032
f 559/5036 4697/5026 4702/5033
f 662/5025 4699/5029 593/5034
f 4697/5026 559/5036 593/5034
f 4701/5032 4700/5030 404/5035
f 4701/5032 4703/5037 4702/5033
f 498/5038 559/5036 4702/5033
f 4701/5032 404/5035 432/5039
f 432/5039 4703/5037 4701/5032
f 4703/5037 498/5038 4702/5033
f 498/5038 4703/5037 432/5039
f 4627/5040 908/5041 853/5042
f 672/5043 4627/5040 853/5042
f 853/5042 708/5044 672/5043
f 4632/5045 4627/5040 672/5043
f 4632/5045 672/5043 4638/5046
f 4704/5047 4638/5046 672/5043
f 4640/5048 4638/5046 4704/5047
f 672/5043 569/5049 4704/5047
f 4646/5050 4640/5048 4704/5047
f 569/5049 600/5051 4704/5047
f 4704/5047 4624/5052 4646/5050
f 4704/5047 600/5051 4626/5053
f 4626/5053 4624/5052 4704/5047
f 4656/5054 4646/5050 4624/5052
f 4705/5055 1774/5056 1728/5057
f 1774/5056 4705/5055 1888/5058
f 1815/5059 1888/5058 4705/5055
f 1758/5060 1815/5059 4705/5055
f 1815/5059 1850/5061 1888/5058
f 4705/5055 1759/5062 1758/5060
f 1759/5062 4705/5055 1717/5063
f 1690/5064 1717/5063 4705/5055
f 4706/5065 4707/5066 4708/5067
f 4707/5066 4706/5065 4709/5068
f 4708/5067 4707/5066 4710/5069
f 3971/5070 4706/5065 4708/5067
f 4709/5068 4706/5065 4584/5071
f 4711/5072 4707/5066 4709/5068
f 4711/5072 4710/5069 4707/5066
f 4710/5069 3971/5070 4708/5067
f 4706/5065 3971/5070 3970/5073
f 4712/5074 4584/5071 4706/5065
f 4589/5075 4709/5068 4584/5071
f 4711/5072 4709/5068 4713/5076
f 4710/5069 4711/5072 4713/5076
f 3991/5077 3971/5070 4710/5069
f 3970/5073 4714/5078 4706/5065
f 4714/5078 4712/5074 4706/5065
f 4584/5071 4712/5074 4588/5079
f 4715/5080 4709/5068 4589/5075
f 4713/5076 4709/5068 4716/5081
f 4717/5082 4710/5069 4713/5076
f 4717/5082 3991/5077 4710/5069
f 3970/5073 4718/5083 4714/5078
f 4712/5074 4714/5078 4719/5084
f 4588/5079 4712/5074 4720/5085
f 4715/5080 4716/5081 4709/5068
f 4715/5080 4589/5075 4098/5086
f 4713/5076 4716/5081 4721/5087
f 4722/5088 4717/5082 4713/5076
f 3991/5077 4717/5082 4723/5089
f 4718/5083 3970/5073 3989/5090
f 4719/5084 4714/5078 4718/5083
f 4720/5085 4712/5074 4719/5084
f 4045/5091 4588/5079 4720/5085
f 4715/5080 4721/5087 4716/5081
f 4098/5086 4081/5092 4715/5080
f 4721/5087 4722/5088 4713/5076
f 4717/5082 4722/5088 4723/5089
f 4723/5089 4029/5093 3991/5077
f 4718/5083 3989/5090 4724/5094
f 4718/5083 4725/5095 4719/5084
f 4720/5085 4719/5084 4726/5096
f 4720/5085 4726/5096 4045/5091
f 4727/5097 4721/5087 4715/5080
f 4727/5097 4715/5080 4081/5092
f 4722/5088 4721/5087 4727/5097
f 4722/5088 4029/5093 4723/5089
f 4725/5095 4718/5083 4724/5094
f 4724/5094 3989/5090 4007/5098
f 4726/5096 4719/5084 4725/5095
f 4045/5091 4726/5096 4010/5099
f 4081/5092 4722/5088 4727/5097
f 4081/5092 4029/5093 4722/5088
f 4724/5094 4728/5100 4725/5095
f 4007/5098 4728/5100 4724/5094
f 4010/5099 4726/5096 4725/5095
f 4010/5099 4725/5095 4728/5100
f 4728/5100 4007/5098 3987/5101
f 3987/5101 4010/5099 4728/5100
f 1690/5102 1728/5103 1642/5104
f 4624/5105 2310/5106 2316/5107
f 4624/5105 2316/5107 4729/5108
f 4729/5108 4664/5109 4624/5105
f 4669/5110 4664/5109 4729/5108
f 4730/5111 4669/5110 4729/5108
f 4626/5112 474/5113 4620/5114
f 4667/5115 4731/5116 4732/5117
f 4731/5116 4667/5115 4669/5118
f 4732/5117 4731/5116 4733/5119
f 2482/5120 4667/5115 4732/5117
f 4730/5121 4731/5116 4669/5118
f 4734/5122 4733/5119 4731/5116
f 4733/5119 2405/5123 4732/5117
f 2405/5123 2482/5120 4732/5117
f 4731/5116 4730/5121 4734/5122
f 4735/5124 4733/5119 4734/5122
f 2405/5123 4733/5119 2379/5125
f 4735/5124 4734/5122 4730/5121
f 2391/5126 4733/5119 4735/5124
f 4733/5119 2391/5126 2379/5125
f 4729/5127 4735/5124 4730/5121
f 4735/5124 2382/5128 2391/5126
f 2382/5128 4735/5124 4729/5127
f 2321/5129 2348/5130 2316/5131
f 2316/5131 2348/5130 4729/5132
f 2348/5133 2382/5134 4729/5135
f 601/5136 751/5137 635/5138
f 1690/5139 4705/5140 1728/5141
f 1718/5142 1759/5143 1717/5144
f 1717/5144 1691/5145 1718/5142
f 1691/5145 1717/5144 1631/5146
f 852/5147 709/5148 635/5149
